observation_id,case_id,case_layer,scenario_family,text_domain,operation,ecosystem,runtime_version,api_id,api_class,mapping_granularity,backend_family,backend_version,unicode_version,cldr_version,icu_version,libc_version,platform,locale_requested,locale_effective,input_escaped,input_codepoints,second_input_escaped,second_input_codepoints,expected_standard,expected_contract,expected_application,actual_escaped,actual_codepoints,actual_relation,exit_code,exception,stderr,duration_ms,standards_oracle_status,api_contract_status,application_oracle_status,final_outcome
OBS0001,CDM01,application_scenario,F1_linguistic_tailored_mapping,linguistic_user_text,lower,C,gcc (Ubuntu 15.2.0-16ubuntu1) 15.2.0,icu_locale,explicit_locale_aware,full_string,icu_direct_or_bundled,78.2,,,78.2,,Linux-7.0.0-28-generic-x86_64-with-glibc2.43,tr-TR,tr-TR,I,U+0049,,,ı,ı,ı,\u{0131},U+0131,,0,,,3.526,conformant,conformant,correct,application_correct
OBS0002,CDM01,application_scenario,F1_linguistic_tailored_mapping,linguistic_user_text,lower,C,gcc (Ubuntu 15.2.0-16ubuntu1) 15.2.0,icu_root,invariant_root,full_string,icu_direct_or_bundled,78.2,,,78.2,,Linux-7.0.0-28-generic-x86_64-with-glibc2.43,tr-TR,root,I,U+0049,,,i,i,ı,i,U+0069,,0,,,2.938,conformant,conformant,cdm_hazard,cdm_hazard
OBS0003,CDM01,application_scenario,F1_linguistic_tailored_mapping,linguistic_user_text,lower,DotNet,10.0.110,explicit_culture,explicit_locale_aware,full_string,dotnet_globalization,10.0.110,,,78.2,,Linux-7.0.0-28-generic-x86_64-with-glibc2.43,tr-TR,tr-TR,I,U+0049,,,,ı,ı,\u{0131},U+0131,,0,,,137.811,not_applicable,conformant,correct,application_correct
OBS0004,CDM01,application_scenario,F1_linguistic_tailored_mapping,linguistic_user_text,lower,DotNet,10.0.110,current_culture,default_locale_sensitive,full_string,dotnet_globalization,10.0.110,,,78.2,,Linux-7.0.0-28-generic-x86_64-with-glibc2.43,tr-TR,tr-TR,I,U+0049,,,,ı,ı,\u{0131},U+0131,,0,,,132.901,not_applicable,conformant,correct,application_correct
OBS0005,CDM01,application_scenario,F1_linguistic_tailored_mapping,linguistic_user_text,lower,DotNet,10.0.110,invariant,invariant_root,full_string,dotnet_globalization,10.0.110,,,78.2,,Linux-7.0.0-28-generic-x86_64-with-glibc2.43,tr-TR,root,I,U+0049,,,,i,ı,i,U+0069,,0,,,114.806,not_applicable,conformant,cdm_hazard,cdm_hazard
OBS0006,CDM01,application_scenario,F1_linguistic_tailored_mapping,linguistic_user_text,lower,Go,go version go1.26.0 linux/amd64,unicode_default,unicode_defined,simple_code_point,runtime_unicode_tables,go version go1.26.0 linux/amd64,,,,,Linux-7.0.0-28-generic-x86_64-with-glibc2.43,tr-TR,root,I,U+0049,,,i,i,ı,i,U+0069,,0,,,3.546,conformant,conformant,cdm_hazard,cdm_hazard
OBS0007,CDM01,application_scenario,F1_linguistic_tailored_mapping,linguistic_user_text,lower,Go,go version go1.26.0 linux/amd64,turkic_special,explicit_locale_aware,simple_code_point,runtime_unicode_tables,go version go1.26.0 linux/amd64,,,,,Linux-7.0.0-28-generic-x86_64-with-glibc2.43,tr-TR,tr-TR,I,U+0049,,,ı,ı,ı,\u{0131},U+0131,,0,,,3.807,conformant,conformant,correct,application_correct
OBS0008,CDM01,application_scenario,F1_linguistic_tailored_mapping,linguistic_user_text,lower,Java,"openjdk version ""25.0.3"" 2026-04-21",explicit_locale,explicit_locale_aware,full_string,jdk_locale_provider,"openjdk version ""25.0.3"" 2026-04-21",,,,,Linux-7.0.0-28-generic-x86_64-with-glibc2.43,tr-TR,tr-TR,I,U+0049,,,ı,ı,ı,\u{0131},U+0131,,0,,,63.71,conformant,conformant,correct,application_correct
OBS0009,CDM01,application_scenario,F1_linguistic_tailored_mapping,linguistic_user_text,lower,Java,"openjdk version ""25.0.3"" 2026-04-21",default_locale,default_locale_sensitive,full_string,jdk_locale_provider,"openjdk version ""25.0.3"" 2026-04-21",,,,,Linux-7.0.0-28-generic-x86_64-with-glibc2.43,tr-TR,tr-TR,I,U+0049,,,ı,ı,ı,\u{0131},U+0131,,0,,,59.247,conformant,conformant,correct,application_correct
OBS0010,CDM01,application_scenario,F1_linguistic_tailored_mapping,linguistic_user_text,lower,Java,"openjdk version ""25.0.3"" 2026-04-21",root,invariant_root,full_string,jdk_locale_provider,"openjdk version ""25.0.3"" 2026-04-21",,,,,Linux-7.0.0-28-generic-x86_64-with-glibc2.43,tr-TR,root,I,U+0049,,,i,i,ı,i,U+0069,,0,,,58.503,conformant,conformant,cdm_hazard,cdm_hazard
OBS0011,CDM01,application_scenario,F1_linguistic_tailored_mapping,linguistic_user_text,lower,Node,22.22.1,explicit_locale,explicit_locale_aware,full_string,icu_direct_or_bundled,78.2,17.0,48.0,78.2,,Linux-7.0.0-28-generic-x86_64-with-glibc2.43,tr-TR,tr-TR,I,U+0049,,,ı,ı,ı,\u{0131},U+0131,,0,,,173.323,conformant,conformant,correct,application_correct
OBS0012,CDM01,application_scenario,F1_linguistic_tailored_mapping,linguistic_user_text,lower,Node,22.22.1,unicode_default,unicode_defined,full_string,runtime_unicode_tables,22.22.1,17.0,48.0,,,Linux-7.0.0-28-generic-x86_64-with-glibc2.43,tr-TR,root,I,U+0049,,,i,i,ı,i,U+0069,,0,,,171.922,conformant,conformant,cdm_hazard,cdm_hazard
OBS0013,CDM01,application_scenario,F1_linguistic_tailored_mapping,linguistic_user_text,lower,PHP,PHP 8.5.4 (cli) (built: Jul 16 2026 18:56:38) (NTS),unicode_default,unicode_defined,full_string,external_unicode_library,PHP 8.5.4 (cli) (built: Jul 16 2026 18:56:38) (NTS),,,,,Linux-7.0.0-28-generic-x86_64-with-glibc2.43,tr-TR,root,I,U+0049,,,i,i,ı,i,U+0069,,0,,,24.701,conformant,conformant,cdm_hazard,cdm_hazard
OBS0014,CDM01,application_scenario,F1_linguistic_tailored_mapping,linguistic_user_text,lower,Python,3.14.4,unicode_default,unicode_defined,full_string,runtime_unicode_tables,3.14.4,16.0.0,,,,Linux-7.0.0-28-generic-x86_64-with-glibc2.43,tr-TR,root,I,U+0049,,,i,i,ı,i,U+0069,,0,,,37.784,conformant,conformant,cdm_hazard,cdm_hazard
OBS0015,CDM01,application_scenario,F1_linguistic_tailored_mapping,linguistic_user_text,lower,Ruby,ruby 3.3.8 (2025-04-09 revision b200bad6cd) [x86_64-linux-gnu],unicode_default,unicode_defined,full_string,runtime_unicode_tables,ruby 3.3.8 (2025-04-09 revision b200bad6cd) [x86_64-linux-gnu],,,,,Linux-7.0.0-28-generic-x86_64-with-glibc2.43,tr-TR,root,I,U+0049,,,i,i,ı,i,U+0069,,0,,,100.82,conformant,conformant,cdm_hazard,cdm_hazard
OBS0016,CDM01,application_scenario,F1_linguistic_tailored_mapping,linguistic_user_text,lower,Ruby,ruby 3.3.8 (2025-04-09 revision b200bad6cd) [x86_64-linux-gnu],turkic,explicit_locale_aware,full_string,runtime_unicode_tables,ruby 3.3.8 (2025-04-09 revision b200bad6cd) [x86_64-linux-gnu],,,,,Linux-7.0.0-28-generic-x86_64-with-glibc2.43,tr-TR,tr-TR,I,U+0049,,,ı,ı,ı,\u{0131},U+0131,,0,,,97.9,conformant,conformant,correct,application_correct
OBS0017,CDM01,application_scenario,F1_linguistic_tailored_mapping,linguistic_user_text,lower,Ruby,ruby 3.3.8 (2025-04-09 revision b200bad6cd) [x86_64-linux-gnu],ascii,ordinal_canonical,simple_code_point,runtime_unicode_tables,ruby 3.3.8 (2025-04-09 revision b200bad6cd) [x86_64-linux-gnu],,,,,Linux-7.0.0-28-generic-x86_64-with-glibc2.43,tr-TR,root,I,U+0049,,,,i,ı,i,U+0069,,0,,,100.704,not_applicable,conformant,cdm_hazard,cdm_hazard
OBS0018,CDM01,application_scenario,F1_linguistic_tailored_mapping,linguistic_user_text,lower,Rust,rustc 1.93.1 (01f6ddf75 2026-02-11) (built from a source tarball),unicode_default,unicode_defined,full_string,runtime_unicode_tables,rustc 1.93.1 (01f6ddf75 2026-02-11) (built from a source tarball),,,,,Linux-7.0.0-28-generic-x86_64-with-glibc2.43,tr-TR,root,I,U+0049,,,i,i,ı,i,U+0069,,0,,,1.431,conformant,conformant,cdm_hazard,cdm_hazard
OBS0019,CDM01,application_scenario,F1_linguistic_tailored_mapping,linguistic_user_text,lower,Rust,rustc 1.93.1 (01f6ddf75 2026-02-11) (built from a source tarball),ascii,ordinal_canonical,simple_code_point,runtime_unicode_tables,rustc 1.93.1 (01f6ddf75 2026-02-11) (built from a source tarball),,,,,Linux-7.0.0-28-generic-x86_64-with-glibc2.43,tr-TR,tr-TR,I,U+0049,,,,i,ı,i,U+0069,,0,,,1.274,not_applicable,conformant,cdm_hazard,cdm_hazard
OBS0020,CDM02,application_scenario,F1_linguistic_tailored_mapping,linguistic_user_text,upper,C,gcc (Ubuntu 15.2.0-16ubuntu1) 15.2.0,icu_locale,explicit_locale_aware,full_string,icu_direct_or_bundled,78.2,,,78.2,,Linux-7.0.0-28-generic-x86_64-with-glibc2.43,tr-TR,tr-TR,i,U+0069,,,İ,İ,İ,\u{0130},U+0130,,0,,,3.68,conformant,conformant,correct,application_correct
OBS0021,CDM02,application_scenario,F1_linguistic_tailored_mapping,linguistic_user_text,upper,C,gcc (Ubuntu 15.2.0-16ubuntu1) 15.2.0,icu_root,invariant_root,full_string,icu_direct_or_bundled,78.2,,,78.2,,Linux-7.0.0-28-generic-x86_64-with-glibc2.43,tr-TR,root,i,U+0069,,,I,I,İ,I,U+0049,,0,,,2.958,conformant,conformant,cdm_hazard,cdm_hazard
OBS0022,CDM02,application_scenario,F1_linguistic_tailored_mapping,linguistic_user_text,upper,DotNet,10.0.110,explicit_culture,explicit_locale_aware,full_string,dotnet_globalization,10.0.110,,,78.2,,Linux-7.0.0-28-generic-x86_64-with-glibc2.43,tr-TR,tr-TR,i,U+0069,,,,İ,İ,\u{0130},U+0130,,0,,,134.905,not_applicable,conformant,correct,application_correct
OBS0023,CDM02,application_scenario,F1_linguistic_tailored_mapping,linguistic_user_text,upper,DotNet,10.0.110,current_culture,default_locale_sensitive,full_string,dotnet_globalization,10.0.110,,,78.2,,Linux-7.0.0-28-generic-x86_64-with-glibc2.43,tr-TR,tr-TR,i,U+0069,,,,İ,İ,\u{0130},U+0130,,0,,,134.404,not_applicable,conformant,correct,application_correct
OBS0024,CDM02,application_scenario,F1_linguistic_tailored_mapping,linguistic_user_text,upper,DotNet,10.0.110,invariant,invariant_root,full_string,dotnet_globalization,10.0.110,,,78.2,,Linux-7.0.0-28-generic-x86_64-with-glibc2.43,tr-TR,root,i,U+0069,,,,I,İ,I,U+0049,,0,,,121.417,not_applicable,conformant,cdm_hazard,cdm_hazard
OBS0025,CDM02,application_scenario,F1_linguistic_tailored_mapping,linguistic_user_text,upper,Go,go version go1.26.0 linux/amd64,unicode_default,unicode_defined,simple_code_point,runtime_unicode_tables,go version go1.26.0 linux/amd64,,,,,Linux-7.0.0-28-generic-x86_64-with-glibc2.43,tr-TR,root,i,U+0069,,,I,I,İ,I,U+0049,,0,,,3.05,conformant,conformant,cdm_hazard,cdm_hazard
OBS0026,CDM02,application_scenario,F1_linguistic_tailored_mapping,linguistic_user_text,upper,Go,go version go1.26.0 linux/amd64,turkic_special,explicit_locale_aware,simple_code_point,runtime_unicode_tables,go version go1.26.0 linux/amd64,,,,,Linux-7.0.0-28-generic-x86_64-with-glibc2.43,tr-TR,tr-TR,i,U+0069,,,İ,İ,İ,\u{0130},U+0130,,0,,,3.248,conformant,conformant,correct,application_correct
OBS0027,CDM02,application_scenario,F1_linguistic_tailored_mapping,linguistic_user_text,upper,Java,"openjdk version ""25.0.3"" 2026-04-21",explicit_locale,explicit_locale_aware,full_string,jdk_locale_provider,"openjdk version ""25.0.3"" 2026-04-21",,,,,Linux-7.0.0-28-generic-x86_64-with-glibc2.43,tr-TR,tr-TR,i,U+0069,,,İ,İ,İ,\u{0130},U+0130,,0,,,59.814,conformant,conformant,correct,application_correct
OBS0028,CDM02,application_scenario,F1_linguistic_tailored_mapping,linguistic_user_text,upper,Java,"openjdk version ""25.0.3"" 2026-04-21",default_locale,default_locale_sensitive,full_string,jdk_locale_provider,"openjdk version ""25.0.3"" 2026-04-21",,,,,Linux-7.0.0-28-generic-x86_64-with-glibc2.43,tr-TR,tr-TR,i,U+0069,,,İ,İ,İ,\u{0130},U+0130,,0,,,60.545,conformant,conformant,correct,application_correct
OBS0029,CDM02,application_scenario,F1_linguistic_tailored_mapping,linguistic_user_text,upper,Java,"openjdk version ""25.0.3"" 2026-04-21",root,invariant_root,full_string,jdk_locale_provider,"openjdk version ""25.0.3"" 2026-04-21",,,,,Linux-7.0.0-28-generic-x86_64-with-glibc2.43,tr-TR,root,i,U+0069,,,I,I,İ,I,U+0049,,0,,,63.612,conformant,conformant,cdm_hazard,cdm_hazard
OBS0030,CDM02,application_scenario,F1_linguistic_tailored_mapping,linguistic_user_text,upper,Node,22.22.1,explicit_locale,explicit_locale_aware,full_string,icu_direct_or_bundled,78.2,17.0,48.0,78.2,,Linux-7.0.0-28-generic-x86_64-with-glibc2.43,tr-TR,tr-TR,i,U+0069,,,İ,İ,İ,\u{0130},U+0130,,0,,,170.913,conformant,conformant,correct,application_correct
OBS0031,CDM02,application_scenario,F1_linguistic_tailored_mapping,linguistic_user_text,upper,Node,22.22.1,unicode_default,unicode_defined,full_string,runtime_unicode_tables,22.22.1,17.0,48.0,,,Linux-7.0.0-28-generic-x86_64-with-glibc2.43,tr-TR,root,i,U+0069,,,I,I,İ,I,U+0049,,0,,,171.123,conformant,conformant,cdm_hazard,cdm_hazard
OBS0032,CDM02,application_scenario,F1_linguistic_tailored_mapping,linguistic_user_text,upper,PHP,PHP 8.5.4 (cli) (built: Jul 16 2026 18:56:38) (NTS),unicode_default,unicode_defined,full_string,external_unicode_library,PHP 8.5.4 (cli) (built: Jul 16 2026 18:56:38) (NTS),,,,,Linux-7.0.0-28-generic-x86_64-with-glibc2.43,tr-TR,root,i,U+0069,,,I,I,İ,I,U+0049,,0,,,23.914,conformant,conformant,cdm_hazard,cdm_hazard
OBS0033,CDM02,application_scenario,F1_linguistic_tailored_mapping,linguistic_user_text,upper,Python,3.14.4,unicode_default,unicode_defined,full_string,runtime_unicode_tables,3.14.4,16.0.0,,,,Linux-7.0.0-28-generic-x86_64-with-glibc2.43,tr-TR,root,i,U+0069,,,I,I,İ,I,U+0049,,0,,,37.101,conformant,conformant,cdm_hazard,cdm_hazard
OBS0034,CDM02,application_scenario,F1_linguistic_tailored_mapping,linguistic_user_text,upper,Ruby,ruby 3.3.8 (2025-04-09 revision b200bad6cd) [x86_64-linux-gnu],unicode_default,unicode_defined,full_string,runtime_unicode_tables,ruby 3.3.8 (2025-04-09 revision b200bad6cd) [x86_64-linux-gnu],,,,,Linux-7.0.0-28-generic-x86_64-with-glibc2.43,tr-TR,root,i,U+0069,,,I,I,İ,I,U+0049,,0,,,101.657,conformant,conformant,cdm_hazard,cdm_hazard
OBS0035,CDM02,application_scenario,F1_linguistic_tailored_mapping,linguistic_user_text,upper,Ruby,ruby 3.3.8 (2025-04-09 revision b200bad6cd) [x86_64-linux-gnu],turkic,explicit_locale_aware,full_string,runtime_unicode_tables,ruby 3.3.8 (2025-04-09 revision b200bad6cd) [x86_64-linux-gnu],,,,,Linux-7.0.0-28-generic-x86_64-with-glibc2.43,tr-TR,tr-TR,i,U+0069,,,İ,İ,İ,\u{0130},U+0130,,0,,,98.854,conformant,conformant,correct,application_correct
OBS0036,CDM02,application_scenario,F1_linguistic_tailored_mapping,linguistic_user_text,upper,Ruby,ruby 3.3.8 (2025-04-09 revision b200bad6cd) [x86_64-linux-gnu],ascii,ordinal_canonical,simple_code_point,runtime_unicode_tables,ruby 3.3.8 (2025-04-09 revision b200bad6cd) [x86_64-linux-gnu],,,,,Linux-7.0.0-28-generic-x86_64-with-glibc2.43,tr-TR,root,i,U+0069,,,,I,İ,I,U+0049,,0,,,101.686,not_applicable,conformant,cdm_hazard,cdm_hazard
OBS0037,CDM02,application_scenario,F1_linguistic_tailored_mapping,linguistic_user_text,upper,Rust,rustc 1.93.1 (01f6ddf75 2026-02-11) (built from a source tarball),unicode_default,unicode_defined,full_string,runtime_unicode_tables,rustc 1.93.1 (01f6ddf75 2026-02-11) (built from a source tarball),,,,,Linux-7.0.0-28-generic-x86_64-with-glibc2.43,tr-TR,root,i,U+0069,,,I,I,İ,I,U+0049,,0,,,1.362,conformant,conformant,cdm_hazard,cdm_hazard
OBS0038,CDM02,application_scenario,F1_linguistic_tailored_mapping,linguistic_user_text,upper,Rust,rustc 1.93.1 (01f6ddf75 2026-02-11) (built from a source tarball),ascii,ordinal_canonical,simple_code_point,runtime_unicode_tables,rustc 1.93.1 (01f6ddf75 2026-02-11) (built from a source tarball),,,,,Linux-7.0.0-28-generic-x86_64-with-glibc2.43,tr-TR,tr-TR,i,U+0069,,,,I,İ,I,U+0049,,0,,,1.327,not_applicable,conformant,cdm_hazard,cdm_hazard
OBS0039,CDM03,application_scenario,F1_linguistic_tailored_mapping,linguistic_user_text,lower,C,gcc (Ubuntu 15.2.0-16ubuntu1) 15.2.0,icu_locale,explicit_locale_aware,full_string,icu_direct_or_bundled,78.2,,,78.2,,Linux-7.0.0-28-generic-x86_64-with-glibc2.43,az-Latn-AZ,az-Latn-AZ,I,U+0049,,,ı,ı,ı,\u{0131},U+0131,,0,,,3.402,conformant,conformant,correct,application_correct
OBS0040,CDM03,application_scenario,F1_linguistic_tailored_mapping,linguistic_user_text,lower,C,gcc (Ubuntu 15.2.0-16ubuntu1) 15.2.0,icu_root,invariant_root,full_string,icu_direct_or_bundled,78.2,,,78.2,,Linux-7.0.0-28-generic-x86_64-with-glibc2.43,az-Latn-AZ,root,I,U+0049,,,i,i,ı,i,U+0069,,0,,,2.903,conformant,conformant,cdm_hazard,cdm_hazard
OBS0041,CDM03,application_scenario,F1_linguistic_tailored_mapping,linguistic_user_text,lower,DotNet,10.0.110,explicit_culture,explicit_locale_aware,full_string,dotnet_globalization,10.0.110,,,78.2,,Linux-7.0.0-28-generic-x86_64-with-glibc2.43,az-Latn-AZ,az-Latn-AZ,I,U+0049,,,,ı,ı,\u{0131},U+0131,,0,,,134.949,not_applicable,conformant,correct,application_correct
OBS0042,CDM03,application_scenario,F1_linguistic_tailored_mapping,linguistic_user_text,lower,DotNet,10.0.110,current_culture,default_locale_sensitive,full_string,dotnet_globalization,10.0.110,,,78.2,,Linux-7.0.0-28-generic-x86_64-with-glibc2.43,az-Latn-AZ,az-Latn-AZ,I,U+0049,,,,ı,ı,\u{0131},U+0131,,0,,,137.018,not_applicable,conformant,correct,application_correct
OBS0043,CDM03,application_scenario,F1_linguistic_tailored_mapping,linguistic_user_text,lower,DotNet,10.0.110,invariant,invariant_root,full_string,dotnet_globalization,10.0.110,,,78.2,,Linux-7.0.0-28-generic-x86_64-with-glibc2.43,az-Latn-AZ,root,I,U+0049,,,,i,ı,i,U+0069,,0,,,116.879,not_applicable,conformant,cdm_hazard,cdm_hazard
OBS0044,CDM03,application_scenario,F1_linguistic_tailored_mapping,linguistic_user_text,lower,Go,go version go1.26.0 linux/amd64,unicode_default,unicode_defined,simple_code_point,runtime_unicode_tables,go version go1.26.0 linux/amd64,,,,,Linux-7.0.0-28-generic-x86_64-with-glibc2.43,az-Latn-AZ,root,I,U+0049,,,i,i,ı,i,U+0069,,0,,,3.438,conformant,conformant,cdm_hazard,cdm_hazard
OBS0045,CDM03,application_scenario,F1_linguistic_tailored_mapping,linguistic_user_text,lower,Go,go version go1.26.0 linux/amd64,turkic_special,explicit_locale_aware,simple_code_point,runtime_unicode_tables,go version go1.26.0 linux/amd64,,,,,Linux-7.0.0-28-generic-x86_64-with-glibc2.43,az-Latn-AZ,az-Latn-AZ,I,U+0049,,,ı,ı,ı,\u{0131},U+0131,,0,,,3.612,conformant,conformant,correct,application_correct
OBS0046,CDM03,application_scenario,F1_linguistic_tailored_mapping,linguistic_user_text,lower,Java,"openjdk version ""25.0.3"" 2026-04-21",explicit_locale,explicit_locale_aware,full_string,jdk_locale_provider,"openjdk version ""25.0.3"" 2026-04-21",,,,,Linux-7.0.0-28-generic-x86_64-with-glibc2.43,az-Latn-AZ,az-Latn-AZ,I,U+0049,,,ı,ı,ı,\u{0131},U+0131,,0,,,61.118,conformant,conformant,correct,application_correct
OBS0047,CDM03,application_scenario,F1_linguistic_tailored_mapping,linguistic_user_text,lower,Java,"openjdk version ""25.0.3"" 2026-04-21",default_locale,default_locale_sensitive,full_string,jdk_locale_provider,"openjdk version ""25.0.3"" 2026-04-21",,,,,Linux-7.0.0-28-generic-x86_64-with-glibc2.43,az-Latn-AZ,az-Latn-AZ,I,U+0049,,,ı,ı,ı,\u{0131},U+0131,,0,,,62.728,conformant,conformant,correct,application_correct
OBS0048,CDM03,application_scenario,F1_linguistic_tailored_mapping,linguistic_user_text,lower,Java,"openjdk version ""25.0.3"" 2026-04-21",root,invariant_root,full_string,jdk_locale_provider,"openjdk version ""25.0.3"" 2026-04-21",,,,,Linux-7.0.0-28-generic-x86_64-with-glibc2.43,az-Latn-AZ,root,I,U+0049,,,i,i,ı,i,U+0069,,0,,,61.955,conformant,conformant,cdm_hazard,cdm_hazard
OBS0049,CDM03,application_scenario,F1_linguistic_tailored_mapping,linguistic_user_text,lower,Node,22.22.1,explicit_locale,explicit_locale_aware,full_string,icu_direct_or_bundled,78.2,17.0,48.0,78.2,,Linux-7.0.0-28-generic-x86_64-with-glibc2.43,az-Latn-AZ,az-Latn-AZ,I,U+0049,,,ı,ı,ı,\u{0131},U+0131,,0,,,172.217,conformant,conformant,correct,application_correct
OBS0050,CDM03,application_scenario,F1_linguistic_tailored_mapping,linguistic_user_text,lower,Node,22.22.1,unicode_default,unicode_defined,full_string,runtime_unicode_tables,22.22.1,17.0,48.0,,,Linux-7.0.0-28-generic-x86_64-with-glibc2.43,az-Latn-AZ,root,I,U+0049,,,i,i,ı,i,U+0069,,0,,,174.883,conformant,conformant,cdm_hazard,cdm_hazard
OBS0051,CDM03,application_scenario,F1_linguistic_tailored_mapping,linguistic_user_text,lower,PHP,PHP 8.5.4 (cli) (built: Jul 16 2026 18:56:38) (NTS),unicode_default,unicode_defined,full_string,external_unicode_library,PHP 8.5.4 (cli) (built: Jul 16 2026 18:56:38) (NTS),,,,,Linux-7.0.0-28-generic-x86_64-with-glibc2.43,az-Latn-AZ,root,I,U+0049,,,i,i,ı,i,U+0069,,0,,,24.71,conformant,conformant,cdm_hazard,cdm_hazard
OBS0052,CDM03,application_scenario,F1_linguistic_tailored_mapping,linguistic_user_text,lower,Python,3.14.4,unicode_default,unicode_defined,full_string,runtime_unicode_tables,3.14.4,16.0.0,,,,Linux-7.0.0-28-generic-x86_64-with-glibc2.43,az-Latn-AZ,root,I,U+0049,,,i,i,ı,i,U+0069,,0,,,38.185,conformant,conformant,cdm_hazard,cdm_hazard
OBS0053,CDM03,application_scenario,F1_linguistic_tailored_mapping,linguistic_user_text,lower,Ruby,ruby 3.3.8 (2025-04-09 revision b200bad6cd) [x86_64-linux-gnu],unicode_default,unicode_defined,full_string,runtime_unicode_tables,ruby 3.3.8 (2025-04-09 revision b200bad6cd) [x86_64-linux-gnu],,,,,Linux-7.0.0-28-generic-x86_64-with-glibc2.43,az-Latn-AZ,root,I,U+0049,,,i,i,ı,i,U+0069,,0,,,103.128,conformant,conformant,cdm_hazard,cdm_hazard
OBS0054,CDM03,application_scenario,F1_linguistic_tailored_mapping,linguistic_user_text,lower,Ruby,ruby 3.3.8 (2025-04-09 revision b200bad6cd) [x86_64-linux-gnu],turkic,explicit_locale_aware,full_string,runtime_unicode_tables,ruby 3.3.8 (2025-04-09 revision b200bad6cd) [x86_64-linux-gnu],,,,,Linux-7.0.0-28-generic-x86_64-with-glibc2.43,az-Latn-AZ,az-Latn-AZ,I,U+0049,,,ı,ı,ı,\u{0131},U+0131,,0,,,99.646,conformant,conformant,correct,application_correct
OBS0055,CDM03,application_scenario,F1_linguistic_tailored_mapping,linguistic_user_text,lower,Ruby,ruby 3.3.8 (2025-04-09 revision b200bad6cd) [x86_64-linux-gnu],ascii,ordinal_canonical,simple_code_point,runtime_unicode_tables,ruby 3.3.8 (2025-04-09 revision b200bad6cd) [x86_64-linux-gnu],,,,,Linux-7.0.0-28-generic-x86_64-with-glibc2.43,az-Latn-AZ,root,I,U+0049,,,,i,ı,i,U+0069,,0,,,100.002,not_applicable,conformant,cdm_hazard,cdm_hazard
OBS0056,CDM03,application_scenario,F1_linguistic_tailored_mapping,linguistic_user_text,lower,Rust,rustc 1.93.1 (01f6ddf75 2026-02-11) (built from a source tarball),unicode_default,unicode_defined,full_string,runtime_unicode_tables,rustc 1.93.1 (01f6ddf75 2026-02-11) (built from a source tarball),,,,,Linux-7.0.0-28-generic-x86_64-with-glibc2.43,az-Latn-AZ,root,I,U+0049,,,i,i,ı,i,U+0069,,0,,,1.371,conformant,conformant,cdm_hazard,cdm_hazard
OBS0057,CDM03,application_scenario,F1_linguistic_tailored_mapping,linguistic_user_text,lower,Rust,rustc 1.93.1 (01f6ddf75 2026-02-11) (built from a source tarball),ascii,ordinal_canonical,simple_code_point,runtime_unicode_tables,rustc 1.93.1 (01f6ddf75 2026-02-11) (built from a source tarball),,,,,Linux-7.0.0-28-generic-x86_64-with-glibc2.43,az-Latn-AZ,az-Latn-AZ,I,U+0049,,,,i,ı,i,U+0069,,0,,,1.254,not_applicable,conformant,cdm_hazard,cdm_hazard
OBS0058,CDM04,application_scenario,F1_linguistic_tailored_mapping,linguistic_user_text,lower,C,gcc (Ubuntu 15.2.0-16ubuntu1) 15.2.0,icu_locale,explicit_locale_aware,full_string,icu_direct_or_bundled,78.2,,,78.2,,Linux-7.0.0-28-generic-x86_64-with-glibc2.43,lt-LT,lt-LT,I\u{0301},U+0049 U+0301,,,i̇́,i̇́,i̇́,i\u{0307}\u{0301},U+0069 U+0307 U+0301,,0,,,3.364,conformant,conformant,correct,application_correct
OBS0059,CDM04,application_scenario,F1_linguistic_tailored_mapping,linguistic_user_text,lower,C,gcc (Ubuntu 15.2.0-16ubuntu1) 15.2.0,icu_root,invariant_root,full_string,icu_direct_or_bundled,78.2,,,78.2,,Linux-7.0.0-28-generic-x86_64-with-glibc2.43,lt-LT,root,I\u{0301},U+0049 U+0301,,,í,í,i̇́,i\u{0301},U+0069 U+0301,,0,,,2.851,conformant,conformant,cdm_hazard,cdm_hazard
OBS0060,CDM04,application_scenario,F1_linguistic_tailored_mapping,linguistic_user_text,lower,DotNet,10.0.110,explicit_culture,explicit_locale_aware,full_string,dotnet_globalization,10.0.110,,,78.2,,Linux-7.0.0-28-generic-x86_64-with-glibc2.43,lt-LT,lt-LT,I\u{0301},U+0049 U+0301,,,,í,i̇́,i\u{0301},U+0069 U+0301,,0,,,137.671,not_applicable,conformant,cdm_hazard,cdm_hazard
OBS0061,CDM04,application_scenario,F1_linguistic_tailored_mapping,linguistic_user_text,lower,DotNet,10.0.110,current_culture,default_locale_sensitive,full_string,dotnet_globalization,10.0.110,,,78.2,,Linux-7.0.0-28-generic-x86_64-with-glibc2.43,lt-LT,lt-LT,I\u{0301},U+0049 U+0301,,,,í,i̇́,i\u{0301},U+0069 U+0301,,0,,,139.715,not_applicable,conformant,cdm_hazard,cdm_hazard
OBS0062,CDM04,application_scenario,F1_linguistic_tailored_mapping,linguistic_user_text,lower,DotNet,10.0.110,invariant,invariant_root,full_string,dotnet_globalization,10.0.110,,,78.2,,Linux-7.0.0-28-generic-x86_64-with-glibc2.43,lt-LT,root,I\u{0301},U+0049 U+0301,,,,í,i̇́,i\u{0301},U+0069 U+0301,,0,,,115.582,not_applicable,conformant,cdm_hazard,cdm_hazard
OBS0063,CDM04,application_scenario,F1_linguistic_tailored_mapping,linguistic_user_text,lower,Go,go version go1.26.0 linux/amd64,unicode_default,unicode_defined,simple_code_point,runtime_unicode_tables,go version go1.26.0 linux/amd64,,,,,Linux-7.0.0-28-generic-x86_64-with-glibc2.43,lt-LT,root,I\u{0301},U+0049 U+0301,,,í,í,i̇́,i\u{0301},U+0069 U+0301,,0,,,3.549,conformant,conformant,cdm_hazard,cdm_hazard
OBS0064,CDM04,application_scenario,F1_linguistic_tailored_mapping,linguistic_user_text,lower,Go,go version go1.26.0 linux/amd64,turkic_special,explicit_locale_aware,simple_code_point,runtime_unicode_tables,go version go1.26.0 linux/amd64,,,,,Linux-7.0.0-28-generic-x86_64-with-glibc2.43,lt-LT,,I\u{0301},U+0049 U+0301,,,,,i̇́,,,,0,tailoring_not_available,,,not_applicable,unsupported,unsupported,unsupported
OBS0065,CDM04,application_scenario,F1_linguistic_tailored_mapping,linguistic_user_text,lower,Java,"openjdk version ""25.0.3"" 2026-04-21",explicit_locale,explicit_locale_aware,full_string,jdk_locale_provider,"openjdk version ""25.0.3"" 2026-04-21",,,,,Linux-7.0.0-28-generic-x86_64-with-glibc2.43,lt-LT,lt-LT,I\u{0301},U+0049 U+0301,,,i̇́,i̇́,i̇́,i\u{0307}\u{0301},U+0069 U+0307 U+0301,,0,,,75.93,conformant,conformant,correct,application_correct
OBS0066,CDM04,application_scenario,F1_linguistic_tailored_mapping,linguistic_user_text,lower,Java,"openjdk version ""25.0.3"" 2026-04-21",default_locale,default_locale_sensitive,full_string,jdk_locale_provider,"openjdk version ""25.0.3"" 2026-04-21",,,,,Linux-7.0.0-28-generic-x86_64-with-glibc2.43,lt-LT,lt-LT,I\u{0301},U+0049 U+0301,,,i̇́,i̇́,i̇́,i\u{0307}\u{0301},U+0069 U+0307 U+0301,,0,,,76.482,conformant,conformant,correct,application_correct
OBS0067,CDM04,application_scenario,F1_linguistic_tailored_mapping,linguistic_user_text,lower,Java,"openjdk version ""25.0.3"" 2026-04-21",root,invariant_root,full_string,jdk_locale_provider,"openjdk version ""25.0.3"" 2026-04-21",,,,,Linux-7.0.0-28-generic-x86_64-with-glibc2.43,lt-LT,root,I\u{0301},U+0049 U+0301,,,í,í,i̇́,i\u{0301},U+0069 U+0301,,0,,,60.58,conformant,conformant,cdm_hazard,cdm_hazard
OBS0068,CDM04,application_scenario,F1_linguistic_tailored_mapping,linguistic_user_text,lower,Node,22.22.1,explicit_locale,explicit_locale_aware,full_string,icu_direct_or_bundled,78.2,17.0,48.0,78.2,,Linux-7.0.0-28-generic-x86_64-with-glibc2.43,lt-LT,lt-LT,I\u{0301},U+0049 U+0301,,,i̇́,i̇́,i̇́,i\u{0307}\u{0301},U+0069 U+0307 U+0301,,0,,,173.408,conformant,conformant,correct,application_correct
OBS0069,CDM04,application_scenario,F1_linguistic_tailored_mapping,linguistic_user_text,lower,Node,22.22.1,unicode_default,unicode_defined,full_string,runtime_unicode_tables,22.22.1,17.0,48.0,,,Linux-7.0.0-28-generic-x86_64-with-glibc2.43,lt-LT,root,I\u{0301},U+0049 U+0301,,,í,í,i̇́,i\u{0301},U+0069 U+0301,,0,,,171.394,conformant,conformant,cdm_hazard,cdm_hazard
OBS0070,CDM04,application_scenario,F1_linguistic_tailored_mapping,linguistic_user_text,lower,PHP,PHP 8.5.4 (cli) (built: Jul 16 2026 18:56:38) (NTS),unicode_default,unicode_defined,full_string,external_unicode_library,PHP 8.5.4 (cli) (built: Jul 16 2026 18:56:38) (NTS),,,,,Linux-7.0.0-28-generic-x86_64-with-glibc2.43,lt-LT,root,I\u{0301},U+0049 U+0301,,,í,í,i̇́,i\u{0301},U+0069 U+0301,,0,,,25.245,conformant,conformant,cdm_hazard,cdm_hazard
OBS0071,CDM04,application_scenario,F1_linguistic_tailored_mapping,linguistic_user_text,lower,Python,3.14.4,unicode_default,unicode_defined,full_string,runtime_unicode_tables,3.14.4,16.0.0,,,,Linux-7.0.0-28-generic-x86_64-with-glibc2.43,lt-LT,root,I\u{0301},U+0049 U+0301,,,í,í,i̇́,i\u{0301},U+0069 U+0301,,0,,,37.231,conformant,conformant,cdm_hazard,cdm_hazard
OBS0072,CDM04,application_scenario,F1_linguistic_tailored_mapping,linguistic_user_text,lower,Ruby,ruby 3.3.8 (2025-04-09 revision b200bad6cd) [x86_64-linux-gnu],unicode_default,unicode_defined,full_string,runtime_unicode_tables,ruby 3.3.8 (2025-04-09 revision b200bad6cd) [x86_64-linux-gnu],,,,,Linux-7.0.0-28-generic-x86_64-with-glibc2.43,lt-LT,root,I\u{0301},U+0049 U+0301,,,í,í,i̇́,i\u{0301},U+0069 U+0301,,0,,,101.51,conformant,conformant,cdm_hazard,cdm_hazard
OBS0073,CDM04,application_scenario,F1_linguistic_tailored_mapping,linguistic_user_text,lower,Ruby,ruby 3.3.8 (2025-04-09 revision b200bad6cd) [x86_64-linux-gnu],turkic,explicit_locale_aware,full_string,runtime_unicode_tables,ruby 3.3.8 (2025-04-09 revision b200bad6cd) [x86_64-linux-gnu],,,,,Linux-7.0.0-28-generic-x86_64-with-glibc2.43,lt-LT,,I\u{0301},U+0049 U+0301,,,,,i̇́,,,,0,tailoring_not_available,,,not_applicable,unsupported,unsupported,unsupported
OBS0074,CDM04,application_scenario,F1_linguistic_tailored_mapping,linguistic_user_text,lower,Ruby,ruby 3.3.8 (2025-04-09 revision b200bad6cd) [x86_64-linux-gnu],ascii,ordinal_canonical,simple_code_point,runtime_unicode_tables,ruby 3.3.8 (2025-04-09 revision b200bad6cd) [x86_64-linux-gnu],,,,,Linux-7.0.0-28-generic-x86_64-with-glibc2.43,lt-LT,root,I\u{0301},U+0049 U+0301,,,,í,i̇́,i\u{0301},U+0069 U+0301,,0,,,101.62,not_applicable,conformant,cdm_hazard,cdm_hazard
OBS0075,CDM04,application_scenario,F1_linguistic_tailored_mapping,linguistic_user_text,lower,Rust,rustc 1.93.1 (01f6ddf75 2026-02-11) (built from a source tarball),unicode_default,unicode_defined,full_string,runtime_unicode_tables,rustc 1.93.1 (01f6ddf75 2026-02-11) (built from a source tarball),,,,,Linux-7.0.0-28-generic-x86_64-with-glibc2.43,lt-LT,root,I\u{0301},U+0049 U+0301,,,í,í,i̇́,i\u{0301},U+0069 U+0301,,0,,,1.465,conformant,conformant,cdm_hazard,cdm_hazard
OBS0076,CDM04,application_scenario,F1_linguistic_tailored_mapping,linguistic_user_text,lower,Rust,rustc 1.93.1 (01f6ddf75 2026-02-11) (built from a source tarball),ascii,ordinal_canonical,simple_code_point,runtime_unicode_tables,rustc 1.93.1 (01f6ddf75 2026-02-11) (built from a source tarball),,,,,Linux-7.0.0-28-generic-x86_64-with-glibc2.43,lt-LT,lt-LT,I\u{0301},U+0049 U+0301,,,,í,i̇́,i\u{0301},U+0069 U+0301,,0,,,1.371,not_applicable,conformant,cdm_hazard,cdm_hazard
OBS0077,CDM05,application_scenario,F2_machine_canonical_mapping,machine_token_or_keyword,lower,C,gcc (Ubuntu 15.2.0-16ubuntu1) 15.2.0,icu_locale,explicit_locale_aware,full_string,icu_direct_or_bundled,78.2,,,78.2,,Linux-7.0.0-28-generic-x86_64-with-glibc2.43,tr-TR,tr-TR,TITLE,U+0054 U+0049 U+0054 U+004C U+0045,,,tıtle,tıtle,title,t\u{0131}tle,U+0074 U+0131 U+0074 U+006C U+0065,,0,,,3.386,conformant,conformant,cdm_hazard,cdm_hazard
OBS0078,CDM05,application_scenario,F2_machine_canonical_mapping,machine_token_or_keyword,lower,C,gcc (Ubuntu 15.2.0-16ubuntu1) 15.2.0,icu_root,invariant_root,full_string,icu_direct_or_bundled,78.2,,,78.2,,Linux-7.0.0-28-generic-x86_64-with-glibc2.43,tr-TR,root,TITLE,U+0054 U+0049 U+0054 U+004C U+0045,,,title,title,title,title,U+0074 U+0069 U+0074 U+006C U+0065,,0,,,2.908,conformant,conformant,correct,application_correct
OBS0079,CDM05,application_scenario,F2_machine_canonical_mapping,machine_token_or_keyword,lower,DotNet,10.0.110,explicit_culture,explicit_locale_aware,full_string,dotnet_globalization,10.0.110,,,78.2,,Linux-7.0.0-28-generic-x86_64-with-glibc2.43,tr-TR,tr-TR,TITLE,U+0054 U+0049 U+0054 U+004C U+0045,,,,tıtle,title,t\u{0131}tle,U+0074 U+0131 U+0074 U+006C U+0065,,0,,,145.658,not_applicable,conformant,cdm_hazard,cdm_hazard
OBS0080,CDM05,application_scenario,F2_machine_canonical_mapping,machine_token_or_keyword,lower,DotNet,10.0.110,current_culture,default_locale_sensitive,full_string,dotnet_globalization,10.0.110,,,78.2,,Linux-7.0.0-28-generic-x86_64-with-glibc2.43,tr-TR,tr-TR,TITLE,U+0054 U+0049 U+0054 U+004C U+0045,,,,tıtle,title,t\u{0131}tle,U+0074 U+0131 U+0074 U+006C U+0065,,0,,,138.442,not_applicable,conformant,cdm_hazard,cdm_hazard
OBS0081,CDM05,application_scenario,F2_machine_canonical_mapping,machine_token_or_keyword,lower,DotNet,10.0.110,invariant,invariant_root,full_string,dotnet_globalization,10.0.110,,,78.2,,Linux-7.0.0-28-generic-x86_64-with-glibc2.43,tr-TR,root,TITLE,U+0054 U+0049 U+0054 U+004C U+0045,,,,title,title,title,U+0074 U+0069 U+0074 U+006C U+0065,,0,,,116.826,not_applicable,conformant,correct,application_correct
OBS0082,CDM05,application_scenario,F2_machine_canonical_mapping,machine_token_or_keyword,lower,Go,go version go1.26.0 linux/amd64,unicode_default,unicode_defined,simple_code_point,runtime_unicode_tables,go version go1.26.0 linux/amd64,,,,,Linux-7.0.0-28-generic-x86_64-with-glibc2.43,tr-TR,root,TITLE,U+0054 U+0049 U+0054 U+004C U+0045,,,title,title,title,title,U+0074 U+0069 U+0074 U+006C U+0065,,0,,,3.49,conformant,conformant,correct,application_correct
OBS0083,CDM05,application_scenario,F2_machine_canonical_mapping,machine_token_or_keyword,lower,Go,go version go1.26.0 linux/amd64,turkic_special,explicit_locale_aware,simple_code_point,runtime_unicode_tables,go version go1.26.0 linux/amd64,,,,,Linux-7.0.0-28-generic-x86_64-with-glibc2.43,tr-TR,tr-TR,TITLE,U+0054 U+0049 U+0054 U+004C U+0045,,,tıtle,tıtle,title,t\u{0131}tle,U+0074 U+0131 U+0074 U+006C U+0065,,0,,,3.255,conformant,conformant,cdm_hazard,cdm_hazard
OBS0084,CDM05,application_scenario,F2_machine_canonical_mapping,machine_token_or_keyword,lower,Java,"openjdk version ""25.0.3"" 2026-04-21",explicit_locale,explicit_locale_aware,full_string,jdk_locale_provider,"openjdk version ""25.0.3"" 2026-04-21",,,,,Linux-7.0.0-28-generic-x86_64-with-glibc2.43,tr-TR,tr-TR,TITLE,U+0054 U+0049 U+0054 U+004C U+0045,,,tıtle,tıtle,title,t\u{0131}tle,U+0074 U+0131 U+0074 U+006C U+0065,,0,,,75.449,conformant,conformant,cdm_hazard,cdm_hazard
OBS0085,CDM05,application_scenario,F2_machine_canonical_mapping,machine_token_or_keyword,lower,Java,"openjdk version ""25.0.3"" 2026-04-21",default_locale,default_locale_sensitive,full_string,jdk_locale_provider,"openjdk version ""25.0.3"" 2026-04-21",,,,,Linux-7.0.0-28-generic-x86_64-with-glibc2.43,tr-TR,tr-TR,TITLE,U+0054 U+0049 U+0054 U+004C U+0045,,,tıtle,tıtle,title,t\u{0131}tle,U+0074 U+0131 U+0074 U+006C U+0065,,0,,,72.023,conformant,conformant,cdm_hazard,cdm_hazard
OBS0086,CDM05,application_scenario,F2_machine_canonical_mapping,machine_token_or_keyword,lower,Java,"openjdk version ""25.0.3"" 2026-04-21",root,invariant_root,full_string,jdk_locale_provider,"openjdk version ""25.0.3"" 2026-04-21",,,,,Linux-7.0.0-28-generic-x86_64-with-glibc2.43,tr-TR,root,TITLE,U+0054 U+0049 U+0054 U+004C U+0045,,,title,title,title,title,U+0074 U+0069 U+0074 U+006C U+0065,,0,,,60.314,conformant,conformant,correct,application_correct
OBS0087,CDM05,application_scenario,F2_machine_canonical_mapping,machine_token_or_keyword,lower,Node,22.22.1,explicit_locale,explicit_locale_aware,full_string,icu_direct_or_bundled,78.2,17.0,48.0,78.2,,Linux-7.0.0-28-generic-x86_64-with-glibc2.43,tr-TR,tr-TR,TITLE,U+0054 U+0049 U+0054 U+004C U+0045,,,tıtle,tıtle,title,t\u{0131}tle,U+0074 U+0131 U+0074 U+006C U+0065,,0,,,170.67,conformant,conformant,cdm_hazard,cdm_hazard
OBS0088,CDM05,application_scenario,F2_machine_canonical_mapping,machine_token_or_keyword,lower,Node,22.22.1,unicode_default,unicode_defined,full_string,runtime_unicode_tables,22.22.1,17.0,48.0,,,Linux-7.0.0-28-generic-x86_64-with-glibc2.43,tr-TR,root,TITLE,U+0054 U+0049 U+0054 U+004C U+0045,,,title,title,title,title,U+0074 U+0069 U+0074 U+006C U+0065,,0,,,166.822,conformant,conformant,correct,application_correct
OBS0089,CDM05,application_scenario,F2_machine_canonical_mapping,machine_token_or_keyword,lower,PHP,PHP 8.5.4 (cli) (built: Jul 16 2026 18:56:38) (NTS),unicode_default,unicode_defined,full_string,external_unicode_library,PHP 8.5.4 (cli) (built: Jul 16 2026 18:56:38) (NTS),,,,,Linux-7.0.0-28-generic-x86_64-with-glibc2.43,tr-TR,root,TITLE,U+0054 U+0049 U+0054 U+004C U+0045,,,title,title,title,title,U+0074 U+0069 U+0074 U+006C U+0065,,0,,,25.738,conformant,conformant,correct,application_correct
OBS0090,CDM05,application_scenario,F2_machine_canonical_mapping,machine_token_or_keyword,lower,Python,3.14.4,unicode_default,unicode_defined,full_string,runtime_unicode_tables,3.14.4,16.0.0,,,,Linux-7.0.0-28-generic-x86_64-with-glibc2.43,tr-TR,root,TITLE,U+0054 U+0049 U+0054 U+004C U+0045,,,title,title,title,title,U+0074 U+0069 U+0074 U+006C U+0065,,0,,,36.423,conformant,conformant,correct,application_correct
OBS0091,CDM05,application_scenario,F2_machine_canonical_mapping,machine_token_or_keyword,lower,Ruby,ruby 3.3.8 (2025-04-09 revision b200bad6cd) [x86_64-linux-gnu],unicode_default,unicode_defined,full_string,runtime_unicode_tables,ruby 3.3.8 (2025-04-09 revision b200bad6cd) [x86_64-linux-gnu],,,,,Linux-7.0.0-28-generic-x86_64-with-glibc2.43,tr-TR,root,TITLE,U+0054 U+0049 U+0054 U+004C U+0045,,,title,title,title,title,U+0074 U+0069 U+0074 U+006C U+0065,,0,,,100.434,conformant,conformant,correct,application_correct
OBS0092,CDM05,application_scenario,F2_machine_canonical_mapping,machine_token_or_keyword,lower,Ruby,ruby 3.3.8 (2025-04-09 revision b200bad6cd) [x86_64-linux-gnu],turkic,explicit_locale_aware,full_string,runtime_unicode_tables,ruby 3.3.8 (2025-04-09 revision b200bad6cd) [x86_64-linux-gnu],,,,,Linux-7.0.0-28-generic-x86_64-with-glibc2.43,tr-TR,tr-TR,TITLE,U+0054 U+0049 U+0054 U+004C U+0045,,,tıtle,tıtle,title,t\u{0131}tle,U+0074 U+0131 U+0074 U+006C U+0065,,0,,,100.558,conformant,conformant,cdm_hazard,cdm_hazard
OBS0093,CDM05,application_scenario,F2_machine_canonical_mapping,machine_token_or_keyword,lower,Ruby,ruby 3.3.8 (2025-04-09 revision b200bad6cd) [x86_64-linux-gnu],ascii,ordinal_canonical,simple_code_point,runtime_unicode_tables,ruby 3.3.8 (2025-04-09 revision b200bad6cd) [x86_64-linux-gnu],,,,,Linux-7.0.0-28-generic-x86_64-with-glibc2.43,tr-TR,root,TITLE,U+0054 U+0049 U+0054 U+004C U+0045,,,,title,title,title,U+0074 U+0069 U+0074 U+006C U+0065,,0,,,99.217,not_applicable,conformant,correct,application_correct
OBS0094,CDM05,application_scenario,F2_machine_canonical_mapping,machine_token_or_keyword,lower,Rust,rustc 1.93.1 (01f6ddf75 2026-02-11) (built from a source tarball),unicode_default,unicode_defined,full_string,runtime_unicode_tables,rustc 1.93.1 (01f6ddf75 2026-02-11) (built from a source tarball),,,,,Linux-7.0.0-28-generic-x86_64-with-glibc2.43,tr-TR,root,TITLE,U+0054 U+0049 U+0054 U+004C U+0045,,,title,title,title,title,U+0074 U+0069 U+0074 U+006C U+0065,,0,,,1.399,conformant,conformant,correct,application_correct
OBS0095,CDM05,application_scenario,F2_machine_canonical_mapping,machine_token_or_keyword,lower,Rust,rustc 1.93.1 (01f6ddf75 2026-02-11) (built from a source tarball),ascii,ordinal_canonical,simple_code_point,runtime_unicode_tables,rustc 1.93.1 (01f6ddf75 2026-02-11) (built from a source tarball),,,,,Linux-7.0.0-28-generic-x86_64-with-glibc2.43,tr-TR,tr-TR,TITLE,U+0054 U+0049 U+0054 U+004C U+0045,,,,title,title,title,U+0074 U+0069 U+0074 U+006C U+0065,,0,,,1.357,not_applicable,conformant,correct,application_correct
OBS0096,CDM06,application_scenario,F2_machine_canonical_mapping,identifier_or_opaque_key,upper,C,gcc (Ubuntu 15.2.0-16ubuntu1) 15.2.0,icu_locale,explicit_locale_aware,full_string,icu_direct_or_bundled,78.2,,,78.2,,Linux-7.0.0-28-generic-x86_64-with-glibc2.43,tr-TR,tr-TR,application,U+0061 U+0070 U+0070 U+006C U+0069 U+0063 U+0061 U+0074 U+0069 U+006F U+006E,,,APPLİCATİON,APPLİCATİON,APPLICATION,APPL\u{0130}CAT\u{0130}ON,U+0041 U+0050 U+0050 U+004C U+0130 U+0043 U+0041 U+0054 U+0130 U+004F U+004E,,0,,,3.887,conformant,conformant,cdm_hazard,cdm_hazard
OBS0097,CDM06,application_scenario,F2_machine_canonical_mapping,identifier_or_opaque_key,upper,C,gcc (Ubuntu 15.2.0-16ubuntu1) 15.2.0,icu_root,invariant_root,full_string,icu_direct_or_bundled,78.2,,,78.2,,Linux-7.0.0-28-generic-x86_64-with-glibc2.43,tr-TR,root,application,U+0061 U+0070 U+0070 U+006C U+0069 U+0063 U+0061 U+0074 U+0069 U+006F U+006E,,,APPLICATION,APPLICATION,APPLICATION,APPLICATION,U+0041 U+0050 U+0050 U+004C U+0049 U+0043 U+0041 U+0054 U+0049 U+004F U+004E,,0,,,2.722,conformant,conformant,correct,application_correct
OBS0098,CDM06,application_scenario,F2_machine_canonical_mapping,identifier_or_opaque_key,upper,DotNet,10.0.110,explicit_culture,explicit_locale_aware,full_string,dotnet_globalization,10.0.110,,,78.2,,Linux-7.0.0-28-generic-x86_64-with-glibc2.43,tr-TR,tr-TR,application,U+0061 U+0070 U+0070 U+006C U+0069 U+0063 U+0061 U+0074 U+0069 U+006F U+006E,,,,APPLİCATİON,APPLICATION,APPL\u{0130}CAT\u{0130}ON,U+0041 U+0050 U+0050 U+004C U+0130 U+0043 U+0041 U+0054 U+0130 U+004F U+004E,,0,,,139.849,not_applicable,conformant,cdm_hazard,cdm_hazard
OBS0099,CDM06,application_scenario,F2_machine_canonical_mapping,identifier_or_opaque_key,upper,DotNet,10.0.110,current_culture,default_locale_sensitive,full_string,dotnet_globalization,10.0.110,,,78.2,,Linux-7.0.0-28-generic-x86_64-with-glibc2.43,tr-TR,tr-TR,application,U+0061 U+0070 U+0070 U+006C U+0069 U+0063 U+0061 U+0074 U+0069 U+006F U+006E,,,,APPLİCATİON,APPLICATION,APPL\u{0130}CAT\u{0130}ON,U+0041 U+0050 U+0050 U+004C U+0130 U+0043 U+0041 U+0054 U+0130 U+004F U+004E,,0,,,139.759,not_applicable,conformant,cdm_hazard,cdm_hazard
OBS0100,CDM06,application_scenario,F2_machine_canonical_mapping,identifier_or_opaque_key,upper,DotNet,10.0.110,invariant,invariant_root,full_string,dotnet_globalization,10.0.110,,,78.2,,Linux-7.0.0-28-generic-x86_64-with-glibc2.43,tr-TR,root,application,U+0061 U+0070 U+0070 U+006C U+0069 U+0063 U+0061 U+0074 U+0069 U+006F U+006E,,,,APPLICATION,APPLICATION,APPLICATION,U+0041 U+0050 U+0050 U+004C U+0049 U+0043 U+0041 U+0054 U+0049 U+004F U+004E,,0,,,120.031,not_applicable,conformant,correct,application_correct
OBS0101,CDM06,application_scenario,F2_machine_canonical_mapping,identifier_or_opaque_key,upper,Go,go version go1.26.0 linux/amd64,unicode_default,unicode_defined,simple_code_point,runtime_unicode_tables,go version go1.26.0 linux/amd64,,,,,Linux-7.0.0-28-generic-x86_64-with-glibc2.43,tr-TR,root,application,U+0061 U+0070 U+0070 U+006C U+0069 U+0063 U+0061 U+0074 U+0069 U+006F U+006E,,,APPLICATION,APPLICATION,APPLICATION,APPLICATION,U+0041 U+0050 U+0050 U+004C U+0049 U+0043 U+0041 U+0054 U+0049 U+004F U+004E,,0,,,3.398,conformant,conformant,correct,application_correct
OBS0102,CDM06,application_scenario,F2_machine_canonical_mapping,identifier_or_opaque_key,upper,Go,go version go1.26.0 linux/amd64,turkic_special,explicit_locale_aware,simple_code_point,runtime_unicode_tables,go version go1.26.0 linux/amd64,,,,,Linux-7.0.0-28-generic-x86_64-with-glibc2.43,tr-TR,tr-TR,application,U+0061 U+0070 U+0070 U+006C U+0069 U+0063 U+0061 U+0074 U+0069 U+006F U+006E,,,APPLİCATİON,APPLİCATİON,APPLICATION,APPL\u{0130}CAT\u{0130}ON,U+0041 U+0050 U+0050 U+004C U+0130 U+0043 U+0041 U+0054 U+0130 U+004F U+004E,,0,,,2.844,conformant,conformant,cdm_hazard,cdm_hazard
OBS0103,CDM06,application_scenario,F2_machine_canonical_mapping,identifier_or_opaque_key,upper,Java,"openjdk version ""25.0.3"" 2026-04-21",explicit_locale,explicit_locale_aware,full_string,jdk_locale_provider,"openjdk version ""25.0.3"" 2026-04-21",,,,,Linux-7.0.0-28-generic-x86_64-with-glibc2.43,tr-TR,tr-TR,application,U+0061 U+0070 U+0070 U+006C U+0069 U+0063 U+0061 U+0074 U+0069 U+006F U+006E,,,APPLİCATİON,APPLİCATİON,APPLICATION,APPL\u{0130}CAT\u{0130}ON,U+0041 U+0050 U+0050 U+004C U+0130 U+0043 U+0041 U+0054 U+0130 U+004F U+004E,,0,,,60.051,conformant,conformant,cdm_hazard,cdm_hazard
OBS0104,CDM06,application_scenario,F2_machine_canonical_mapping,identifier_or_opaque_key,upper,Java,"openjdk version ""25.0.3"" 2026-04-21",default_locale,default_locale_sensitive,full_string,jdk_locale_provider,"openjdk version ""25.0.3"" 2026-04-21",,,,,Linux-7.0.0-28-generic-x86_64-with-glibc2.43,tr-TR,tr-TR,application,U+0061 U+0070 U+0070 U+006C U+0069 U+0063 U+0061 U+0074 U+0069 U+006F U+006E,,,APPLİCATİON,APPLİCATİON,APPLICATION,APPL\u{0130}CAT\u{0130}ON,U+0041 U+0050 U+0050 U+004C U+0130 U+0043 U+0041 U+0054 U+0130 U+004F U+004E,,0,,,60.472,conformant,conformant,cdm_hazard,cdm_hazard
OBS0105,CDM06,application_scenario,F2_machine_canonical_mapping,identifier_or_opaque_key,upper,Java,"openjdk version ""25.0.3"" 2026-04-21",root,invariant_root,full_string,jdk_locale_provider,"openjdk version ""25.0.3"" 2026-04-21",,,,,Linux-7.0.0-28-generic-x86_64-with-glibc2.43,tr-TR,root,application,U+0061 U+0070 U+0070 U+006C U+0069 U+0063 U+0061 U+0074 U+0069 U+006F U+006E,,,APPLICATION,APPLICATION,APPLICATION,APPLICATION,U+0041 U+0050 U+0050 U+004C U+0049 U+0043 U+0041 U+0054 U+0049 U+004F U+004E,,0,,,58.941,conformant,conformant,correct,application_correct
OBS0106,CDM06,application_scenario,F2_machine_canonical_mapping,identifier_or_opaque_key,upper,Node,22.22.1,explicit_locale,explicit_locale_aware,full_string,icu_direct_or_bundled,78.2,17.0,48.0,78.2,,Linux-7.0.0-28-generic-x86_64-with-glibc2.43,tr-TR,tr-TR,application,U+0061 U+0070 U+0070 U+006C U+0069 U+0063 U+0061 U+0074 U+0069 U+006F U+006E,,,APPLİCATİON,APPLİCATİON,APPLICATION,APPL\u{0130}CAT\u{0130}ON,U+0041 U+0050 U+0050 U+004C U+0130 U+0043 U+0041 U+0054 U+0130 U+004F U+004E,,0,,,174.109,conformant,conformant,cdm_hazard,cdm_hazard
OBS0107,CDM06,application_scenario,F2_machine_canonical_mapping,identifier_or_opaque_key,upper,Node,22.22.1,unicode_default,unicode_defined,full_string,runtime_unicode_tables,22.22.1,17.0,48.0,,,Linux-7.0.0-28-generic-x86_64-with-glibc2.43,tr-TR,root,application,U+0061 U+0070 U+0070 U+006C U+0069 U+0063 U+0061 U+0074 U+0069 U+006F U+006E,,,APPLICATION,APPLICATION,APPLICATION,APPLICATION,U+0041 U+0050 U+0050 U+004C U+0049 U+0043 U+0041 U+0054 U+0049 U+004F U+004E,,0,,,168.876,conformant,conformant,correct,application_correct
OBS0108,CDM06,application_scenario,F2_machine_canonical_mapping,identifier_or_opaque_key,upper,PHP,PHP 8.5.4 (cli) (built: Jul 16 2026 18:56:38) (NTS),unicode_default,unicode_defined,full_string,external_unicode_library,PHP 8.5.4 (cli) (built: Jul 16 2026 18:56:38) (NTS),,,,,Linux-7.0.0-28-generic-x86_64-with-glibc2.43,tr-TR,root,application,U+0061 U+0070 U+0070 U+006C U+0069 U+0063 U+0061 U+0074 U+0069 U+006F U+006E,,,APPLICATION,APPLICATION,APPLICATION,APPLICATION,U+0041 U+0050 U+0050 U+004C U+0049 U+0043 U+0041 U+0054 U+0049 U+004F U+004E,,0,,,27.683,conformant,conformant,correct,application_correct
OBS0109,CDM06,application_scenario,F2_machine_canonical_mapping,identifier_or_opaque_key,upper,Python,3.14.4,unicode_default,unicode_defined,full_string,runtime_unicode_tables,3.14.4,16.0.0,,,,Linux-7.0.0-28-generic-x86_64-with-glibc2.43,tr-TR,root,application,U+0061 U+0070 U+0070 U+006C U+0069 U+0063 U+0061 U+0074 U+0069 U+006F U+006E,,,APPLICATION,APPLICATION,APPLICATION,APPLICATION,U+0041 U+0050 U+0050 U+004C U+0049 U+0043 U+0041 U+0054 U+0049 U+004F U+004E,,0,,,36.654,conformant,conformant,correct,application_correct
OBS0110,CDM06,application_scenario,F2_machine_canonical_mapping,identifier_or_opaque_key,upper,Ruby,ruby 3.3.8 (2025-04-09 revision b200bad6cd) [x86_64-linux-gnu],unicode_default,unicode_defined,full_string,runtime_unicode_tables,ruby 3.3.8 (2025-04-09 revision b200bad6cd) [x86_64-linux-gnu],,,,,Linux-7.0.0-28-generic-x86_64-with-glibc2.43,tr-TR,root,application,U+0061 U+0070 U+0070 U+006C U+0069 U+0063 U+0061 U+0074 U+0069 U+006F U+006E,,,APPLICATION,APPLICATION,APPLICATION,APPLICATION,U+0041 U+0050 U+0050 U+004C U+0049 U+0043 U+0041 U+0054 U+0049 U+004F U+004E,,0,,,106.778,conformant,conformant,correct,application_correct
OBS0111,CDM06,application_scenario,F2_machine_canonical_mapping,identifier_or_opaque_key,upper,Ruby,ruby 3.3.8 (2025-04-09 revision b200bad6cd) [x86_64-linux-gnu],turkic,explicit_locale_aware,full_string,runtime_unicode_tables,ruby 3.3.8 (2025-04-09 revision b200bad6cd) [x86_64-linux-gnu],,,,,Linux-7.0.0-28-generic-x86_64-with-glibc2.43,tr-TR,tr-TR,application,U+0061 U+0070 U+0070 U+006C U+0069 U+0063 U+0061 U+0074 U+0069 U+006F U+006E,,,APPLİCATİON,APPLİCATİON,APPLICATION,APPL\u{0130}CAT\u{0130}ON,U+0041 U+0050 U+0050 U+004C U+0130 U+0043 U+0041 U+0054 U+0130 U+004F U+004E,,0,,,99.784,conformant,conformant,cdm_hazard,cdm_hazard
OBS0112,CDM06,application_scenario,F2_machine_canonical_mapping,identifier_or_opaque_key,upper,Ruby,ruby 3.3.8 (2025-04-09 revision b200bad6cd) [x86_64-linux-gnu],ascii,ordinal_canonical,simple_code_point,runtime_unicode_tables,ruby 3.3.8 (2025-04-09 revision b200bad6cd) [x86_64-linux-gnu],,,,,Linux-7.0.0-28-generic-x86_64-with-glibc2.43,tr-TR,root,application,U+0061 U+0070 U+0070 U+006C U+0069 U+0063 U+0061 U+0074 U+0069 U+006F U+006E,,,,APPLICATION,APPLICATION,APPLICATION,U+0041 U+0050 U+0050 U+004C U+0049 U+0043 U+0041 U+0054 U+0049 U+004F U+004E,,0,,,98.795,not_applicable,conformant,correct,application_correct
OBS0113,CDM06,application_scenario,F2_machine_canonical_mapping,identifier_or_opaque_key,upper,Rust,rustc 1.93.1 (01f6ddf75 2026-02-11) (built from a source tarball),unicode_default,unicode_defined,full_string,runtime_unicode_tables,rustc 1.93.1 (01f6ddf75 2026-02-11) (built from a source tarball),,,,,Linux-7.0.0-28-generic-x86_64-with-glibc2.43,tr-TR,root,application,U+0061 U+0070 U+0070 U+006C U+0069 U+0063 U+0061 U+0074 U+0069 U+006F U+006E,,,APPLICATION,APPLICATION,APPLICATION,APPLICATION,U+0041 U+0050 U+0050 U+004C U+0049 U+0043 U+0041 U+0054 U+0049 U+004F U+004E,,0,,,1.449,conformant,conformant,correct,application_correct
OBS0114,CDM06,application_scenario,F2_machine_canonical_mapping,identifier_or_opaque_key,upper,Rust,rustc 1.93.1 (01f6ddf75 2026-02-11) (built from a source tarball),ascii,ordinal_canonical,simple_code_point,runtime_unicode_tables,rustc 1.93.1 (01f6ddf75 2026-02-11) (built from a source tarball),,,,,Linux-7.0.0-28-generic-x86_64-with-glibc2.43,tr-TR,tr-TR,application,U+0061 U+0070 U+0070 U+006C U+0069 U+0063 U+0061 U+0074 U+0069 U+006F U+006E,,,,APPLICATION,APPLICATION,APPLICATION,U+0041 U+0050 U+0050 U+004C U+0049 U+0043 U+0041 U+0054 U+0049 U+004F U+004E,,0,,,1.438,not_applicable,conformant,correct,application_correct
OBS0115,CDM07,application_scenario,F2_machine_canonical_mapping,application_defined_canonical_text,lower,C,gcc (Ubuntu 15.2.0-16ubuntu1) 15.2.0,icu_locale,explicit_locale_aware,full_string,icu_direct_or_bundled,78.2,,,78.2,,Linux-7.0.0-28-generic-x86_64-with-glibc2.43,tr-TR,tr-TR,FILE,U+0046 U+0049 U+004C U+0045,,,fıle,fıle,file,f\u{0131}le,U+0066 U+0131 U+006C U+0065,,0,,,3.408,conformant,conformant,cdm_hazard,cdm_hazard
OBS0116,CDM07,application_scenario,F2_machine_canonical_mapping,application_defined_canonical_text,lower,C,gcc (Ubuntu 15.2.0-16ubuntu1) 15.2.0,icu_root,invariant_root,full_string,icu_direct_or_bundled,78.2,,,78.2,,Linux-7.0.0-28-generic-x86_64-with-glibc2.43,tr-TR,root,FILE,U+0046 U+0049 U+004C U+0045,,,file,file,file,file,U+0066 U+0069 U+006C U+0065,,0,,,3.39,conformant,conformant,correct,application_correct
OBS0117,CDM07,application_scenario,F2_machine_canonical_mapping,application_defined_canonical_text,lower,DotNet,10.0.110,explicit_culture,explicit_locale_aware,full_string,dotnet_globalization,10.0.110,,,78.2,,Linux-7.0.0-28-generic-x86_64-with-glibc2.43,tr-TR,tr-TR,FILE,U+0046 U+0049 U+004C U+0045,,,,fıle,file,f\u{0131}le,U+0066 U+0131 U+006C U+0065,,0,,,134.17,not_applicable,conformant,cdm_hazard,cdm_hazard
OBS0118,CDM07,application_scenario,F2_machine_canonical_mapping,application_defined_canonical_text,lower,DotNet,10.0.110,current_culture,default_locale_sensitive,full_string,dotnet_globalization,10.0.110,,,78.2,,Linux-7.0.0-28-generic-x86_64-with-glibc2.43,tr-TR,tr-TR,FILE,U+0046 U+0049 U+004C U+0045,,,,fıle,file,f\u{0131}le,U+0066 U+0131 U+006C U+0065,,0,,,136.154,not_applicable,conformant,cdm_hazard,cdm_hazard
OBS0119,CDM07,application_scenario,F2_machine_canonical_mapping,application_defined_canonical_text,lower,DotNet,10.0.110,invariant,invariant_root,full_string,dotnet_globalization,10.0.110,,,78.2,,Linux-7.0.0-28-generic-x86_64-with-glibc2.43,tr-TR,root,FILE,U+0046 U+0049 U+004C U+0045,,,,file,file,file,U+0066 U+0069 U+006C U+0065,,0,,,119.646,not_applicable,conformant,correct,application_correct
OBS0120,CDM07,application_scenario,F2_machine_canonical_mapping,application_defined_canonical_text,lower,Go,go version go1.26.0 linux/amd64,unicode_default,unicode_defined,simple_code_point,runtime_unicode_tables,go version go1.26.0 linux/amd64,,,,,Linux-7.0.0-28-generic-x86_64-with-glibc2.43,tr-TR,root,FILE,U+0046 U+0049 U+004C U+0045,,,file,file,file,file,U+0066 U+0069 U+006C U+0065,,0,,,3.314,conformant,conformant,correct,application_correct
OBS0121,CDM07,application_scenario,F2_machine_canonical_mapping,application_defined_canonical_text,lower,Go,go version go1.26.0 linux/amd64,turkic_special,explicit_locale_aware,simple_code_point,runtime_unicode_tables,go version go1.26.0 linux/amd64,,,,,Linux-7.0.0-28-generic-x86_64-with-glibc2.43,tr-TR,tr-TR,FILE,U+0046 U+0049 U+004C U+0045,,,fıle,fıle,file,f\u{0131}le,U+0066 U+0131 U+006C U+0065,,0,,,3.349,conformant,conformant,cdm_hazard,cdm_hazard
OBS0122,CDM07,application_scenario,F2_machine_canonical_mapping,application_defined_canonical_text,lower,Java,"openjdk version ""25.0.3"" 2026-04-21",explicit_locale,explicit_locale_aware,full_string,jdk_locale_provider,"openjdk version ""25.0.3"" 2026-04-21",,,,,Linux-7.0.0-28-generic-x86_64-with-glibc2.43,tr-TR,tr-TR,FILE,U+0046 U+0049 U+004C U+0045,,,fıle,fıle,file,f\u{0131}le,U+0066 U+0131 U+006C U+0065,,0,,,72.699,conformant,conformant,cdm_hazard,cdm_hazard
OBS0123,CDM07,application_scenario,F2_machine_canonical_mapping,application_defined_canonical_text,lower,Java,"openjdk version ""25.0.3"" 2026-04-21",default_locale,default_locale_sensitive,full_string,jdk_locale_provider,"openjdk version ""25.0.3"" 2026-04-21",,,,,Linux-7.0.0-28-generic-x86_64-with-glibc2.43,tr-TR,tr-TR,FILE,U+0046 U+0049 U+004C U+0045,,,fıle,fıle,file,f\u{0131}le,U+0066 U+0131 U+006C U+0065,,0,,,75.087,conformant,conformant,cdm_hazard,cdm_hazard
OBS0124,CDM07,application_scenario,F2_machine_canonical_mapping,application_defined_canonical_text,lower,Java,"openjdk version ""25.0.3"" 2026-04-21",root,invariant_root,full_string,jdk_locale_provider,"openjdk version ""25.0.3"" 2026-04-21",,,,,Linux-7.0.0-28-generic-x86_64-with-glibc2.43,tr-TR,root,FILE,U+0046 U+0049 U+004C U+0045,,,file,file,file,file,U+0066 U+0069 U+006C U+0065,,0,,,58.225,conformant,conformant,correct,application_correct
OBS0125,CDM07,application_scenario,F2_machine_canonical_mapping,application_defined_canonical_text,lower,Node,22.22.1,explicit_locale,explicit_locale_aware,full_string,icu_direct_or_bundled,78.2,17.0,48.0,78.2,,Linux-7.0.0-28-generic-x86_64-with-glibc2.43,tr-TR,tr-TR,FILE,U+0046 U+0049 U+004C U+0045,,,fıle,fıle,file,f\u{0131}le,U+0066 U+0131 U+006C U+0065,,0,,,175.449,conformant,conformant,cdm_hazard,cdm_hazard
OBS0126,CDM07,application_scenario,F2_machine_canonical_mapping,application_defined_canonical_text,lower,Node,22.22.1,unicode_default,unicode_defined,full_string,runtime_unicode_tables,22.22.1,17.0,48.0,,,Linux-7.0.0-28-generic-x86_64-with-glibc2.43,tr-TR,root,FILE,U+0046 U+0049 U+004C U+0045,,,file,file,file,file,U+0066 U+0069 U+006C U+0065,,0,,,167.496,conformant,conformant,correct,application_correct
OBS0127,CDM07,application_scenario,F2_machine_canonical_mapping,application_defined_canonical_text,lower,PHP,PHP 8.5.4 (cli) (built: Jul 16 2026 18:56:38) (NTS),unicode_default,unicode_defined,full_string,external_unicode_library,PHP 8.5.4 (cli) (built: Jul 16 2026 18:56:38) (NTS),,,,,Linux-7.0.0-28-generic-x86_64-with-glibc2.43,tr-TR,root,FILE,U+0046 U+0049 U+004C U+0045,,,file,file,file,file,U+0066 U+0069 U+006C U+0065,,0,,,24.715,conformant,conformant,correct,application_correct
OBS0128,CDM07,application_scenario,F2_machine_canonical_mapping,application_defined_canonical_text,lower,Python,3.14.4,unicode_default,unicode_defined,full_string,runtime_unicode_tables,3.14.4,16.0.0,,,,Linux-7.0.0-28-generic-x86_64-with-glibc2.43,tr-TR,root,FILE,U+0046 U+0049 U+004C U+0045,,,file,file,file,file,U+0066 U+0069 U+006C U+0065,,0,,,35.726,conformant,conformant,correct,application_correct
OBS0129,CDM07,application_scenario,F2_machine_canonical_mapping,application_defined_canonical_text,lower,Ruby,ruby 3.3.8 (2025-04-09 revision b200bad6cd) [x86_64-linux-gnu],unicode_default,unicode_defined,full_string,runtime_unicode_tables,ruby 3.3.8 (2025-04-09 revision b200bad6cd) [x86_64-linux-gnu],,,,,Linux-7.0.0-28-generic-x86_64-with-glibc2.43,tr-TR,root,FILE,U+0046 U+0049 U+004C U+0045,,,file,file,file,file,U+0066 U+0069 U+006C U+0065,,0,,,104.352,conformant,conformant,correct,application_correct
OBS0130,CDM07,application_scenario,F2_machine_canonical_mapping,application_defined_canonical_text,lower,Ruby,ruby 3.3.8 (2025-04-09 revision b200bad6cd) [x86_64-linux-gnu],turkic,explicit_locale_aware,full_string,runtime_unicode_tables,ruby 3.3.8 (2025-04-09 revision b200bad6cd) [x86_64-linux-gnu],,,,,Linux-7.0.0-28-generic-x86_64-with-glibc2.43,tr-TR,tr-TR,FILE,U+0046 U+0049 U+004C U+0045,,,fıle,fıle,file,f\u{0131}le,U+0066 U+0131 U+006C U+0065,,0,,,100.25,conformant,conformant,cdm_hazard,cdm_hazard
OBS0131,CDM07,application_scenario,F2_machine_canonical_mapping,application_defined_canonical_text,lower,Ruby,ruby 3.3.8 (2025-04-09 revision b200bad6cd) [x86_64-linux-gnu],ascii,ordinal_canonical,simple_code_point,runtime_unicode_tables,ruby 3.3.8 (2025-04-09 revision b200bad6cd) [x86_64-linux-gnu],,,,,Linux-7.0.0-28-generic-x86_64-with-glibc2.43,tr-TR,root,FILE,U+0046 U+0049 U+004C U+0045,,,,file,file,file,U+0066 U+0069 U+006C U+0065,,0,,,95.706,not_applicable,conformant,correct,application_correct
OBS0132,CDM07,application_scenario,F2_machine_canonical_mapping,application_defined_canonical_text,lower,Rust,rustc 1.93.1 (01f6ddf75 2026-02-11) (built from a source tarball),unicode_default,unicode_defined,full_string,runtime_unicode_tables,rustc 1.93.1 (01f6ddf75 2026-02-11) (built from a source tarball),,,,,Linux-7.0.0-28-generic-x86_64-with-glibc2.43,tr-TR,root,FILE,U+0046 U+0049 U+004C U+0045,,,file,file,file,file,U+0066 U+0069 U+006C U+0065,,0,,,1.463,conformant,conformant,correct,application_correct
OBS0133,CDM07,application_scenario,F2_machine_canonical_mapping,application_defined_canonical_text,lower,Rust,rustc 1.93.1 (01f6ddf75 2026-02-11) (built from a source tarball),ascii,ordinal_canonical,simple_code_point,runtime_unicode_tables,rustc 1.93.1 (01f6ddf75 2026-02-11) (built from a source tarball),,,,,Linux-7.0.0-28-generic-x86_64-with-glibc2.43,tr-TR,tr-TR,FILE,U+0046 U+0049 U+004C U+0045,,,,file,file,file,U+0066 U+0069 U+006C U+0065,,0,,,1.345,not_applicable,conformant,correct,application_correct
OBS0134,CDM08,application_scenario,F2_machine_canonical_mapping,application_defined_canonical_text,lower,C,gcc (Ubuntu 15.2.0-16ubuntu1) 15.2.0,icu_locale,explicit_locale_aware,full_string,icu_direct_or_bundled,78.2,,,78.2,,Linux-7.0.0-28-generic-x86_64-with-glibc2.43,root,root,\u{0130},U+0130,,,i̇,i̇,i̇,i\u{0307},U+0069 U+0307,,0,,,3.433,conformant,conformant,correct,application_correct
OBS0135,CDM08,application_scenario,F2_machine_canonical_mapping,application_defined_canonical_text,lower,C,gcc (Ubuntu 15.2.0-16ubuntu1) 15.2.0,icu_root,invariant_root,full_string,icu_direct_or_bundled,78.2,,,78.2,,Linux-7.0.0-28-generic-x86_64-with-glibc2.43,root,root,\u{0130},U+0130,,,i̇,i̇,i̇,i\u{0307},U+0069 U+0307,,0,,,3.298,conformant,conformant,correct,application_correct
OBS0136,CDM08,application_scenario,F2_machine_canonical_mapping,application_defined_canonical_text,lower,DotNet,10.0.110,explicit_culture,explicit_locale_aware,full_string,dotnet_globalization,10.0.110,,,78.2,,Linux-7.0.0-28-generic-x86_64-with-glibc2.43,root,,\u{0130},U+0130,,,,İ,i̇,\u{0130},U+0130,,0,,,134.565,not_applicable,conformant,cdm_hazard,cdm_hazard
OBS0137,CDM08,application_scenario,F2_machine_canonical_mapping,application_defined_canonical_text,lower,DotNet,10.0.110,current_culture,default_locale_sensitive,full_string,dotnet_globalization,10.0.110,,,78.2,,Linux-7.0.0-28-generic-x86_64-with-glibc2.43,root,,\u{0130},U+0130,,,,İ,i̇,\u{0130},U+0130,,0,,,130.479,not_applicable,conformant,cdm_hazard,cdm_hazard
OBS0138,CDM08,application_scenario,F2_machine_canonical_mapping,application_defined_canonical_text,lower,DotNet,10.0.110,invariant,invariant_root,full_string,dotnet_globalization,10.0.110,,,78.2,,Linux-7.0.0-28-generic-x86_64-with-glibc2.43,root,root,\u{0130},U+0130,,,,İ,i̇,\u{0130},U+0130,,0,,,114.269,not_applicable,conformant,cdm_hazard,cdm_hazard
OBS0139,CDM08,application_scenario,F2_machine_canonical_mapping,application_defined_canonical_text,lower,Go,go version go1.26.0 linux/amd64,unicode_default,unicode_defined,simple_code_point,runtime_unicode_tables,go version go1.26.0 linux/amd64,,,,,Linux-7.0.0-28-generic-x86_64-with-glibc2.43,root,root,\u{0130},U+0130,,,i,i,i̇,i,U+0069,,0,,,3.239,conformant,conformant,cdm_hazard,cdm_hazard
OBS0140,CDM08,application_scenario,F2_machine_canonical_mapping,application_defined_canonical_text,lower,Go,go version go1.26.0 linux/amd64,turkic_special,explicit_locale_aware,simple_code_point,runtime_unicode_tables,go version go1.26.0 linux/amd64,,,,,Linux-7.0.0-28-generic-x86_64-with-glibc2.43,root,,\u{0130},U+0130,,,,,i̇,,,,0,tailoring_not_available,,,not_applicable,unsupported,unsupported,unsupported
OBS0141,CDM08,application_scenario,F2_machine_canonical_mapping,application_defined_canonical_text,lower,Java,"openjdk version ""25.0.3"" 2026-04-21",explicit_locale,explicit_locale_aware,full_string,jdk_locale_provider,"openjdk version ""25.0.3"" 2026-04-21",,,,,Linux-7.0.0-28-generic-x86_64-with-glibc2.43,root,und,\u{0130},U+0130,,,i̇,i̇,i̇,i\u{0307},U+0069 U+0307,,0,,,64.344,conformant,conformant,correct,application_correct
OBS0142,CDM08,application_scenario,F2_machine_canonical_mapping,application_defined_canonical_text,lower,Java,"openjdk version ""25.0.3"" 2026-04-21",default_locale,default_locale_sensitive,full_string,jdk_locale_provider,"openjdk version ""25.0.3"" 2026-04-21",,,,,Linux-7.0.0-28-generic-x86_64-with-glibc2.43,root,und,\u{0130},U+0130,,,i̇,i̇,i̇,i\u{0307},U+0069 U+0307,,0,,,62.818,conformant,conformant,correct,application_correct
OBS0143,CDM08,application_scenario,F2_machine_canonical_mapping,application_defined_canonical_text,lower,Java,"openjdk version ""25.0.3"" 2026-04-21",root,invariant_root,full_string,jdk_locale_provider,"openjdk version ""25.0.3"" 2026-04-21",,,,,Linux-7.0.0-28-generic-x86_64-with-glibc2.43,root,root,\u{0130},U+0130,,,i̇,i̇,i̇,i\u{0307},U+0069 U+0307,,0,,,61.216,conformant,conformant,correct,application_correct
OBS0144,CDM08,application_scenario,F2_machine_canonical_mapping,application_defined_canonical_text,lower,Node,22.22.1,explicit_locale,explicit_locale_aware,full_string,icu_direct_or_bundled,78.2,17.0,48.0,78.2,,Linux-7.0.0-28-generic-x86_64-with-glibc2.43,root,,\u{0130},U+0130,,,,,i̇,,,,0,ECMA-402_requires_a_structurally_valid_language_tag,,,not_applicable,unsupported,unsupported,unsupported
OBS0145,CDM08,application_scenario,F2_machine_canonical_mapping,application_defined_canonical_text,lower,Node,22.22.1,unicode_default,unicode_defined,full_string,runtime_unicode_tables,22.22.1,17.0,48.0,,,Linux-7.0.0-28-generic-x86_64-with-glibc2.43,root,root,\u{0130},U+0130,,,i̇,i̇,i̇,i\u{0307},U+0069 U+0307,,0,,,172.862,conformant,conformant,correct,application_correct
OBS0146,CDM08,application_scenario,F2_machine_canonical_mapping,application_defined_canonical_text,lower,PHP,PHP 8.5.4 (cli) (built: Jul 16 2026 18:56:38) (NTS),unicode_default,unicode_defined,full_string,external_unicode_library,PHP 8.5.4 (cli) (built: Jul 16 2026 18:56:38) (NTS),,,,,Linux-7.0.0-28-generic-x86_64-with-glibc2.43,root,root,\u{0130},U+0130,,,i̇,i̇,i̇,i\u{0307},U+0069 U+0307,,0,,,24.757,conformant,conformant,correct,application_correct
OBS0147,CDM08,application_scenario,F2_machine_canonical_mapping,application_defined_canonical_text,lower,Python,3.14.4,unicode_default,unicode_defined,full_string,runtime_unicode_tables,3.14.4,16.0.0,,,,Linux-7.0.0-28-generic-x86_64-with-glibc2.43,root,root,\u{0130},U+0130,,,i̇,i̇,i̇,i\u{0307},U+0069 U+0307,,0,,,36.93,conformant,conformant,correct,application_correct
OBS0148,CDM08,application_scenario,F2_machine_canonical_mapping,application_defined_canonical_text,lower,Ruby,ruby 3.3.8 (2025-04-09 revision b200bad6cd) [x86_64-linux-gnu],unicode_default,unicode_defined,full_string,runtime_unicode_tables,ruby 3.3.8 (2025-04-09 revision b200bad6cd) [x86_64-linux-gnu],,,,,Linux-7.0.0-28-generic-x86_64-with-glibc2.43,root,root,\u{0130},U+0130,,,i̇,i̇,i̇,i\u{0307},U+0069 U+0307,,0,,,98.659,conformant,conformant,correct,application_correct
OBS0149,CDM08,application_scenario,F2_machine_canonical_mapping,application_defined_canonical_text,lower,Ruby,ruby 3.3.8 (2025-04-09 revision b200bad6cd) [x86_64-linux-gnu],turkic,explicit_locale_aware,full_string,runtime_unicode_tables,ruby 3.3.8 (2025-04-09 revision b200bad6cd) [x86_64-linux-gnu],,,,,Linux-7.0.0-28-generic-x86_64-with-glibc2.43,root,,\u{0130},U+0130,,,,,i̇,,,,0,tailoring_not_available,,,not_applicable,unsupported,unsupported,unsupported
OBS0150,CDM08,application_scenario,F2_machine_canonical_mapping,application_defined_canonical_text,lower,Ruby,ruby 3.3.8 (2025-04-09 revision b200bad6cd) [x86_64-linux-gnu],ascii,ordinal_canonical,simple_code_point,runtime_unicode_tables,ruby 3.3.8 (2025-04-09 revision b200bad6cd) [x86_64-linux-gnu],,,,,Linux-7.0.0-28-generic-x86_64-with-glibc2.43,root,root,\u{0130},U+0130,,,,İ,i̇,\u{0130},U+0130,,0,,,104.398,not_applicable,conformant,cdm_hazard,cdm_hazard
OBS0151,CDM08,application_scenario,F2_machine_canonical_mapping,application_defined_canonical_text,lower,Rust,rustc 1.93.1 (01f6ddf75 2026-02-11) (built from a source tarball),unicode_default,unicode_defined,full_string,runtime_unicode_tables,rustc 1.93.1 (01f6ddf75 2026-02-11) (built from a source tarball),,,,,Linux-7.0.0-28-generic-x86_64-with-glibc2.43,root,root,\u{0130},U+0130,,,i̇,i̇,i̇,i\u{0307},U+0069 U+0307,,0,,,1.395,conformant,conformant,correct,application_correct
OBS0152,CDM08,application_scenario,F2_machine_canonical_mapping,application_defined_canonical_text,lower,Rust,rustc 1.93.1 (01f6ddf75 2026-02-11) (built from a source tarball),ascii,ordinal_canonical,simple_code_point,runtime_unicode_tables,rustc 1.93.1 (01f6ddf75 2026-02-11) (built from a source tarball),,,,,Linux-7.0.0-28-generic-x86_64-with-glibc2.43,root,root,\u{0130},U+0130,,,,İ,i̇,\u{0130},U+0130,,0,,,1.365,not_applicable,conformant,cdm_hazard,cdm_hazard
OBS0153,CDM09,application_scenario,F3_comparison_semantics,machine_token_or_keyword,compare_equal,C,gcc (Ubuntu 15.2.0-16ubuntu1) 15.2.0,icu_collator,explicit_locale_aware,not_applicable,icu_direct_or_bundled,78.2,,,78.2,,Linux-7.0.0-28-generic-x86_64-with-glibc2.43,tr-TR,tr,quit,U+0071 U+0075 U+0069 U+0074,QUIT,U+0051 U+0055 U+0049 U+0054,False,False,True,,,False,0,,,3.534,conformant,conformant,cdm_hazard,cdm_hazard
OBS0154,CDM09,application_scenario,F3_comparison_semantics,machine_token_or_keyword,compare_equal,DotNet,10.0.110,culture_compare,explicit_locale_aware,not_applicable,dotnet_globalization,10.0.110,,,78.2,,Linux-7.0.0-28-generic-x86_64-with-glibc2.43,tr-TR,tr-TR,quit,U+0071 U+0075 U+0069 U+0074,QUIT,U+0051 U+0055 U+0049 U+0054,,False,True,,,False,0,,,143.994,not_applicable,conformant,cdm_hazard,cdm_hazard
OBS0155,CDM09,application_scenario,F3_comparison_semantics,machine_token_or_keyword,compare_equal,DotNet,10.0.110,ordinal_ignore_case,ordinal_canonical,not_applicable,dotnet_globalization,10.0.110,,,78.2,,Linux-7.0.0-28-generic-x86_64-with-glibc2.43,tr-TR,root,quit,U+0071 U+0075 U+0069 U+0074,QUIT,U+0051 U+0055 U+0049 U+0054,,True,True,,,True,0,,,124.263,not_applicable,conformant,correct,application_correct
OBS0156,CDM09,application_scenario,F3_comparison_semantics,machine_token_or_keyword,compare_equal,Go,go version go1.26.0 linux/amd64,equal_fold,unicode_defined,not_applicable,runtime_unicode_tables,go version go1.26.0 linux/amd64,,,,,Linux-7.0.0-28-generic-x86_64-with-glibc2.43,tr-TR,root,quit,U+0071 U+0075 U+0069 U+0074,QUIT,U+0051 U+0055 U+0049 U+0054,True,True,True,,,True,0,,,3.517,conformant,conformant,correct,application_correct
OBS0157,CDM09,application_scenario,F3_comparison_semantics,machine_token_or_keyword,compare_equal,Java,"openjdk version ""25.0.3"" 2026-04-21",collator,explicit_locale_aware,not_applicable,jdk_locale_provider,"openjdk version ""25.0.3"" 2026-04-21",,,,,Linux-7.0.0-28-generic-x86_64-with-glibc2.43,tr-TR,tr-TR,quit,U+0071 U+0075 U+0069 U+0074,QUIT,U+0051 U+0055 U+0049 U+0054,,False,True,,,False,0,,,99.892,not_applicable,conformant,cdm_hazard,cdm_hazard
OBS0158,CDM09,application_scenario,F3_comparison_semantics,machine_token_or_keyword,compare_equal,Java,"openjdk version ""25.0.3"" 2026-04-21",equals_ignore_case,unicode_defined,not_applicable,runtime_unicode_tables,"openjdk version ""25.0.3"" 2026-04-21",,,,,Linux-7.0.0-28-generic-x86_64-with-glibc2.43,tr-TR,root,quit,U+0071 U+0075 U+0069 U+0074,QUIT,U+0051 U+0055 U+0049 U+0054,,True,True,,,True,0,,,61.921,not_applicable,conformant,correct,application_correct
OBS0159,CDM09,application_scenario,F3_comparison_semantics,machine_token_or_keyword,compare_equal,Node,22.22.1,collator,explicit_locale_aware,not_applicable,icu_direct_or_bundled,78.2,17.0,48.0,78.2,,Linux-7.0.0-28-generic-x86_64-with-glibc2.43,tr-TR,tr,quit,U+0071 U+0075 U+0069 U+0074,QUIT,U+0051 U+0055 U+0049 U+0054,False,False,True,,,False,0,,,188.471,conformant,conformant,cdm_hazard,cdm_hazard
OBS0160,CDM09,application_scenario,F3_comparison_semantics,machine_token_or_keyword,compare_equal,PHP,PHP 8.5.4 (cli) (built: Jul 16 2026 18:56:38) (NTS),collator,explicit_locale_aware,not_applicable,icu_direct_or_bundled,78.2,,,78.2,,Linux-7.0.0-28-generic-x86_64-with-glibc2.43,tr-TR,tr,quit,U+0071 U+0075 U+0069 U+0074,QUIT,U+0051 U+0055 U+0049 U+0054,False,False,True,,,False,0,,,24.684,conformant,conformant,cdm_hazard,cdm_hazard
OBS0161,CDM09,application_scenario,F3_comparison_semantics,machine_token_or_keyword,compare_equal,Python,3.14.4,casefold,unicode_defined,not_applicable,runtime_unicode_tables,3.14.4,16.0.0,,,,Linux-7.0.0-28-generic-x86_64-with-glibc2.43,tr-TR,root,quit,U+0071 U+0075 U+0069 U+0074,QUIT,U+0051 U+0055 U+0049 U+0054,True,True,True,,,True,0,,,37.643,conformant,conformant,correct,application_correct
OBS0162,CDM09,application_scenario,F3_comparison_semantics,machine_token_or_keyword,compare_equal,Python,3.14.4,locale_collator,default_locale_sensitive,not_applicable,libc_glibc,ldd (Ubuntu GLIBC 2.43-2ubuntu2.3) 2.43,16.0.0,,,ldd (Ubuntu GLIBC 2.43-2ubuntu2.3) 2.43,Linux-7.0.0-28-generic-x86_64-with-glibc2.43,tr-TR,tr_TR.utf8,quit,U+0071 U+0075 U+0069 U+0074,QUIT,U+0051 U+0055 U+0049 U+0054,,locale_defined,True,,,False,0,,,37.454,not_applicable,conformant,cdm_hazard,cdm_hazard
OBS0163,CDM09,application_scenario,F3_comparison_semantics,machine_token_or_keyword,compare_equal,Ruby,ruby 3.3.8 (2025-04-09 revision b200bad6cd) [x86_64-linux-gnu],casecmp,unicode_defined,not_applicable,runtime_unicode_tables,ruby 3.3.8 (2025-04-09 revision b200bad6cd) [x86_64-linux-gnu],,,,,Linux-7.0.0-28-generic-x86_64-with-glibc2.43,tr-TR,root,quit,U+0071 U+0075 U+0069 U+0074,QUIT,U+0051 U+0055 U+0049 U+0054,True,True,True,,,True,0,,,101.657,conformant,conformant,correct,application_correct
OBS0164,CDM09,application_scenario,F3_comparison_semantics,machine_token_or_keyword,compare_equal,Rust,rustc 1.93.1 (01f6ddf75 2026-02-11) (built from a source tarball),ascii_compare,ordinal_canonical,not_applicable,runtime_unicode_tables,rustc 1.93.1 (01f6ddf75 2026-02-11) (built from a source tarball),,,,,Linux-7.0.0-28-generic-x86_64-with-glibc2.43,tr-TR,root,quit,U+0071 U+0075 U+0069 U+0074,QUIT,U+0051 U+0055 U+0049 U+0054,,True,True,,,True,0,,,1.355,not_applicable,conformant,correct,application_correct
OBS0165,CDM10,application_scenario,F3_comparison_semantics,linguistic_user_text,compare_equal,C,gcc (Ubuntu 15.2.0-16ubuntu1) 15.2.0,icu_collator,explicit_locale_aware,not_applicable,icu_direct_or_bundled,78.2,,,78.2,,Linux-7.0.0-28-generic-x86_64-with-glibc2.43,tr-TR,tr,I,U+0049,\u{0131},U+0131,True,True,True,,,True,0,,,3.848,conformant,conformant,correct,application_correct
OBS0166,CDM10,application_scenario,F3_comparison_semantics,linguistic_user_text,compare_equal,DotNet,10.0.110,culture_compare,explicit_locale_aware,not_applicable,dotnet_globalization,10.0.110,,,78.2,,Linux-7.0.0-28-generic-x86_64-with-glibc2.43,tr-TR,tr-TR,I,U+0049,\u{0131},U+0131,,True,True,,,True,0,,,142.322,not_applicable,conformant,correct,application_correct
OBS0167,CDM10,application_scenario,F3_comparison_semantics,linguistic_user_text,compare_equal,DotNet,10.0.110,ordinal_ignore_case,ordinal_canonical,not_applicable,dotnet_globalization,10.0.110,,,78.2,,Linux-7.0.0-28-generic-x86_64-with-glibc2.43,tr-TR,root,I,U+0049,\u{0131},U+0131,,False,True,,,False,0,,,122.285,not_applicable,conformant,cdm_hazard,cdm_hazard
OBS0168,CDM10,application_scenario,F3_comparison_semantics,linguistic_user_text,compare_equal,Go,go version go1.26.0 linux/amd64,equal_fold,unicode_defined,not_applicable,runtime_unicode_tables,go version go1.26.0 linux/amd64,,,,,Linux-7.0.0-28-generic-x86_64-with-glibc2.43,tr-TR,root,I,U+0049,\u{0131},U+0131,False,False,True,,,False,0,,,3.452,conformant,conformant,cdm_hazard,cdm_hazard
OBS0169,CDM10,application_scenario,F3_comparison_semantics,linguistic_user_text,compare_equal,Java,"openjdk version ""25.0.3"" 2026-04-21",collator,explicit_locale_aware,not_applicable,jdk_locale_provider,"openjdk version ""25.0.3"" 2026-04-21",,,,,Linux-7.0.0-28-generic-x86_64-with-glibc2.43,tr-TR,tr-TR,I,U+0049,\u{0131},U+0131,,True,True,,,True,0,,,101.09,not_applicable,conformant,correct,application_correct
OBS0170,CDM10,application_scenario,F3_comparison_semantics,linguistic_user_text,compare_equal,Java,"openjdk version ""25.0.3"" 2026-04-21",equals_ignore_case,unicode_defined,not_applicable,runtime_unicode_tables,"openjdk version ""25.0.3"" 2026-04-21",,,,,Linux-7.0.0-28-generic-x86_64-with-glibc2.43,tr-TR,root,I,U+0049,\u{0131},U+0131,,True,True,,,True,0,,,63.894,not_applicable,conformant,correct,application_correct
OBS0171,CDM10,application_scenario,F3_comparison_semantics,linguistic_user_text,compare_equal,Node,22.22.1,collator,explicit_locale_aware,not_applicable,icu_direct_or_bundled,78.2,17.0,48.0,78.2,,Linux-7.0.0-28-generic-x86_64-with-glibc2.43,tr-TR,tr,I,U+0049,\u{0131},U+0131,True,True,True,,,True,0,,,186.601,conformant,conformant,correct,application_correct
OBS0172,CDM10,application_scenario,F3_comparison_semantics,linguistic_user_text,compare_equal,PHP,PHP 8.5.4 (cli) (built: Jul 16 2026 18:56:38) (NTS),collator,explicit_locale_aware,not_applicable,icu_direct_or_bundled,78.2,,,78.2,,Linux-7.0.0-28-generic-x86_64-with-glibc2.43,tr-TR,tr,I,U+0049,\u{0131},U+0131,True,True,True,,,True,0,,,25.008,conformant,conformant,correct,application_correct
OBS0173,CDM10,application_scenario,F3_comparison_semantics,linguistic_user_text,compare_equal,Python,3.14.4,casefold,unicode_defined,not_applicable,runtime_unicode_tables,3.14.4,16.0.0,,,,Linux-7.0.0-28-generic-x86_64-with-glibc2.43,tr-TR,root,I,U+0049,\u{0131},U+0131,False,False,True,,,False,0,,,37.613,conformant,conformant,cdm_hazard,cdm_hazard
OBS0174,CDM10,application_scenario,F3_comparison_semantics,linguistic_user_text,compare_equal,Python,3.14.4,locale_collator,default_locale_sensitive,not_applicable,libc_glibc,ldd (Ubuntu GLIBC 2.43-2ubuntu2.3) 2.43,16.0.0,,,ldd (Ubuntu GLIBC 2.43-2ubuntu2.3) 2.43,Linux-7.0.0-28-generic-x86_64-with-glibc2.43,tr-TR,tr_TR.utf8,I,U+0049,\u{0131},U+0131,,locale_defined,True,,,False,0,,,41.658,not_applicable,conformant,cdm_hazard,cdm_hazard
OBS0175,CDM10,application_scenario,F3_comparison_semantics,linguistic_user_text,compare_equal,Ruby,ruby 3.3.8 (2025-04-09 revision b200bad6cd) [x86_64-linux-gnu],casecmp,unicode_defined,not_applicable,runtime_unicode_tables,ruby 3.3.8 (2025-04-09 revision b200bad6cd) [x86_64-linux-gnu],,,,,Linux-7.0.0-28-generic-x86_64-with-glibc2.43,tr-TR,root,I,U+0049,\u{0131},U+0131,False,False,True,,,False,0,,,100.192,conformant,conformant,cdm_hazard,cdm_hazard
OBS0176,CDM10,application_scenario,F3_comparison_semantics,linguistic_user_text,compare_equal,Rust,rustc 1.93.1 (01f6ddf75 2026-02-11) (built from a source tarball),ascii_compare,ordinal_canonical,not_applicable,runtime_unicode_tables,rustc 1.93.1 (01f6ddf75 2026-02-11) (built from a source tarball),,,,,Linux-7.0.0-28-generic-x86_64-with-glibc2.43,tr-TR,root,I,U+0049,\u{0131},U+0131,,False,True,,,False,0,,,1.38,not_applicable,conformant,cdm_hazard,cdm_hazard
OBS0177,CDM11,application_scenario,F3_comparison_semantics,linguistic_user_text,compare_equal,C,gcc (Ubuntu 15.2.0-16ubuntu1) 15.2.0,icu_collator,explicit_locale_aware,not_applicable,icu_direct_or_bundled,78.2,,,78.2,,Linux-7.0.0-28-generic-x86_64-with-glibc2.43,tr-TR,tr,I,U+0049,i,U+0069,False,False,False,,,False,0,,,3.5,conformant,conformant,correct,application_correct
OBS0178,CDM11,application_scenario,F3_comparison_semantics,linguistic_user_text,compare_equal,DotNet,10.0.110,culture_compare,explicit_locale_aware,not_applicable,dotnet_globalization,10.0.110,,,78.2,,Linux-7.0.0-28-generic-x86_64-with-glibc2.43,tr-TR,tr-TR,I,U+0049,i,U+0069,,False,False,,,False,0,,,140.701,not_applicable,conformant,correct,application_correct
OBS0179,CDM11,application_scenario,F3_comparison_semantics,linguistic_user_text,compare_equal,DotNet,10.0.110,ordinal_ignore_case,ordinal_canonical,not_applicable,dotnet_globalization,10.0.110,,,78.2,,Linux-7.0.0-28-generic-x86_64-with-glibc2.43,tr-TR,root,I,U+0049,i,U+0069,,True,False,,,True,0,,,126.287,not_applicable,conformant,cdm_hazard,cdm_hazard
OBS0180,CDM11,application_scenario,F3_comparison_semantics,linguistic_user_text,compare_equal,Go,go version go1.26.0 linux/amd64,equal_fold,unicode_defined,not_applicable,runtime_unicode_tables,go version go1.26.0 linux/amd64,,,,,Linux-7.0.0-28-generic-x86_64-with-glibc2.43,tr-TR,root,I,U+0049,i,U+0069,True,True,False,,,True,0,,,3.235,conformant,conformant,cdm_hazard,cdm_hazard
OBS0181,CDM11,application_scenario,F3_comparison_semantics,linguistic_user_text,compare_equal,Java,"openjdk version ""25.0.3"" 2026-04-21",collator,explicit_locale_aware,not_applicable,jdk_locale_provider,"openjdk version ""25.0.3"" 2026-04-21",,,,,Linux-7.0.0-28-generic-x86_64-with-glibc2.43,tr-TR,tr-TR,I,U+0049,i,U+0069,,False,False,,,False,0,,,100.537,not_applicable,conformant,correct,application_correct
OBS0182,CDM11,application_scenario,F3_comparison_semantics,linguistic_user_text,compare_equal,Java,"openjdk version ""25.0.3"" 2026-04-21",equals_ignore_case,unicode_defined,not_applicable,runtime_unicode_tables,"openjdk version ""25.0.3"" 2026-04-21",,,,,Linux-7.0.0-28-generic-x86_64-with-glibc2.43,tr-TR,root,I,U+0049,i,U+0069,,True,False,,,True,0,,,63.58,not_applicable,conformant,cdm_hazard,cdm_hazard
OBS0183,CDM11,application_scenario,F3_comparison_semantics,linguistic_user_text,compare_equal,Node,22.22.1,collator,explicit_locale_aware,not_applicable,icu_direct_or_bundled,78.2,17.0,48.0,78.2,,Linux-7.0.0-28-generic-x86_64-with-glibc2.43,tr-TR,tr,I,U+0049,i,U+0069,False,False,False,,,False,0,,,185.205,conformant,conformant,correct,application_correct
OBS0184,CDM11,application_scenario,F3_comparison_semantics,linguistic_user_text,compare_equal,PHP,PHP 8.5.4 (cli) (built: Jul 16 2026 18:56:38) (NTS),collator,explicit_locale_aware,not_applicable,icu_direct_or_bundled,78.2,,,78.2,,Linux-7.0.0-28-generic-x86_64-with-glibc2.43,tr-TR,tr,I,U+0049,i,U+0069,False,False,False,,,False,0,,,24.459,conformant,conformant,correct,application_correct
OBS0185,CDM11,application_scenario,F3_comparison_semantics,linguistic_user_text,compare_equal,Python,3.14.4,casefold,unicode_defined,not_applicable,runtime_unicode_tables,3.14.4,16.0.0,,,,Linux-7.0.0-28-generic-x86_64-with-glibc2.43,tr-TR,root,I,U+0049,i,U+0069,True,True,False,,,True,0,,,37.457,conformant,conformant,cdm_hazard,cdm_hazard
OBS0186,CDM11,application_scenario,F3_comparison_semantics,linguistic_user_text,compare_equal,Python,3.14.4,locale_collator,default_locale_sensitive,not_applicable,libc_glibc,ldd (Ubuntu GLIBC 2.43-2ubuntu2.3) 2.43,16.0.0,,,ldd (Ubuntu GLIBC 2.43-2ubuntu2.3) 2.43,Linux-7.0.0-28-generic-x86_64-with-glibc2.43,tr-TR,tr_TR.utf8,I,U+0049,i,U+0069,,locale_defined,False,,,False,0,,,36.138,not_applicable,conformant,correct,application_correct
OBS0187,CDM11,application_scenario,F3_comparison_semantics,linguistic_user_text,compare_equal,Ruby,ruby 3.3.8 (2025-04-09 revision b200bad6cd) [x86_64-linux-gnu],casecmp,unicode_defined,not_applicable,runtime_unicode_tables,ruby 3.3.8 (2025-04-09 revision b200bad6cd) [x86_64-linux-gnu],,,,,Linux-7.0.0-28-generic-x86_64-with-glibc2.43,tr-TR,root,I,U+0049,i,U+0069,True,True,False,,,True,0,,,100.224,conformant,conformant,cdm_hazard,cdm_hazard
OBS0188,CDM11,application_scenario,F3_comparison_semantics,linguistic_user_text,compare_equal,Rust,rustc 1.93.1 (01f6ddf75 2026-02-11) (built from a source tarball),ascii_compare,ordinal_canonical,not_applicable,runtime_unicode_tables,rustc 1.93.1 (01f6ddf75 2026-02-11) (built from a source tarball),,,,,Linux-7.0.0-28-generic-x86_64-with-glibc2.43,tr-TR,root,I,U+0049,i,U+0069,,True,False,,,True,0,,,1.381,not_applicable,conformant,cdm_hazard,cdm_hazard
OBS0189,CDM20,application_scenario,F7_neutral_controls,mixed_or_ambiguous,lower,C,gcc (Ubuntu 15.2.0-16ubuntu1) 15.2.0,icu_locale,explicit_locale_aware,full_string,icu_direct_or_bundled,78.2,,,78.2,,Linux-7.0.0-28-generic-x86_64-with-glibc2.43,tr-TR,tr-TR,HELLO,U+0048 U+0045 U+004C U+004C U+004F,,,hello,hello,hello,hello,U+0068 U+0065 U+006C U+006C U+006F,,0,,,3.034,conformant,conformant,correct,application_correct
OBS0190,CDM20,application_scenario,F7_neutral_controls,mixed_or_ambiguous,lower,C,gcc (Ubuntu 15.2.0-16ubuntu1) 15.2.0,icu_root,invariant_root,full_string,icu_direct_or_bundled,78.2,,,78.2,,Linux-7.0.0-28-generic-x86_64-with-glibc2.43,tr-TR,root,HELLO,U+0048 U+0045 U+004C U+004C U+004F,,,hello,hello,hello,hello,U+0068 U+0065 U+006C U+006C U+006F,,0,,,2.823,conformant,conformant,correct,application_correct
OBS0191,CDM20,application_scenario,F7_neutral_controls,mixed_or_ambiguous,lower,DotNet,10.0.110,explicit_culture,explicit_locale_aware,full_string,dotnet_globalization,10.0.110,,,78.2,,Linux-7.0.0-28-generic-x86_64-with-glibc2.43,tr-TR,tr-TR,HELLO,U+0048 U+0045 U+004C U+004C U+004F,,,,hello,hello,hello,U+0068 U+0065 U+006C U+006C U+006F,,0,,,137.303,not_applicable,conformant,correct,application_correct
OBS0192,CDM20,application_scenario,F7_neutral_controls,mixed_or_ambiguous,lower,DotNet,10.0.110,current_culture,default_locale_sensitive,full_string,dotnet_globalization,10.0.110,,,78.2,,Linux-7.0.0-28-generic-x86_64-with-glibc2.43,tr-TR,tr-TR,HELLO,U+0048 U+0045 U+004C U+004C U+004F,,,,hello,hello,hello,U+0068 U+0065 U+006C U+006C U+006F,,0,,,132.882,not_applicable,conformant,correct,application_correct
OBS0193,CDM20,application_scenario,F7_neutral_controls,mixed_or_ambiguous,lower,DotNet,10.0.110,invariant,invariant_root,full_string,dotnet_globalization,10.0.110,,,78.2,,Linux-7.0.0-28-generic-x86_64-with-glibc2.43,tr-TR,root,HELLO,U+0048 U+0045 U+004C U+004C U+004F,,,,hello,hello,hello,U+0068 U+0065 U+006C U+006C U+006F,,0,,,121.948,not_applicable,conformant,correct,application_correct
OBS0194,CDM20,application_scenario,F7_neutral_controls,mixed_or_ambiguous,lower,Go,go version go1.26.0 linux/amd64,unicode_default,unicode_defined,simple_code_point,runtime_unicode_tables,go version go1.26.0 linux/amd64,,,,,Linux-7.0.0-28-generic-x86_64-with-glibc2.43,tr-TR,root,HELLO,U+0048 U+0045 U+004C U+004C U+004F,,,hello,hello,hello,hello,U+0068 U+0065 U+006C U+006C U+006F,,0,,,3.609,conformant,conformant,correct,application_correct
OBS0195,CDM20,application_scenario,F7_neutral_controls,mixed_or_ambiguous,lower,Go,go version go1.26.0 linux/amd64,turkic_special,explicit_locale_aware,simple_code_point,runtime_unicode_tables,go version go1.26.0 linux/amd64,,,,,Linux-7.0.0-28-generic-x86_64-with-glibc2.43,tr-TR,tr-TR,HELLO,U+0048 U+0045 U+004C U+004C U+004F,,,hello,hello,hello,hello,U+0068 U+0065 U+006C U+006C U+006F,,0,,,2.925,conformant,conformant,correct,application_correct
OBS0196,CDM20,application_scenario,F7_neutral_controls,mixed_or_ambiguous,lower,Java,"openjdk version ""25.0.3"" 2026-04-21",explicit_locale,explicit_locale_aware,full_string,jdk_locale_provider,"openjdk version ""25.0.3"" 2026-04-21",,,,,Linux-7.0.0-28-generic-x86_64-with-glibc2.43,tr-TR,tr-TR,HELLO,U+0048 U+0045 U+004C U+004C U+004F,,,hello,hello,hello,hello,U+0068 U+0065 U+006C U+006C U+006F,,0,,,64.722,conformant,conformant,correct,application_correct
OBS0197,CDM20,application_scenario,F7_neutral_controls,mixed_or_ambiguous,lower,Java,"openjdk version ""25.0.3"" 2026-04-21",default_locale,default_locale_sensitive,full_string,jdk_locale_provider,"openjdk version ""25.0.3"" 2026-04-21",,,,,Linux-7.0.0-28-generic-x86_64-with-glibc2.43,tr-TR,tr-TR,HELLO,U+0048 U+0045 U+004C U+004C U+004F,,,hello,hello,hello,hello,U+0068 U+0065 U+006C U+006C U+006F,,0,,,58.821,conformant,conformant,correct,application_correct
OBS0198,CDM20,application_scenario,F7_neutral_controls,mixed_or_ambiguous,lower,Java,"openjdk version ""25.0.3"" 2026-04-21",root,invariant_root,full_string,jdk_locale_provider,"openjdk version ""25.0.3"" 2026-04-21",,,,,Linux-7.0.0-28-generic-x86_64-with-glibc2.43,tr-TR,root,HELLO,U+0048 U+0045 U+004C U+004C U+004F,,,hello,hello,hello,hello,U+0068 U+0065 U+006C U+006C U+006F,,0,,,62.765,conformant,conformant,correct,application_correct
OBS0199,CDM20,application_scenario,F7_neutral_controls,mixed_or_ambiguous,lower,Node,22.22.1,explicit_locale,explicit_locale_aware,full_string,icu_direct_or_bundled,78.2,17.0,48.0,78.2,,Linux-7.0.0-28-generic-x86_64-with-glibc2.43,tr-TR,tr-TR,HELLO,U+0048 U+0045 U+004C U+004C U+004F,,,hello,hello,hello,hello,U+0068 U+0065 U+006C U+006C U+006F,,0,,,176.443,conformant,conformant,correct,application_correct
OBS0200,CDM20,application_scenario,F7_neutral_controls,mixed_or_ambiguous,lower,Node,22.22.1,unicode_default,unicode_defined,full_string,runtime_unicode_tables,22.22.1,17.0,48.0,,,Linux-7.0.0-28-generic-x86_64-with-glibc2.43,tr-TR,root,HELLO,U+0048 U+0045 U+004C U+004C U+004F,,,hello,hello,hello,hello,U+0068 U+0065 U+006C U+006C U+006F,,0,,,169.762,conformant,conformant,correct,application_correct
OBS0201,CDM20,application_scenario,F7_neutral_controls,mixed_or_ambiguous,lower,PHP,PHP 8.5.4 (cli) (built: Jul 16 2026 18:56:38) (NTS),unicode_default,unicode_defined,full_string,external_unicode_library,PHP 8.5.4 (cli) (built: Jul 16 2026 18:56:38) (NTS),,,,,Linux-7.0.0-28-generic-x86_64-with-glibc2.43,tr-TR,root,HELLO,U+0048 U+0045 U+004C U+004C U+004F,,,hello,hello,hello,hello,U+0068 U+0065 U+006C U+006C U+006F,,0,,,25.472,conformant,conformant,correct,application_correct
OBS0202,CDM20,application_scenario,F7_neutral_controls,mixed_or_ambiguous,lower,Python,3.14.4,unicode_default,unicode_defined,full_string,runtime_unicode_tables,3.14.4,16.0.0,,,,Linux-7.0.0-28-generic-x86_64-with-glibc2.43,tr-TR,root,HELLO,U+0048 U+0045 U+004C U+004C U+004F,,,hello,hello,hello,hello,U+0068 U+0065 U+006C U+006C U+006F,,0,,,37.779,conformant,conformant,correct,application_correct
OBS0203,CDM20,application_scenario,F7_neutral_controls,mixed_or_ambiguous,lower,Ruby,ruby 3.3.8 (2025-04-09 revision b200bad6cd) [x86_64-linux-gnu],unicode_default,unicode_defined,full_string,runtime_unicode_tables,ruby 3.3.8 (2025-04-09 revision b200bad6cd) [x86_64-linux-gnu],,,,,Linux-7.0.0-28-generic-x86_64-with-glibc2.43,tr-TR,root,HELLO,U+0048 U+0045 U+004C U+004C U+004F,,,hello,hello,hello,hello,U+0068 U+0065 U+006C U+006C U+006F,,0,,,102.466,conformant,conformant,correct,application_correct
OBS0204,CDM20,application_scenario,F7_neutral_controls,mixed_or_ambiguous,lower,Ruby,ruby 3.3.8 (2025-04-09 revision b200bad6cd) [x86_64-linux-gnu],turkic,explicit_locale_aware,full_string,runtime_unicode_tables,ruby 3.3.8 (2025-04-09 revision b200bad6cd) [x86_64-linux-gnu],,,,,Linux-7.0.0-28-generic-x86_64-with-glibc2.43,tr-TR,tr-TR,HELLO,U+0048 U+0045 U+004C U+004C U+004F,,,hello,hello,hello,hello,U+0068 U+0065 U+006C U+006C U+006F,,0,,,99.404,conformant,conformant,correct,application_correct
OBS0205,CDM20,application_scenario,F7_neutral_controls,mixed_or_ambiguous,lower,Ruby,ruby 3.3.8 (2025-04-09 revision b200bad6cd) [x86_64-linux-gnu],ascii,ordinal_canonical,simple_code_point,runtime_unicode_tables,ruby 3.3.8 (2025-04-09 revision b200bad6cd) [x86_64-linux-gnu],,,,,Linux-7.0.0-28-generic-x86_64-with-glibc2.43,tr-TR,root,HELLO,U+0048 U+0045 U+004C U+004C U+004F,,,,hello,hello,hello,U+0068 U+0065 U+006C U+006C U+006F,,0,,,102.004,not_applicable,conformant,correct,application_correct
OBS0206,CDM20,application_scenario,F7_neutral_controls,mixed_or_ambiguous,lower,Rust,rustc 1.93.1 (01f6ddf75 2026-02-11) (built from a source tarball),unicode_default,unicode_defined,full_string,runtime_unicode_tables,rustc 1.93.1 (01f6ddf75 2026-02-11) (built from a source tarball),,,,,Linux-7.0.0-28-generic-x86_64-with-glibc2.43,tr-TR,root,HELLO,U+0048 U+0045 U+004C U+004C U+004F,,,hello,hello,hello,hello,U+0068 U+0065 U+006C U+006C U+006F,,0,,,1.437,conformant,conformant,correct,application_correct
OBS0207,CDM20,application_scenario,F7_neutral_controls,mixed_or_ambiguous,lower,Rust,rustc 1.93.1 (01f6ddf75 2026-02-11) (built from a source tarball),ascii,ordinal_canonical,simple_code_point,runtime_unicode_tables,rustc 1.93.1 (01f6ddf75 2026-02-11) (built from a source tarball),,,,,Linux-7.0.0-28-generic-x86_64-with-glibc2.43,tr-TR,tr-TR,HELLO,U+0048 U+0045 U+004C U+004C U+004F,,,,hello,hello,hello,U+0068 U+0065 U+006C U+006C U+006F,,0,,,1.34,not_applicable,conformant,correct,application_correct
OBS0208,CDM21,application_scenario,F7_neutral_controls,application_defined_canonical_text,lower,C,gcc (Ubuntu 15.2.0-16ubuntu1) 15.2.0,icu_locale,explicit_locale_aware,full_string,icu_direct_or_bundled,78.2,,,78.2,,Linux-7.0.0-28-generic-x86_64-with-glibc2.43,tr-TR,tr-TR,123-_,U+0031 U+0032 U+0033 U+002D U+005F,,,123-_,123-_,123-_,123-_,U+0031 U+0032 U+0033 U+002D U+005F,,0,,,3.451,conformant,conformant,correct,application_correct
OBS0209,CDM21,application_scenario,F7_neutral_controls,application_defined_canonical_text,lower,C,gcc (Ubuntu 15.2.0-16ubuntu1) 15.2.0,icu_root,invariant_root,full_string,icu_direct_or_bundled,78.2,,,78.2,,Linux-7.0.0-28-generic-x86_64-with-glibc2.43,tr-TR,root,123-_,U+0031 U+0032 U+0033 U+002D U+005F,,,123-_,123-_,123-_,123-_,U+0031 U+0032 U+0033 U+002D U+005F,,0,,,2.811,conformant,conformant,correct,application_correct
OBS0210,CDM21,application_scenario,F7_neutral_controls,application_defined_canonical_text,lower,DotNet,10.0.110,explicit_culture,explicit_locale_aware,full_string,dotnet_globalization,10.0.110,,,78.2,,Linux-7.0.0-28-generic-x86_64-with-glibc2.43,tr-TR,tr-TR,123-_,U+0031 U+0032 U+0033 U+002D U+005F,,,,123-_,123-_,123-_,U+0031 U+0032 U+0033 U+002D U+005F,,0,,,136.811,not_applicable,conformant,correct,application_correct
OBS0211,CDM21,application_scenario,F7_neutral_controls,application_defined_canonical_text,lower,DotNet,10.0.110,current_culture,default_locale_sensitive,full_string,dotnet_globalization,10.0.110,,,78.2,,Linux-7.0.0-28-generic-x86_64-with-glibc2.43,tr-TR,tr-TR,123-_,U+0031 U+0032 U+0033 U+002D U+005F,,,,123-_,123-_,123-_,U+0031 U+0032 U+0033 U+002D U+005F,,0,,,138.813,not_applicable,conformant,correct,application_correct
OBS0212,CDM21,application_scenario,F7_neutral_controls,application_defined_canonical_text,lower,DotNet,10.0.110,invariant,invariant_root,full_string,dotnet_globalization,10.0.110,,,78.2,,Linux-7.0.0-28-generic-x86_64-with-glibc2.43,tr-TR,root,123-_,U+0031 U+0032 U+0033 U+002D U+005F,,,,123-_,123-_,123-_,U+0031 U+0032 U+0033 U+002D U+005F,,0,,,119.864,not_applicable,conformant,correct,application_correct
OBS0213,CDM21,application_scenario,F7_neutral_controls,application_defined_canonical_text,lower,Go,go version go1.26.0 linux/amd64,unicode_default,unicode_defined,simple_code_point,runtime_unicode_tables,go version go1.26.0 linux/amd64,,,,,Linux-7.0.0-28-generic-x86_64-with-glibc2.43,tr-TR,root,123-_,U+0031 U+0032 U+0033 U+002D U+005F,,,123-_,123-_,123-_,123-_,U+0031 U+0032 U+0033 U+002D U+005F,,0,,,4.842,conformant,conformant,correct,application_correct
OBS0214,CDM21,application_scenario,F7_neutral_controls,application_defined_canonical_text,lower,Go,go version go1.26.0 linux/amd64,turkic_special,explicit_locale_aware,simple_code_point,runtime_unicode_tables,go version go1.26.0 linux/amd64,,,,,Linux-7.0.0-28-generic-x86_64-with-glibc2.43,tr-TR,tr-TR,123-_,U+0031 U+0032 U+0033 U+002D U+005F,,,123-_,123-_,123-_,123-_,U+0031 U+0032 U+0033 U+002D U+005F,,0,,,3.656,conformant,conformant,correct,application_correct
OBS0215,CDM21,application_scenario,F7_neutral_controls,application_defined_canonical_text,lower,Java,"openjdk version ""25.0.3"" 2026-04-21",explicit_locale,explicit_locale_aware,full_string,jdk_locale_provider,"openjdk version ""25.0.3"" 2026-04-21",,,,,Linux-7.0.0-28-generic-x86_64-with-glibc2.43,tr-TR,tr-TR,123-_,U+0031 U+0032 U+0033 U+002D U+005F,,,123-_,123-_,123-_,123-_,U+0031 U+0032 U+0033 U+002D U+005F,,0,,,64.485,conformant,conformant,correct,application_correct
OBS0216,CDM21,application_scenario,F7_neutral_controls,application_defined_canonical_text,lower,Java,"openjdk version ""25.0.3"" 2026-04-21",default_locale,default_locale_sensitive,full_string,jdk_locale_provider,"openjdk version ""25.0.3"" 2026-04-21",,,,,Linux-7.0.0-28-generic-x86_64-with-glibc2.43,tr-TR,tr-TR,123-_,U+0031 U+0032 U+0033 U+002D U+005F,,,123-_,123-_,123-_,123-_,U+0031 U+0032 U+0033 U+002D U+005F,,0,,,64.652,conformant,conformant,correct,application_correct
OBS0217,CDM21,application_scenario,F7_neutral_controls,application_defined_canonical_text,lower,Java,"openjdk version ""25.0.3"" 2026-04-21",root,invariant_root,full_string,jdk_locale_provider,"openjdk version ""25.0.3"" 2026-04-21",,,,,Linux-7.0.0-28-generic-x86_64-with-glibc2.43,tr-TR,root,123-_,U+0031 U+0032 U+0033 U+002D U+005F,,,123-_,123-_,123-_,123-_,U+0031 U+0032 U+0033 U+002D U+005F,,0,,,62.58,conformant,conformant,correct,application_correct
OBS0218,CDM21,application_scenario,F7_neutral_controls,application_defined_canonical_text,lower,Node,22.22.1,explicit_locale,explicit_locale_aware,full_string,icu_direct_or_bundled,78.2,17.0,48.0,78.2,,Linux-7.0.0-28-generic-x86_64-with-glibc2.43,tr-TR,tr-TR,123-_,U+0031 U+0032 U+0033 U+002D U+005F,,,123-_,123-_,123-_,123-_,U+0031 U+0032 U+0033 U+002D U+005F,,0,,,174.705,conformant,conformant,correct,application_correct
OBS0219,CDM21,application_scenario,F7_neutral_controls,application_defined_canonical_text,lower,Node,22.22.1,unicode_default,unicode_defined,full_string,runtime_unicode_tables,22.22.1,17.0,48.0,,,Linux-7.0.0-28-generic-x86_64-with-glibc2.43,tr-TR,root,123-_,U+0031 U+0032 U+0033 U+002D U+005F,,,123-_,123-_,123-_,123-_,U+0031 U+0032 U+0033 U+002D U+005F,,0,,,172.765,conformant,conformant,correct,application_correct
OBS0220,CDM21,application_scenario,F7_neutral_controls,application_defined_canonical_text,lower,PHP,PHP 8.5.4 (cli) (built: Jul 16 2026 18:56:38) (NTS),unicode_default,unicode_defined,full_string,external_unicode_library,PHP 8.5.4 (cli) (built: Jul 16 2026 18:56:38) (NTS),,,,,Linux-7.0.0-28-generic-x86_64-with-glibc2.43,tr-TR,root,123-_,U+0031 U+0032 U+0033 U+002D U+005F,,,123-_,123-_,123-_,123-_,U+0031 U+0032 U+0033 U+002D U+005F,,0,,,24.91,conformant,conformant,correct,application_correct
OBS0221,CDM21,application_scenario,F7_neutral_controls,application_defined_canonical_text,lower,Python,3.14.4,unicode_default,unicode_defined,full_string,runtime_unicode_tables,3.14.4,16.0.0,,,,Linux-7.0.0-28-generic-x86_64-with-glibc2.43,tr-TR,root,123-_,U+0031 U+0032 U+0033 U+002D U+005F,,,123-_,123-_,123-_,123-_,U+0031 U+0032 U+0033 U+002D U+005F,,0,,,38.612,conformant,conformant,correct,application_correct
OBS0222,CDM21,application_scenario,F7_neutral_controls,application_defined_canonical_text,lower,Ruby,ruby 3.3.8 (2025-04-09 revision b200bad6cd) [x86_64-linux-gnu],unicode_default,unicode_defined,full_string,runtime_unicode_tables,ruby 3.3.8 (2025-04-09 revision b200bad6cd) [x86_64-linux-gnu],,,,,Linux-7.0.0-28-generic-x86_64-with-glibc2.43,tr-TR,root,123-_,U+0031 U+0032 U+0033 U+002D U+005F,,,123-_,123-_,123-_,123-_,U+0031 U+0032 U+0033 U+002D U+005F,,0,,,101.429,conformant,conformant,correct,application_correct
OBS0223,CDM21,application_scenario,F7_neutral_controls,application_defined_canonical_text,lower,Ruby,ruby 3.3.8 (2025-04-09 revision b200bad6cd) [x86_64-linux-gnu],turkic,explicit_locale_aware,full_string,runtime_unicode_tables,ruby 3.3.8 (2025-04-09 revision b200bad6cd) [x86_64-linux-gnu],,,,,Linux-7.0.0-28-generic-x86_64-with-glibc2.43,tr-TR,tr-TR,123-_,U+0031 U+0032 U+0033 U+002D U+005F,,,123-_,123-_,123-_,123-_,U+0031 U+0032 U+0033 U+002D U+005F,,0,,,100.853,conformant,conformant,correct,application_correct
OBS0224,CDM21,application_scenario,F7_neutral_controls,application_defined_canonical_text,lower,Ruby,ruby 3.3.8 (2025-04-09 revision b200bad6cd) [x86_64-linux-gnu],ascii,ordinal_canonical,simple_code_point,runtime_unicode_tables,ruby 3.3.8 (2025-04-09 revision b200bad6cd) [x86_64-linux-gnu],,,,,Linux-7.0.0-28-generic-x86_64-with-glibc2.43,tr-TR,root,123-_,U+0031 U+0032 U+0033 U+002D U+005F,,,,123-_,123-_,123-_,U+0031 U+0032 U+0033 U+002D U+005F,,0,,,98.077,not_applicable,conformant,correct,application_correct
OBS0225,CDM21,application_scenario,F7_neutral_controls,application_defined_canonical_text,lower,Rust,rustc 1.93.1 (01f6ddf75 2026-02-11) (built from a source tarball),unicode_default,unicode_defined,full_string,runtime_unicode_tables,rustc 1.93.1 (01f6ddf75 2026-02-11) (built from a source tarball),,,,,Linux-7.0.0-28-generic-x86_64-with-glibc2.43,tr-TR,root,123-_,U+0031 U+0032 U+0033 U+002D U+005F,,,123-_,123-_,123-_,123-_,U+0031 U+0032 U+0033 U+002D U+005F,,0,,,1.436,conformant,conformant,correct,application_correct
OBS0226,CDM21,application_scenario,F7_neutral_controls,application_defined_canonical_text,lower,Rust,rustc 1.93.1 (01f6ddf75 2026-02-11) (built from a source tarball),ascii,ordinal_canonical,simple_code_point,runtime_unicode_tables,rustc 1.93.1 (01f6ddf75 2026-02-11) (built from a source tarball),,,,,Linux-7.0.0-28-generic-x86_64-with-glibc2.43,tr-TR,tr-TR,123-_,U+0031 U+0032 U+0033 U+002D U+005F,,,,123-_,123-_,123-_,U+0031 U+0032 U+0033 U+002D U+005F,,0,,,1.344,not_applicable,conformant,correct,application_correct
OBS0227,CDM12,application_scenario,F4_normalization_interaction,application_defined_canonical_text,normalize_compare,C,gcc (Ubuntu 15.2.0-16ubuntu1) 15.2.0,icu_normalizer,unicode_defined,not_applicable,icu_direct_or_bundled,78.2,,,78.2,,Linux-7.0.0-28-generic-x86_64-with-glibc2.43,root,root,\u{0130},U+0130,I\u{0307},U+0049 U+0307,True,True,True,,,True,0,,,3.416,conformant,conformant,correct,application_correct
OBS0228,CDM12,application_scenario,F4_normalization_interaction,application_defined_canonical_text,normalize_compare,DotNet,10.0.110,normalizer,unicode_defined,not_applicable,dotnet_globalization,10.0.110,,,78.2,,Linux-7.0.0-28-generic-x86_64-with-glibc2.43,root,root,\u{0130},U+0130,I\u{0307},U+0049 U+0307,,True,True,,,True,0,,,127.145,not_applicable,conformant,correct,application_correct
OBS0229,CDM12,application_scenario,F4_normalization_interaction,application_defined_canonical_text,normalize_compare,Go,go version go1.26.0 linux/amd64,normalizer,unsupported,not_applicable,runtime_unicode_tables,go version go1.26.0 linux/amd64,,,,,Linux-7.0.0-28-generic-x86_64-with-glibc2.43,root,root,\u{0130},U+0130,I\u{0307},U+0049 U+0307,,,True,,,,0,no_standard_library_normalization,,3.349,not_applicable,unsupported,unsupported,unsupported
OBS0230,CDM12,application_scenario,F4_normalization_interaction,application_defined_canonical_text,normalize_compare,Java,"openjdk version ""25.0.3"" 2026-04-21",normalizer,unicode_defined,not_applicable,runtime_unicode_tables,"openjdk version ""25.0.3"" 2026-04-21",,,,,Linux-7.0.0-28-generic-x86_64-with-glibc2.43,root,root,\u{0130},U+0130,I\u{0307},U+0049 U+0307,True,True,True,,,True,0,,,75.274,conformant,conformant,correct,application_correct
OBS0231,CDM12,application_scenario,F4_normalization_interaction,application_defined_canonical_text,normalize_compare,Node,22.22.1,normalizer,unicode_defined,not_applicable,runtime_unicode_tables,22.22.1,17.0,48.0,,,Linux-7.0.0-28-generic-x86_64-with-glibc2.43,root,root,\u{0130},U+0130,I\u{0307},U+0049 U+0307,True,True,True,,,True,0,,,168.374,conformant,conformant,correct,application_correct
OBS0232,CDM12,application_scenario,F4_normalization_interaction,application_defined_canonical_text,normalize_compare,PHP,PHP 8.5.4 (cli) (built: Jul 16 2026 18:56:38) (NTS),normalizer,unicode_defined,not_applicable,icu_direct_or_bundled,78.2,,,78.2,,Linux-7.0.0-28-generic-x86_64-with-glibc2.43,root,root,\u{0130},U+0130,I\u{0307},U+0049 U+0307,True,True,True,,,True,0,,,25.9,conformant,conformant,correct,application_correct
OBS0233,CDM12,application_scenario,F4_normalization_interaction,application_defined_canonical_text,normalize_compare,Python,3.14.4,normalizer,unicode_defined,not_applicable,runtime_unicode_tables,3.14.4,16.0.0,,,,Linux-7.0.0-28-generic-x86_64-with-glibc2.43,root,root,\u{0130},U+0130,I\u{0307},U+0049 U+0307,True,True,True,,,True,0,,,37.823,conformant,conformant,correct,application_correct
OBS0234,CDM12,application_scenario,F4_normalization_interaction,application_defined_canonical_text,normalize_compare,Ruby,ruby 3.3.8 (2025-04-09 revision b200bad6cd) [x86_64-linux-gnu],normalizer,unicode_defined,not_applicable,runtime_unicode_tables,ruby 3.3.8 (2025-04-09 revision b200bad6cd) [x86_64-linux-gnu],,,,,Linux-7.0.0-28-generic-x86_64-with-glibc2.43,root,root,\u{0130},U+0130,I\u{0307},U+0049 U+0307,True,True,True,,,True,0,,,127.658,conformant,conformant,correct,application_correct
OBS0235,CDM12,application_scenario,F4_normalization_interaction,application_defined_canonical_text,normalize_compare,Rust,rustc 1.93.1 (01f6ddf75 2026-02-11) (built from a source tarball),normalizer,unsupported,not_applicable,runtime_unicode_tables,rustc 1.93.1 (01f6ddf75 2026-02-11) (built from a source tarball),,,,,Linux-7.0.0-28-generic-x86_64-with-glibc2.43,root,root,\u{0130},U+0130,I\u{0307},U+0049 U+0307,,,True,,,,0,no_standard_library_normalization,,1.444,not_applicable,unsupported,unsupported,unsupported
OBS0236,CDM13,application_scenario,F4_normalization_interaction,application_defined_canonical_text,normalize_lower_compare,C,gcc (Ubuntu 15.2.0-16ubuntu1) 15.2.0,icu_normalizer,unicode_defined,not_applicable,icu_direct_or_bundled,78.2,,,78.2,,Linux-7.0.0-28-generic-x86_64-with-glibc2.43,root,root,\u{0130},U+0130,I\u{0307},U+0049 U+0307,True,True,True,,,True,0,,,3.583,conformant,conformant,correct,application_correct
OBS0237,CDM13,application_scenario,F4_normalization_interaction,application_defined_canonical_text,normalize_lower_compare,DotNet,10.0.110,normalizer,unicode_defined,not_applicable,dotnet_globalization,10.0.110,,,78.2,,Linux-7.0.0-28-generic-x86_64-with-glibc2.43,root,root,\u{0130},U+0130,I\u{0307},U+0049 U+0307,,True,True,,,True,0,,,126.271,not_applicable,conformant,correct,application_correct
OBS0238,CDM13,application_scenario,F4_normalization_interaction,application_defined_canonical_text,normalize_lower_compare,Go,go version go1.26.0 linux/amd64,normalizer,unsupported,not_applicable,runtime_unicode_tables,go version go1.26.0 linux/amd64,,,,,Linux-7.0.0-28-generic-x86_64-with-glibc2.43,root,root,\u{0130},U+0130,I\u{0307},U+0049 U+0307,,,True,,,,0,no_standard_library_normalization,,3.724,not_applicable,unsupported,unsupported,unsupported
OBS0239,CDM13,application_scenario,F4_normalization_interaction,application_defined_canonical_text,normalize_lower_compare,Java,"openjdk version ""25.0.3"" 2026-04-21",normalizer,unicode_defined,not_applicable,runtime_unicode_tables,"openjdk version ""25.0.3"" 2026-04-21",,,,,Linux-7.0.0-28-generic-x86_64-with-glibc2.43,root,root,\u{0130},U+0130,I\u{0307},U+0049 U+0307,True,True,True,,,True,0,,,75.968,conformant,conformant,correct,application_correct
OBS0240,CDM13,application_scenario,F4_normalization_interaction,application_defined_canonical_text,normalize_lower_compare,Node,22.22.1,normalizer,unicode_defined,not_applicable,runtime_unicode_tables,22.22.1,17.0,48.0,,,Linux-7.0.0-28-generic-x86_64-with-glibc2.43,root,root,\u{0130},U+0130,I\u{0307},U+0049 U+0307,True,True,True,,,True,0,,,170.423,conformant,conformant,correct,application_correct
OBS0241,CDM13,application_scenario,F4_normalization_interaction,application_defined_canonical_text,normalize_lower_compare,PHP,PHP 8.5.4 (cli) (built: Jul 16 2026 18:56:38) (NTS),normalizer,unicode_defined,not_applicable,icu_direct_or_bundled,78.2,,,78.2,,Linux-7.0.0-28-generic-x86_64-with-glibc2.43,root,root,\u{0130},U+0130,I\u{0307},U+0049 U+0307,True,True,True,,,True,0,,,24.178,conformant,conformant,correct,application_correct
OBS0242,CDM13,application_scenario,F4_normalization_interaction,application_defined_canonical_text,normalize_lower_compare,Python,3.14.4,normalizer,unicode_defined,not_applicable,runtime_unicode_tables,3.14.4,16.0.0,,,,Linux-7.0.0-28-generic-x86_64-with-glibc2.43,root,root,\u{0130},U+0130,I\u{0307},U+0049 U+0307,True,True,True,,,True,0,,,37.366,conformant,conformant,correct,application_correct
OBS0243,CDM13,application_scenario,F4_normalization_interaction,application_defined_canonical_text,normalize_lower_compare,Ruby,ruby 3.3.8 (2025-04-09 revision b200bad6cd) [x86_64-linux-gnu],normalizer,unicode_defined,not_applicable,runtime_unicode_tables,ruby 3.3.8 (2025-04-09 revision b200bad6cd) [x86_64-linux-gnu],,,,,Linux-7.0.0-28-generic-x86_64-with-glibc2.43,root,root,\u{0130},U+0130,I\u{0307},U+0049 U+0307,True,True,True,,,True,0,,,130.192,conformant,conformant,correct,application_correct
OBS0244,CDM13,application_scenario,F4_normalization_interaction,application_defined_canonical_text,normalize_lower_compare,Rust,rustc 1.93.1 (01f6ddf75 2026-02-11) (built from a source tarball),normalizer,unsupported,not_applicable,runtime_unicode_tables,rustc 1.93.1 (01f6ddf75 2026-02-11) (built from a source tarball),,,,,Linux-7.0.0-28-generic-x86_64-with-glibc2.43,root,root,\u{0130},U+0130,I\u{0307},U+0049 U+0307,,,True,,,,0,no_standard_library_normalization,,1.39,not_applicable,unsupported,unsupported,unsupported
OBS0245,CDM14,application_scenario,F5_native_libc_contamination,machine_token_or_keyword,native_lower,C,gcc (Ubuntu 15.2.0-16ubuntu1) 15.2.0,libc_process,default_locale_sensitive,simple_code_point,libc_glibc,ldd (Ubuntu GLIBC 2.43-2ubuntu2.3) 2.43,,,,ldd (Ubuntu GLIBC 2.43-2ubuntu2.3) 2.43,Linux-7.0.0-28-generic-x86_64-with-glibc2.43,tr_TR.UTF-8,tr_TR.utf8,INIT,U+0049 U+004E U+0049 U+0054,,,,locale_defined,init,InIt,U+0049 U+006E U+0049 U+0074,,0,,,3.206,not_applicable,conformant,cdm_hazard,cdm_hazard
OBS0246,CDM14,application_scenario,F5_native_libc_contamination,machine_token_or_keyword,native_lower,C,gcc (Ubuntu 15.2.0-16ubuntu1) 15.2.0,ascii,ordinal_canonical,simple_code_point,runtime_unicode_tables,gcc (Ubuntu 15.2.0-16ubuntu1) 15.2.0,,,,,Linux-7.0.0-28-generic-x86_64-with-glibc2.43,tr_TR.UTF-8,tr_TR.utf8,INIT,U+0049 U+004E U+0049 U+0054,,,,init,init,init,U+0069 U+006E U+0069 U+0074,,0,,,2.926,not_applicable,conformant,correct,application_correct
OBS0247,CDM14,application_scenario,F5_native_libc_contamination,machine_token_or_keyword,native_lower,C,gcc (Ubuntu 15.2.0-16ubuntu1) 15.2.0,libc_process,default_locale_sensitive,simple_code_point,libc_glibc,ldd (Ubuntu GLIBC 2.43-2ubuntu2.3) 2.43,,,,ldd (Ubuntu GLIBC 2.43-2ubuntu2.3) 2.43,Linux-7.0.0-28-generic-x86_64-with-glibc2.43,en_US.UTF-8,en_US.utf8,INIT,U+0049 U+004E U+0049 U+0054,,,,locale_defined,init,init,U+0069 U+006E U+0069 U+0074,,0,,,3.571,not_applicable,conformant,correct,application_correct
OBS0248,CDM14,application_scenario,F5_native_libc_contamination,machine_token_or_keyword,native_lower,C,gcc (Ubuntu 15.2.0-16ubuntu1) 15.2.0,ascii,ordinal_canonical,simple_code_point,runtime_unicode_tables,gcc (Ubuntu 15.2.0-16ubuntu1) 15.2.0,,,,,Linux-7.0.0-28-generic-x86_64-with-glibc2.43,en_US.UTF-8,en_US.utf8,INIT,U+0049 U+004E U+0049 U+0054,,,,init,init,init,U+0069 U+006E U+0069 U+0074,,0,,,2.842,not_applicable,conformant,correct,application_correct
OBS0249,CDM14,application_scenario,F5_native_libc_contamination,machine_token_or_keyword,native_lower,C,gcc (Ubuntu 15.2.0-16ubuntu1) 15.2.0,libc_process,default_locale_sensitive,simple_code_point,libc_glibc,ldd (Ubuntu GLIBC 2.43-2ubuntu2.3) 2.43,,,,ldd (Ubuntu GLIBC 2.43-2ubuntu2.3) 2.43,Linux-7.0.0-28-generic-x86_64-with-glibc2.43,C.UTF-8,C.utf8,INIT,U+0049 U+004E U+0049 U+0054,,,,locale_defined,init,init,U+0069 U+006E U+0069 U+0074,,0,,,3.113,not_applicable,conformant,correct,application_correct
OBS0250,CDM14,application_scenario,F5_native_libc_contamination,machine_token_or_keyword,native_lower,C,gcc (Ubuntu 15.2.0-16ubuntu1) 15.2.0,ascii,ordinal_canonical,simple_code_point,runtime_unicode_tables,gcc (Ubuntu 15.2.0-16ubuntu1) 15.2.0,,,,,Linux-7.0.0-28-generic-x86_64-with-glibc2.43,C.UTF-8,C.utf8,INIT,U+0049 U+004E U+0049 U+0054,,,,init,init,init,U+0069 U+006E U+0069 U+0074,,0,,,2.845,not_applicable,conformant,correct,application_correct
OBS0251,CDM15,application_scenario,F5_native_libc_contamination,machine_token_or_keyword,native_compare_equal,C,gcc (Ubuntu 15.2.0-16ubuntu1) 15.2.0,libc_process,default_locale_sensitive,simple_code_point,libc_glibc,ldd (Ubuntu GLIBC 2.43-2ubuntu2.3) 2.43,,,,ldd (Ubuntu GLIBC 2.43-2ubuntu2.3) 2.43,Linux-7.0.0-28-generic-x86_64-with-glibc2.43,tr_TR.UTF-8,tr_TR.utf8,quit,U+0071 U+0075 U+0069 U+0074,QUIT,U+0051 U+0055 U+0049 U+0054,,locale_defined,True,,,False,0,,,2.749,not_applicable,conformant,cdm_hazard,cdm_hazard
OBS0252,CDM15,application_scenario,F5_native_libc_contamination,machine_token_or_keyword,native_compare_equal,C,gcc (Ubuntu 15.2.0-16ubuntu1) 15.2.0,ascii,ordinal_canonical,simple_code_point,runtime_unicode_tables,gcc (Ubuntu 15.2.0-16ubuntu1) 15.2.0,,,,,Linux-7.0.0-28-generic-x86_64-with-glibc2.43,tr_TR.UTF-8,tr_TR.utf8,quit,U+0071 U+0075 U+0069 U+0074,QUIT,U+0051 U+0055 U+0049 U+0054,,True,True,,,True,0,,,2.932,not_applicable,conformant,correct,application_correct
OBS0253,CDM15,application_scenario,F5_native_libc_contamination,machine_token_or_keyword,native_compare_equal,C,gcc (Ubuntu 15.2.0-16ubuntu1) 15.2.0,libc_process,default_locale_sensitive,simple_code_point,libc_glibc,ldd (Ubuntu GLIBC 2.43-2ubuntu2.3) 2.43,,,,ldd (Ubuntu GLIBC 2.43-2ubuntu2.3) 2.43,Linux-7.0.0-28-generic-x86_64-with-glibc2.43,en_US.UTF-8,en_US.utf8,quit,U+0071 U+0075 U+0069 U+0074,QUIT,U+0051 U+0055 U+0049 U+0054,,locale_defined,True,,,True,0,,,3.021,not_applicable,conformant,correct,application_correct
OBS0254,CDM15,application_scenario,F5_native_libc_contamination,machine_token_or_keyword,native_compare_equal,C,gcc (Ubuntu 15.2.0-16ubuntu1) 15.2.0,ascii,ordinal_canonical,simple_code_point,runtime_unicode_tables,gcc (Ubuntu 15.2.0-16ubuntu1) 15.2.0,,,,,Linux-7.0.0-28-generic-x86_64-with-glibc2.43,en_US.UTF-8,en_US.utf8,quit,U+0071 U+0075 U+0069 U+0074,QUIT,U+0051 U+0055 U+0049 U+0054,,True,True,,,True,0,,,2.744,not_applicable,conformant,correct,application_correct
OBS0255,CDM15,application_scenario,F5_native_libc_contamination,machine_token_or_keyword,native_compare_equal,C,gcc (Ubuntu 15.2.0-16ubuntu1) 15.2.0,libc_process,default_locale_sensitive,simple_code_point,libc_glibc,ldd (Ubuntu GLIBC 2.43-2ubuntu2.3) 2.43,,,,ldd (Ubuntu GLIBC 2.43-2ubuntu2.3) 2.43,Linux-7.0.0-28-generic-x86_64-with-glibc2.43,C.UTF-8,C.utf8,quit,U+0071 U+0075 U+0069 U+0074,QUIT,U+0051 U+0055 U+0049 U+0054,,locale_defined,True,,,True,0,,,2.901,not_applicable,conformant,correct,application_correct
OBS0256,CDM15,application_scenario,F5_native_libc_contamination,machine_token_or_keyword,native_compare_equal,C,gcc (Ubuntu 15.2.0-16ubuntu1) 15.2.0,ascii,ordinal_canonical,simple_code_point,runtime_unicode_tables,gcc (Ubuntu 15.2.0-16ubuntu1) 15.2.0,,,,,Linux-7.0.0-28-generic-x86_64-with-glibc2.43,C.UTF-8,C.utf8,quit,U+0071 U+0075 U+0069 U+0074,QUIT,U+0051 U+0055 U+0049 U+0054,,True,True,,,True,0,,,3.033,not_applicable,conformant,correct,application_correct
OBS0257,CDM16,application_scenario,F5_native_libc_contamination,machine_token_or_keyword,native_lower,C,gcc (Ubuntu 15.2.0-16ubuntu1) 15.2.0,libc_process,default_locale_sensitive,simple_code_point,libc_glibc,ldd (Ubuntu GLIBC 2.43-2ubuntu2.3) 2.43,,,,ldd (Ubuntu GLIBC 2.43-2ubuntu2.3) 2.43,Linux-7.0.0-28-generic-x86_64-with-glibc2.43,tr_TR.UTF-8,tr_TR.utf8,LEVEL,U+004C U+0045 U+0056 U+0045 U+004C,,,,locale_defined,level,level,U+006C U+0065 U+0076 U+0065 U+006C,,0,,,2.826,not_applicable,conformant,correct,application_correct
OBS0258,CDM16,application_scenario,F5_native_libc_contamination,machine_token_or_keyword,native_lower,C,gcc (Ubuntu 15.2.0-16ubuntu1) 15.2.0,ascii,ordinal_canonical,simple_code_point,runtime_unicode_tables,gcc (Ubuntu 15.2.0-16ubuntu1) 15.2.0,,,,,Linux-7.0.0-28-generic-x86_64-with-glibc2.43,tr_TR.UTF-8,tr_TR.utf8,LEVEL,U+004C U+0045 U+0056 U+0045 U+004C,,,,level,level,level,U+006C U+0065 U+0076 U+0065 U+006C,,0,,,2.754,not_applicable,conformant,correct,application_correct
OBS0259,CDM16,application_scenario,F5_native_libc_contamination,machine_token_or_keyword,native_lower,C,gcc (Ubuntu 15.2.0-16ubuntu1) 15.2.0,libc_process,default_locale_sensitive,simple_code_point,libc_glibc,ldd (Ubuntu GLIBC 2.43-2ubuntu2.3) 2.43,,,,ldd (Ubuntu GLIBC 2.43-2ubuntu2.3) 2.43,Linux-7.0.0-28-generic-x86_64-with-glibc2.43,en_US.UTF-8,en_US.utf8,LEVEL,U+004C U+0045 U+0056 U+0045 U+004C,,,,locale_defined,level,level,U+006C U+0065 U+0076 U+0065 U+006C,,0,,,3.073,not_applicable,conformant,correct,application_correct
OBS0260,CDM16,application_scenario,F5_native_libc_contamination,machine_token_or_keyword,native_lower,C,gcc (Ubuntu 15.2.0-16ubuntu1) 15.2.0,ascii,ordinal_canonical,simple_code_point,runtime_unicode_tables,gcc (Ubuntu 15.2.0-16ubuntu1) 15.2.0,,,,,Linux-7.0.0-28-generic-x86_64-with-glibc2.43,en_US.UTF-8,en_US.utf8,LEVEL,U+004C U+0045 U+0056 U+0045 U+004C,,,,level,level,level,U+006C U+0065 U+0076 U+0065 U+006C,,0,,,2.736,not_applicable,conformant,correct,application_correct
OBS0261,CDM16,application_scenario,F5_native_libc_contamination,machine_token_or_keyword,native_lower,C,gcc (Ubuntu 15.2.0-16ubuntu1) 15.2.0,libc_process,default_locale_sensitive,simple_code_point,libc_glibc,ldd (Ubuntu GLIBC 2.43-2ubuntu2.3) 2.43,,,,ldd (Ubuntu GLIBC 2.43-2ubuntu2.3) 2.43,Linux-7.0.0-28-generic-x86_64-with-glibc2.43,C.UTF-8,C.utf8,LEVEL,U+004C U+0045 U+0056 U+0045 U+004C,,,,locale_defined,level,level,U+006C U+0065 U+0076 U+0065 U+006C,,0,,,2.957,not_applicable,conformant,correct,application_correct
OBS0262,CDM16,application_scenario,F5_native_libc_contamination,machine_token_or_keyword,native_lower,C,gcc (Ubuntu 15.2.0-16ubuntu1) 15.2.0,ascii,ordinal_canonical,simple_code_point,runtime_unicode_tables,gcc (Ubuntu 15.2.0-16ubuntu1) 15.2.0,,,,,Linux-7.0.0-28-generic-x86_64-with-glibc2.43,C.UTF-8,C.utf8,LEVEL,U+004C U+0045 U+0056 U+0045 U+004C,,,,level,level,level,U+006C U+0065 U+0076 U+0065 U+006C,,0,,,3.216,not_applicable,conformant,correct,application_correct
OBS0263,CDM18,application_scenario,F6_persisted_collation_drift,persisted_collated_text,persisted_relation_repeat,C,gcc (Ubuntu 15.2.0-16ubuntu1) 15.2.0,icu_collator,explicit_or_process_locale_collation,not_applicable,icu_direct_or_bundled,78.2,,,78.2,,Linux-7.0.0-28-generic-x86_64-with-glibc2.43,tr-TR,tr,,,,,,True,True,,,True,,,,,not_applicable,conformant,correct,application_correct
OBS0264,CDM18,application_scenario,F6_persisted_collation_drift,persisted_collated_text,persisted_relation_repeat,DotNet,10.0.110,culture_compare,explicit_or_process_locale_collation,not_applicable,dotnet_globalization,10.0.110,,,78.2,,Linux-7.0.0-28-generic-x86_64-with-glibc2.43,tr-TR,tr-TR,,,,,,True,True,,,True,,,,,not_applicable,conformant,correct,application_correct
OBS0265,CDM18,application_scenario,F6_persisted_collation_drift,persisted_collated_text,persisted_relation_repeat,Java,"openjdk version ""25.0.3"" 2026-04-21",collator,explicit_or_process_locale_collation,not_applicable,jdk_locale_provider,"openjdk version ""25.0.3"" 2026-04-21",,,,,Linux-7.0.0-28-generic-x86_64-with-glibc2.43,tr-TR,tr-TR,,,,,,True,True,,,True,,,,,not_applicable,conformant,correct,application_correct
OBS0266,CDM18,application_scenario,F6_persisted_collation_drift,persisted_collated_text,persisted_relation_repeat,Node,22.22.1,collator,explicit_or_process_locale_collation,not_applicable,icu_direct_or_bundled,78.2,17.0,48.0,78.2,,Linux-7.0.0-28-generic-x86_64-with-glibc2.43,tr-TR,tr,,,,,,True,True,,,True,,,,,not_applicable,conformant,correct,application_correct
OBS0267,CDM18,application_scenario,F6_persisted_collation_drift,persisted_collated_text,persisted_relation_repeat,PHP,PHP 8.5.4 (cli) (built: Jul 16 2026 18:56:38) (NTS),collator,explicit_or_process_locale_collation,not_applicable,icu_direct_or_bundled,78.2,,,78.2,,Linux-7.0.0-28-generic-x86_64-with-glibc2.43,tr-TR,tr,,,,,,True,True,,,True,,,,,not_applicable,conformant,correct,application_correct
OBS0268,CDM18,application_scenario,F6_persisted_collation_drift,persisted_collated_text,persisted_relation_repeat,Python,3.14.4,locale_collator,explicit_or_process_locale_collation,not_applicable,libc_glibc,ldd (Ubuntu GLIBC 2.43-2ubuntu2.3) 2.43,16.0.0,,,ldd (Ubuntu GLIBC 2.43-2ubuntu2.3) 2.43,Linux-7.0.0-28-generic-x86_64-with-glibc2.43,tr-TR,tr_TR.utf8,,,,,,True,True,,,True,,,,,not_applicable,conformant,correct,application_correct
OBS0269,CDM17,application_scenario,F6_persisted_collation_drift,persisted_collated_text,persisted_relation_stability,C->DotNet,gcc (Ubuntu 15.2.0-16ubuntu1) 15.2.0 -> 10.0.110,icu_collator->culture_compare,cross_provider_no_stability_promise,not_applicable,icu_direct_or_bundled->dotnet_globalization,,,,,,Linux-7.0.0-28-generic-x86_64-with-glibc2.43,tr-TR,tr -> tr-TR,,,,,,no_cross_provider_stability_promise,True,,,True,,,,,not_applicable,conformant,correct,application_correct
OBS0270,CDM19,application_scenario,F6_persisted_collation_drift,persisted_collated_text,persisted_equality_stability,C->DotNet,gcc (Ubuntu 15.2.0-16ubuntu1) 15.2.0 -> 10.0.110,icu_collator->culture_compare,cross_provider_no_stability_promise,not_applicable,icu_direct_or_bundled->dotnet_globalization,,,,,,Linux-7.0.0-28-generic-x86_64-with-glibc2.43,tr-TR,tr -> tr-TR,\u{0130},U+0130,I\u{0307},U+0049 U+0307,,no_cross_provider_stability_promise,True,,,True,,,,,not_applicable,conformant,correct,application_correct
OBS0271,CDM17,application_scenario,F6_persisted_collation_drift,persisted_collated_text,persisted_relation_stability,C->Java,"gcc (Ubuntu 15.2.0-16ubuntu1) 15.2.0 -> openjdk version ""25.0.3"" 2026-04-21",icu_collator->collator,cross_provider_no_stability_promise,not_applicable,icu_direct_or_bundled->jdk_locale_provider,,,,,,Linux-7.0.0-28-generic-x86_64-with-glibc2.43,tr-TR,tr -> tr-TR,,,,,,no_cross_provider_stability_promise,True,,,True,,,,,not_applicable,conformant,correct,application_correct
OBS0272,CDM19,application_scenario,F6_persisted_collation_drift,persisted_collated_text,persisted_equality_stability,C->Java,"gcc (Ubuntu 15.2.0-16ubuntu1) 15.2.0 -> openjdk version ""25.0.3"" 2026-04-21",icu_collator->collator,cross_provider_no_stability_promise,not_applicable,icu_direct_or_bundled->jdk_locale_provider,,,,,,Linux-7.0.0-28-generic-x86_64-with-glibc2.43,tr-TR,tr -> tr-TR,\u{0130},U+0130,I\u{0307},U+0049 U+0307,,no_cross_provider_stability_promise,True,,,True,,,,,not_applicable,conformant,correct,application_correct
OBS0273,CDM17,application_scenario,F6_persisted_collation_drift,persisted_collated_text,persisted_relation_stability,C->Node,gcc (Ubuntu 15.2.0-16ubuntu1) 15.2.0 -> 22.22.1,icu_collator->collator,cross_provider_no_stability_promise,not_applicable,icu_direct_or_bundled->icu_direct_or_bundled,,,,,,Linux-7.0.0-28-generic-x86_64-with-glibc2.43,tr-TR,tr -> tr,,,,,,no_cross_provider_stability_promise,True,,,True,,,,,not_applicable,conformant,correct,application_correct
OBS0274,CDM19,application_scenario,F6_persisted_collation_drift,persisted_collated_text,persisted_equality_stability,C->Node,gcc (Ubuntu 15.2.0-16ubuntu1) 15.2.0 -> 22.22.1,icu_collator->collator,cross_provider_no_stability_promise,not_applicable,icu_direct_or_bundled->icu_direct_or_bundled,,,,,,Linux-7.0.0-28-generic-x86_64-with-glibc2.43,tr-TR,tr -> tr,\u{0130},U+0130,I\u{0307},U+0049 U+0307,,no_cross_provider_stability_promise,True,,,True,,,,,not_applicable,conformant,correct,application_correct
OBS0275,CDM17,application_scenario,F6_persisted_collation_drift,persisted_collated_text,persisted_relation_stability,C->PHP,gcc (Ubuntu 15.2.0-16ubuntu1) 15.2.0 -> PHP 8.5.4 (cli) (built: Jul 16 2026 18:56:38) (NTS),icu_collator->collator,cross_provider_no_stability_promise,not_applicable,icu_direct_or_bundled->icu_direct_or_bundled,,,,,,Linux-7.0.0-28-generic-x86_64-with-glibc2.43,tr-TR,tr -> tr,,,,,,no_cross_provider_stability_promise,True,,,True,,,,,not_applicable,conformant,correct,application_correct
OBS0276,CDM19,application_scenario,F6_persisted_collation_drift,persisted_collated_text,persisted_equality_stability,C->PHP,gcc (Ubuntu 15.2.0-16ubuntu1) 15.2.0 -> PHP 8.5.4 (cli) (built: Jul 16 2026 18:56:38) (NTS),icu_collator->collator,cross_provider_no_stability_promise,not_applicable,icu_direct_or_bundled->icu_direct_or_bundled,,,,,,Linux-7.0.0-28-generic-x86_64-with-glibc2.43,tr-TR,tr -> tr,\u{0130},U+0130,I\u{0307},U+0049 U+0307,,no_cross_provider_stability_promise,True,,,True,,,,,not_applicable,conformant,correct,application_correct
OBS0277,CDM17,application_scenario,F6_persisted_collation_drift,persisted_collated_text,persisted_relation_stability,C->Python,gcc (Ubuntu 15.2.0-16ubuntu1) 15.2.0 -> 3.14.4,icu_collator->locale_collator,cross_provider_no_stability_promise,not_applicable,icu_direct_or_bundled->libc_glibc,,,,,,Linux-7.0.0-28-generic-x86_64-with-glibc2.43,tr-TR,tr -> tr_TR.utf8,,,,,,no_cross_provider_stability_promise,True,,,False,,,,,not_applicable,conformant,cdm_hazard,cdm_hazard
OBS0278,CDM19,application_scenario,F6_persisted_collation_drift,persisted_collated_text,persisted_equality_stability,C->Python,gcc (Ubuntu 15.2.0-16ubuntu1) 15.2.0 -> 3.14.4,icu_collator->locale_collator,cross_provider_no_stability_promise,not_applicable,icu_direct_or_bundled->libc_glibc,,,,,,Linux-7.0.0-28-generic-x86_64-with-glibc2.43,tr-TR,tr -> tr_TR.utf8,\u{0130},U+0130,I\u{0307},U+0049 U+0307,,no_cross_provider_stability_promise,True,,,False,,,,,not_applicable,conformant,cdm_hazard,cdm_hazard
OBS0279,CDM17,application_scenario,F6_persisted_collation_drift,persisted_collated_text,persisted_relation_stability,DotNet->Java,"10.0.110 -> openjdk version ""25.0.3"" 2026-04-21",culture_compare->collator,cross_provider_no_stability_promise,not_applicable,dotnet_globalization->jdk_locale_provider,,,,,,Linux-7.0.0-28-generic-x86_64-with-glibc2.43,tr-TR,tr-TR -> tr-TR,,,,,,no_cross_provider_stability_promise,True,,,True,,,,,not_applicable,conformant,correct,application_correct
OBS0280,CDM19,application_scenario,F6_persisted_collation_drift,persisted_collated_text,persisted_equality_stability,DotNet->Java,"10.0.110 -> openjdk version ""25.0.3"" 2026-04-21",culture_compare->collator,cross_provider_no_stability_promise,not_applicable,dotnet_globalization->jdk_locale_provider,,,,,,Linux-7.0.0-28-generic-x86_64-with-glibc2.43,tr-TR,tr-TR -> tr-TR,\u{0130},U+0130,I\u{0307},U+0049 U+0307,,no_cross_provider_stability_promise,True,,,True,,,,,not_applicable,conformant,correct,application_correct
OBS0281,CDM17,application_scenario,F6_persisted_collation_drift,persisted_collated_text,persisted_relation_stability,DotNet->Node,10.0.110 -> 22.22.1,culture_compare->collator,cross_provider_no_stability_promise,not_applicable,dotnet_globalization->icu_direct_or_bundled,,,,,,Linux-7.0.0-28-generic-x86_64-with-glibc2.43,tr-TR,tr-TR -> tr,,,,,,no_cross_provider_stability_promise,True,,,True,,,,,not_applicable,conformant,correct,application_correct
OBS0282,CDM19,application_scenario,F6_persisted_collation_drift,persisted_collated_text,persisted_equality_stability,DotNet->Node,10.0.110 -> 22.22.1,culture_compare->collator,cross_provider_no_stability_promise,not_applicable,dotnet_globalization->icu_direct_or_bundled,,,,,,Linux-7.0.0-28-generic-x86_64-with-glibc2.43,tr-TR,tr-TR -> tr,\u{0130},U+0130,I\u{0307},U+0049 U+0307,,no_cross_provider_stability_promise,True,,,True,,,,,not_applicable,conformant,correct,application_correct
OBS0283,CDM17,application_scenario,F6_persisted_collation_drift,persisted_collated_text,persisted_relation_stability,DotNet->PHP,10.0.110 -> PHP 8.5.4 (cli) (built: Jul 16 2026 18:56:38) (NTS),culture_compare->collator,cross_provider_no_stability_promise,not_applicable,dotnet_globalization->icu_direct_or_bundled,,,,,,Linux-7.0.0-28-generic-x86_64-with-glibc2.43,tr-TR,tr-TR -> tr,,,,,,no_cross_provider_stability_promise,True,,,True,,,,,not_applicable,conformant,correct,application_correct
OBS0284,CDM19,application_scenario,F6_persisted_collation_drift,persisted_collated_text,persisted_equality_stability,DotNet->PHP,10.0.110 -> PHP 8.5.4 (cli) (built: Jul 16 2026 18:56:38) (NTS),culture_compare->collator,cross_provider_no_stability_promise,not_applicable,dotnet_globalization->icu_direct_or_bundled,,,,,,Linux-7.0.0-28-generic-x86_64-with-glibc2.43,tr-TR,tr-TR -> tr,\u{0130},U+0130,I\u{0307},U+0049 U+0307,,no_cross_provider_stability_promise,True,,,True,,,,,not_applicable,conformant,correct,application_correct
OBS0285,CDM17,application_scenario,F6_persisted_collation_drift,persisted_collated_text,persisted_relation_stability,DotNet->Python,10.0.110 -> 3.14.4,culture_compare->locale_collator,cross_provider_no_stability_promise,not_applicable,dotnet_globalization->libc_glibc,,,,,,Linux-7.0.0-28-generic-x86_64-with-glibc2.43,tr-TR,tr-TR -> tr_TR.utf8,,,,,,no_cross_provider_stability_promise,True,,,False,,,,,not_applicable,conformant,cdm_hazard,cdm_hazard
OBS0286,CDM19,application_scenario,F6_persisted_collation_drift,persisted_collated_text,persisted_equality_stability,DotNet->Python,10.0.110 -> 3.14.4,culture_compare->locale_collator,cross_provider_no_stability_promise,not_applicable,dotnet_globalization->libc_glibc,,,,,,Linux-7.0.0-28-generic-x86_64-with-glibc2.43,tr-TR,tr-TR -> tr_TR.utf8,\u{0130},U+0130,I\u{0307},U+0049 U+0307,,no_cross_provider_stability_promise,True,,,False,,,,,not_applicable,conformant,cdm_hazard,cdm_hazard
OBS0287,CDM17,application_scenario,F6_persisted_collation_drift,persisted_collated_text,persisted_relation_stability,Java->Node,"openjdk version ""25.0.3"" 2026-04-21 -> 22.22.1",collator->collator,cross_provider_no_stability_promise,not_applicable,jdk_locale_provider->icu_direct_or_bundled,,,,,,Linux-7.0.0-28-generic-x86_64-with-glibc2.43,tr-TR,tr-TR -> tr,,,,,,no_cross_provider_stability_promise,True,,,True,,,,,not_applicable,conformant,correct,application_correct
OBS0288,CDM19,application_scenario,F6_persisted_collation_drift,persisted_collated_text,persisted_equality_stability,Java->Node,"openjdk version ""25.0.3"" 2026-04-21 -> 22.22.1",collator->collator,cross_provider_no_stability_promise,not_applicable,jdk_locale_provider->icu_direct_or_bundled,,,,,,Linux-7.0.0-28-generic-x86_64-with-glibc2.43,tr-TR,tr-TR -> tr,\u{0130},U+0130,I\u{0307},U+0049 U+0307,,no_cross_provider_stability_promise,True,,,True,,,,,not_applicable,conformant,correct,application_correct
OBS0289,CDM17,application_scenario,F6_persisted_collation_drift,persisted_collated_text,persisted_relation_stability,Java->PHP,"openjdk version ""25.0.3"" 2026-04-21 -> PHP 8.5.4 (cli) (built: Jul 16 2026 18:56:38) (NTS)",collator->collator,cross_provider_no_stability_promise,not_applicable,jdk_locale_provider->icu_direct_or_bundled,,,,,,Linux-7.0.0-28-generic-x86_64-with-glibc2.43,tr-TR,tr-TR -> tr,,,,,,no_cross_provider_stability_promise,True,,,True,,,,,not_applicable,conformant,correct,application_correct
OBS0290,CDM19,application_scenario,F6_persisted_collation_drift,persisted_collated_text,persisted_equality_stability,Java->PHP,"openjdk version ""25.0.3"" 2026-04-21 -> PHP 8.5.4 (cli) (built: Jul 16 2026 18:56:38) (NTS)",collator->collator,cross_provider_no_stability_promise,not_applicable,jdk_locale_provider->icu_direct_or_bundled,,,,,,Linux-7.0.0-28-generic-x86_64-with-glibc2.43,tr-TR,tr-TR -> tr,\u{0130},U+0130,I\u{0307},U+0049 U+0307,,no_cross_provider_stability_promise,True,,,True,,,,,not_applicable,conformant,correct,application_correct
OBS0291,CDM17,application_scenario,F6_persisted_collation_drift,persisted_collated_text,persisted_relation_stability,Java->Python,"openjdk version ""25.0.3"" 2026-04-21 -> 3.14.4",collator->locale_collator,cross_provider_no_stability_promise,not_applicable,jdk_locale_provider->libc_glibc,,,,,,Linux-7.0.0-28-generic-x86_64-with-glibc2.43,tr-TR,tr-TR -> tr_TR.utf8,,,,,,no_cross_provider_stability_promise,True,,,False,,,,,not_applicable,conformant,cdm_hazard,cdm_hazard
OBS0292,CDM19,application_scenario,F6_persisted_collation_drift,persisted_collated_text,persisted_equality_stability,Java->Python,"openjdk version ""25.0.3"" 2026-04-21 -> 3.14.4",collator->locale_collator,cross_provider_no_stability_promise,not_applicable,jdk_locale_provider->libc_glibc,,,,,,Linux-7.0.0-28-generic-x86_64-with-glibc2.43,tr-TR,tr-TR -> tr_TR.utf8,\u{0130},U+0130,I\u{0307},U+0049 U+0307,,no_cross_provider_stability_promise,True,,,False,,,,,not_applicable,conformant,cdm_hazard,cdm_hazard
OBS0293,CDM17,application_scenario,F6_persisted_collation_drift,persisted_collated_text,persisted_relation_stability,Node->PHP,22.22.1 -> PHP 8.5.4 (cli) (built: Jul 16 2026 18:56:38) (NTS),collator->collator,cross_provider_no_stability_promise,not_applicable,icu_direct_or_bundled->icu_direct_or_bundled,,,,,,Linux-7.0.0-28-generic-x86_64-with-glibc2.43,tr-TR,tr -> tr,,,,,,no_cross_provider_stability_promise,True,,,True,,,,,not_applicable,conformant,correct,application_correct
OBS0294,CDM19,application_scenario,F6_persisted_collation_drift,persisted_collated_text,persisted_equality_stability,Node->PHP,22.22.1 -> PHP 8.5.4 (cli) (built: Jul 16 2026 18:56:38) (NTS),collator->collator,cross_provider_no_stability_promise,not_applicable,icu_direct_or_bundled->icu_direct_or_bundled,,,,,,Linux-7.0.0-28-generic-x86_64-with-glibc2.43,tr-TR,tr -> tr,\u{0130},U+0130,I\u{0307},U+0049 U+0307,,no_cross_provider_stability_promise,True,,,True,,,,,not_applicable,conformant,correct,application_correct
OBS0295,CDM17,application_scenario,F6_persisted_collation_drift,persisted_collated_text,persisted_relation_stability,Node->Python,22.22.1 -> 3.14.4,collator->locale_collator,cross_provider_no_stability_promise,not_applicable,icu_direct_or_bundled->libc_glibc,,,,,,Linux-7.0.0-28-generic-x86_64-with-glibc2.43,tr-TR,tr -> tr_TR.utf8,,,,,,no_cross_provider_stability_promise,True,,,False,,,,,not_applicable,conformant,cdm_hazard,cdm_hazard
OBS0296,CDM19,application_scenario,F6_persisted_collation_drift,persisted_collated_text,persisted_equality_stability,Node->Python,22.22.1 -> 3.14.4,collator->locale_collator,cross_provider_no_stability_promise,not_applicable,icu_direct_or_bundled->libc_glibc,,,,,,Linux-7.0.0-28-generic-x86_64-with-glibc2.43,tr-TR,tr -> tr_TR.utf8,\u{0130},U+0130,I\u{0307},U+0049 U+0307,,no_cross_provider_stability_promise,True,,,False,,,,,not_applicable,conformant,cdm_hazard,cdm_hazard
OBS0297,CDM17,application_scenario,F6_persisted_collation_drift,persisted_collated_text,persisted_relation_stability,PHP->Python,PHP 8.5.4 (cli) (built: Jul 16 2026 18:56:38) (NTS) -> 3.14.4,collator->locale_collator,cross_provider_no_stability_promise,not_applicable,icu_direct_or_bundled->libc_glibc,,,,,,Linux-7.0.0-28-generic-x86_64-with-glibc2.43,tr-TR,tr -> tr_TR.utf8,,,,,,no_cross_provider_stability_promise,True,,,False,,,,,not_applicable,conformant,cdm_hazard,cdm_hazard
OBS0298,CDM19,application_scenario,F6_persisted_collation_drift,persisted_collated_text,persisted_equality_stability,PHP->Python,PHP 8.5.4 (cli) (built: Jul 16 2026 18:56:38) (NTS) -> 3.14.4,collator->locale_collator,cross_provider_no_stability_promise,not_applicable,icu_direct_or_bundled->libc_glibc,,,,,,Linux-7.0.0-28-generic-x86_64-with-glibc2.43,tr-TR,tr -> tr_TR.utf8,\u{0130},U+0130,I\u{0307},U+0049 U+0307,,no_cross_provider_stability_promise,True,,,False,,,,,not_applicable,conformant,cdm_hazard,cdm_hazard
