sha,repo,file,ecosystem,fetched,residual_calls
012cdc79b0988ecf098b41a8d3ab04d88905c7ef,jenkinsci/google-compute-engine-plugin,src/main/java/com/google/jenkins/plugins/computeengine/CleanLostNodesWork.java,jvm,1,0
0171e06508c87d2488eb18e2c8310ef3d710ce71,emanondev/ItemEdit,src/main/java/emanondev/itemedit/Util.java,jvm,1,2
0171e06508c87d2488eb18e2c8310ef3d710ce71,emanondev/ItemEdit,src/main/java/emanondev/itemedit/aliases/AliasSet.java,jvm,1,0
0171e06508c87d2488eb18e2c8310ef3d710ce71,emanondev/ItemEdit,src/main/java/emanondev/itemedit/aliases/Aliases.java,jvm,1,0
0171e06508c87d2488eb18e2c8310ef3d710ce71,emanondev/ItemEdit,src/main/java/emanondev/itemedit/aliases/EnchAliasesOld.java,jvm,1,0
0171e06508c87d2488eb18e2c8310ef3d710ce71,emanondev/ItemEdit,src/main/java/emanondev/itemedit/aliases/EnumAliasSet.java,jvm,1,0
0171e06508c87d2488eb18e2c8310ef3d710ce71,emanondev/ItemEdit,src/main/java/emanondev/itemedit/command/AbstractCommand.java,jvm,1,0
0171e06508c87d2488eb18e2c8310ef3d710ce71,emanondev/ItemEdit,src/main/java/emanondev/itemedit/command/ItemEditImportCommand.java,jvm,1,0
0171e06508c87d2488eb18e2c8310ef3d710ce71,emanondev/ItemEdit,src/main/java/emanondev/itemedit/command/ReloadCommand.java,jvm,1,0
0171e06508c87d2488eb18e2c8310ef3d710ce71,emanondev/ItemEdit,src/main/java/emanondev/itemedit/command/SubCmd.java,jvm,1,0
0171e06508c87d2488eb18e2c8310ef3d710ce71,emanondev/ItemEdit,src/main/java/emanondev/itemedit/command/itemedit/Attribute.java,jvm,1,0
0171e06508c87d2488eb18e2c8310ef3d710ce71,emanondev/ItemEdit,src/main/java/emanondev/itemedit/command/itemedit/Banner.java,jvm,1,0
0171e06508c87d2488eb18e2c8310ef3d710ce71,emanondev/ItemEdit,src/main/java/emanondev/itemedit/command/itemedit/Compass.java,jvm,1,0
0171e06508c87d2488eb18e2c8310ef3d710ce71,emanondev/ItemEdit,src/main/java/emanondev/itemedit/command/itemedit/ListAliases.java,jvm,1,0
0171e06508c87d2488eb18e2c8310ef3d710ce71,emanondev/ItemEdit,src/main/java/emanondev/itemedit/command/itemedit/Lore.java,jvm,1,0
0171e06508c87d2488eb18e2c8310ef3d710ce71,emanondev/ItemEdit,src/main/java/emanondev/itemedit/command/itemedit/PotionEffectEditor.java,jvm,1,1
0171e06508c87d2488eb18e2c8310ef3d710ce71,emanondev/ItemEdit,src/main/java/emanondev/itemedit/command/itemedit/PotionEffectEditorOld.java,jvm,1,1
0171e06508c87d2488eb18e2c8310ef3d710ce71,emanondev/ItemEdit,src/main/java/emanondev/itemedit/command/itemedit/TropicalFish.java,jvm,1,0
0171e06508c87d2488eb18e2c8310ef3d710ce71,emanondev/ItemEdit,src/main/java/emanondev/itemedit/command/itemstorage/Delete.java,jvm,1,0
0171e06508c87d2488eb18e2c8310ef3d710ce71,emanondev/ItemEdit,src/main/java/emanondev/itemedit/command/itemstorage/Get.java,jvm,1,0
0171e06508c87d2488eb18e2c8310ef3d710ce71,emanondev/ItemEdit,src/main/java/emanondev/itemedit/command/itemstorage/Save.java,jvm,1,0
0171e06508c87d2488eb18e2c8310ef3d710ce71,emanondev/ItemEdit,src/main/java/emanondev/itemedit/command/itemstorage/Update.java,jvm,1,0
0171e06508c87d2488eb18e2c8310ef3d710ce71,emanondev/ItemEdit,src/main/java/emanondev/itemedit/compability/PlaceHolders.java,jvm,1,0
0171e06508c87d2488eb18e2c8310ef3d710ce71,emanondev/ItemEdit,src/main/java/emanondev/itemedit/storage/YmlPlayerStorage.java,jvm,1,0
0171e06508c87d2488eb18e2c8310ef3d710ce71,emanondev/ItemEdit,src/main/java/emanondev/itemedit/storage/YmlServerStorage.java,jvm,1,0
01d11405d447e73334386c2fbcbd08e13982a14a,jeo/jeo,core/src/main/java/org/jeo/json/JSONValue.java,jvm,1,0
01d11405d447e73334386c2fbcbd08e13982a14a,jeo/jeo,core/src/main/java/org/jeo/proj/wkt/Element.java,jvm,1,0
01d11405d447e73334386c2fbcbd08e13982a14a,jeo/jeo,core/src/main/java/org/jeo/proj/wkt/ProjWKTParser.java,jvm,1,0
01d11405d447e73334386c2fbcbd08e13982a14a,jeo/jeo,core/src/main/java/org/jeo/util/Util.java,jvm,1,0
01d11405d447e73334386c2fbcbd08e13982a14a,jeo/jeo,format/geopkg/src/main/java/org/jeo/geopkg/GeoPkgWorkspace.java,jvm,1,0
01d11405d447e73334386c2fbcbd08e13982a14a,jeo/jeo,format/postgis/src/test/java/org/jeo/postgis/PostGISTest.java,jvm,1,0
01d11405d447e73334386c2fbcbd08e13982a14a,jeo/jeo,util/sql/src/main/java/org/jeo/sql/DbTypes.java,jvm,1,0
029cf02db9bdda60240ff27428e8bc4882fd1d1c,vespa-engine/vespa,metrics/src/main/java/ai/vespa/metrics/docs/MetricDocumentation.java,jvm,1,0
029cf02db9bdda60240ff27428e8bc4882fd1d1c,vespa-engine/vespa,metrics/src/main/java/ai/vespa/metrics/docs/MetricSetDocumentation.java,jvm,1,0
030c3daad9b4ea3808e70591be66d9e1b0e3b45c,aelassas/servy,src/Servy.CLI/Commands/ExportServiceCommand.cs,dotnet,1,0
03de963d980d56da14f6528b9ddd6932913eb0bb,alexhulbert/Cryogen,Icewind/src/com/alexhulbert/icewind/gui/RefreshThread.java,jvm,1,0
0404761cabf48681a67efe06cbb5e2e3f80846b5,vaadin/flow-components,vaadin-icons-flow-parent/vaadin-icons-flow/src/main/java/com/vaadin/flow/component/icon/Icon.java,jvm,1,0
04143b170e54c7ddf7ca7083bbbad3e3c01ee681,sakthisudarshan/roslynsast,src/Utilities/Extensions/IOperationExtensions.cs,dotnet,1,0
04de3eefbf393402460c0f37ef897a74de2efd5b,qxoticai/qxotic,jinfer/jinfer-inflect2/src/main/java/com/qxotic/jinfer/models/inflect2/frontend/LexiconPhonemizer.java,jvm,1,0
06c245dfbefc2ba4d1b52c77d9308cf8e493f2a8,realityforge/proton,core/src/main/java/org/realityforge/proton/NamesUtil.java,jvm,1,0
079b7dfa3ebb69ee07935cabc0468a3f67a8b69a,justeattakeaway/JustSaying,JustSaying.UnitTests/Messaging/Monitoring/StopwatchHandlerTests.cs,dotnet,1,0
079b7dfa3ebb69ee07935cabc0468a3f67a8b69a,justeattakeaway/JustSaying,JustSaying.UnitTests/TypeExtensionTests.cs,dotnet,1,0
079b7dfa3ebb69ee07935cabc0468a3f67a8b69a,justeattakeaway/JustSaying,JustSaying/AwsTools/MessageHandling/MessageHandlerWrapper.cs,dotnet,1,0
079b7dfa3ebb69ee07935cabc0468a3f67a8b69a,justeattakeaway/JustSaying,JustSaying/DefaultNamingStrategy.cs,dotnet,1,0
079b7dfa3ebb69ee07935cabc0468a3f67a8b69a,justeattakeaway/JustSaying,JustSaying/Extensions/TypeExtensions.cs,dotnet,1,0
079b7dfa3ebb69ee07935cabc0468a3f67a8b69a,justeattakeaway/JustSaying,JustSaying/JustSayingFluently.cs,dotnet,1,0
079b7dfa3ebb69ee07935cabc0468a3f67a8b69a,justeattakeaway/JustSaying,JustSaying/Messaging/MessageHandling/ExactlyOnceHandler.cs,dotnet,1,0
07d6a856b961ae4ea6a96eeb8f2759e21adbb44b,tomasmalkin130-png/mywork2,shadowsocks-csharp/Controller/Service/GeositeUpdater.cs,dotnet,1,1
099631dbaba0854a040a0b9305299f2898f17dcb,FreekDB/b52-reader,src/main/java/nl/xs4all/home/freekdb/b52reader/datamodel/database/PersistencyHandlerJdbc.java,jvm,1,0
0a53170e005efaa93218ed61fdfa0ec31702b574,Strumenta/SmartReader,src/SmartReader/Readability.cs,dotnet,1,0
0a846cc9d59bc4298c889eba9e5f1eb72a93720d,samson-media/barn,src/main/java/com/samsonmedia/barn/cli/ConfigInitCommand.java,jvm,1,0
0a846cc9d59bc4298c889eba9e5f1eb72a93720d,samson-media/barn,src/main/java/com/samsonmedia/barn/cli/ConfigShowCommand.java,jvm,1,0
0a846cc9d59bc4298c889eba9e5f1eb72a93720d,samson-media/barn,src/main/java/com/samsonmedia/barn/cli/ConfigValidateCommand.java,jvm,1,0
0a846cc9d59bc4298c889eba9e5f1eb72a93720d,samson-media/barn,src/main/java/com/samsonmedia/barn/cli/DescribeCommand.java,jvm,1,0
0a846cc9d59bc4298c889eba9e5f1eb72a93720d,samson-media/barn,src/main/java/com/samsonmedia/barn/cli/HumanFormatter.java,jvm,1,0
0a846cc9d59bc4298c889eba9e5f1eb72a93720d,samson-media/barn,src/main/java/com/samsonmedia/barn/cli/RunCommand.java,jvm,1,0
0a846cc9d59bc4298c889eba9e5f1eb72a93720d,samson-media/barn,src/main/java/com/samsonmedia/barn/cli/ServiceReloadCommand.java,jvm,1,0
0a846cc9d59bc4298c889eba9e5f1eb72a93720d,samson-media/barn,src/main/java/com/samsonmedia/barn/cli/StatusCommand.java,jvm,1,0
0a846cc9d59bc4298c889eba9e5f1eb72a93720d,samson-media/barn,src/main/java/com/samsonmedia/barn/cli/XmlFormatter.java,jvm,1,0
0a846cc9d59bc4298c889eba9e5f1eb72a93720d,samson-media/barn,src/main/java/com/samsonmedia/barn/config/ConfigLoader.java,jvm,1,0
0a846cc9d59bc4298c889eba9e5f1eb72a93720d,samson-media/barn,src/main/java/com/samsonmedia/barn/config/LogLevel.java,jvm,1,0
0a846cc9d59bc4298c889eba9e5f1eb72a93720d,samson-media/barn,src/main/java/com/samsonmedia/barn/config/OperatingSystem.java,jvm,1,0
0a846cc9d59bc4298c889eba9e5f1eb72a93720d,samson-media/barn,src/main/java/com/samsonmedia/barn/ipc/IpcClient.java,jvm,1,0
0a846cc9d59bc4298c889eba9e5f1eb72a93720d,samson-media/barn,src/main/java/com/samsonmedia/barn/monitoring/UsageCollector.java,jvm,1,0
0a846cc9d59bc4298c889eba9e5f1eb72a93720d,samson-media/barn,src/main/java/com/samsonmedia/barn/platform/windows/WindowsServiceManager.java,jvm,1,0
0a846cc9d59bc4298c889eba9e5f1eb72a93720d,samson-media/barn,src/main/java/com/samsonmedia/barn/service/BarnService.java,jvm,1,0
0a846cc9d59bc4298c889eba9e5f1eb72a93720d,samson-media/barn,src/main/java/com/samsonmedia/barn/state/JobState.java,jvm,1,0
0a846cc9d59bc4298c889eba9e5f1eb72a93720d,samson-media/barn,src/main/java/com/samsonmedia/barn/util/DurationParser.java,jvm,1,0
0abafcd76e27b458b76f436c106fd2baffb130c0,user99672223/EmulatorTV,src/Ryujinx.Graphics.OpenGL/HwCapabilities.cs,dotnet,1,0
0c50884c15c6ee9997eee673baa5b34091e1398b,SolarNetwork/solarnetwork-central,solarnet/cloud-integrations/src/main/java/net/solarnetwork/central/c2c/biz/impl/EnphaseCloudDatumStreamService.java,jvm,1,0
0c50884c15c6ee9997eee673baa5b34091e1398b,SolarNetwork/solarnetwork-central,solarnet/cloud-integrations/src/main/java/net/solarnetwork/central/c2c/biz/impl/FroniusCloudDatumStreamService.java,jvm,1,0
0c50884c15c6ee9997eee673baa5b34091e1398b,SolarNetwork/solarnetwork-central,solarnet/cloud-integrations/src/main/java/net/solarnetwork/central/c2c/biz/impl/SmaCloudDatumStreamService.java,jvm,1,0
0c50884c15c6ee9997eee673baa5b34091e1398b,SolarNetwork/solarnetwork-central,solarnet/cloud-integrations/src/main/java/net/solarnetwork/central/c2c/biz/impl/SolarEdgeV1CloudDatumStreamService.java,jvm,1,0
0c50884c15c6ee9997eee673baa5b34091e1398b,SolarNetwork/solarnetwork-central,solarnet/common-web/src/main/java/net/solarnetwork/central/web/support/ContentCachingFilter.java,jvm,1,0
0c50884c15c6ee9997eee673baa5b34091e1398b,SolarNetwork/solarnetwork-central,solarnet/common/src/main/java/net/solarnetwork/central/domain/SolarLocation.java,jvm,1,0
0c50884c15c6ee9997eee673baa5b34091e1398b,SolarNetwork/solarnetwork-central,solarnet/common/src/main/java/net/solarnetwork/central/security/SecurityUtils.java,jvm,1,0
0c50884c15c6ee9997eee673baa5b34091e1398b,SolarNetwork/solarnetwork-central,solarnet/datum/src/main/java/net/solarnetwork/central/datum/aop/DatumMetadataSecurityAspect.java,jvm,1,0
0c50884c15c6ee9997eee673baa5b34091e1398b,SolarNetwork/solarnetwork-central,solarnet/ocpp/src/main/java/net/solarnetwork/central/ocpp/service/OcppAuthorizationService.java,jvm,1,0
0c50884c15c6ee9997eee673baa5b34091e1398b,SolarNetwork/solarnetwork-central,solarnet/ocpp/src/main/java/net/solarnetwork/central/ocpp/v16/vendor/abb/MeterTransferDataTransferDatumPublisher.java,jvm,1,0
0c50884c15c6ee9997eee673baa5b34091e1398b,SolarNetwork/solarnetwork-central,solarnet/oscp/src/main/java/net/solarnetwork/central/oscp/security/OscpAuthenticatedToken.java,jvm,1,0
0c50884c15c6ee9997eee673baa5b34091e1398b,SolarNetwork/solarnetwork-central,solarnet/oscp/src/main/java/net/solarnetwork/central/oscp/util/OscpInstructionUtils.java,jvm,1,0
0c50884c15c6ee9997eee673baa5b34091e1398b,SolarNetwork/solarnetwork-central,solarnet/solardin/src/main/java/net/solarnetwork/central/din/app/web/api/DatumInputController.java,jvm,1,0
0c50884c15c6ee9997eee673baa5b34091e1398b,SolarNetwork/solarnetwork-central,solarnet/solardin/src/main/java/net/solarnetwork/central/din/app/web/api/InstructionInputController.java,jvm,1,0
0c50884c15c6ee9997eee673baa5b34091e1398b,SolarNetwork/solarnetwork-central,solarnet/solarin/src/main/java/net/solarnetwork/central/in/web/BulkJsonDataCollector.java,jvm,1,0
0c50884c15c6ee9997eee673baa5b34091e1398b,SolarNetwork/solarnetwork-central,solarnet/solarquery/src/main/java/net/solarnetwork/central/query/aop/QuerySecurityAspect.java,jvm,1,0
0c50884c15c6ee9997eee673baa5b34091e1398b,SolarNetwork/solarnetwork-central,solarnet/solaruser/src/main/java/net/solarnetwork/central/reg/web/api/v1/UserDatumInputController.java,jvm,1,0
0c50884c15c6ee9997eee673baa5b34091e1398b,SolarNetwork/solarnetwork-central,solarnet/user-billing/src/main/java/net/solarnetwork/central/user/billing/snf/domain/InvoiceItemImpl.java,jvm,1,0
0c50884c15c6ee9997eee673baa5b34091e1398b,SolarNetwork/solarnetwork-central,solarnet/user-billing/src/main/java/net/solarnetwork/central/user/billing/snf/util/SnfBillingUtils.java,jvm,1,0
0c50884c15c6ee9997eee673baa5b34091e1398b,SolarNetwork/solarnetwork-central,solarnet/user-dnp3/src/main/java/net/solarnetwork/central/user/dnp3/support/ServerConfigurationsCsvParser.java,jvm,1,0
0c6810c793141b39ec63b6b3022c53da26eab7e7,vespa-engine/vespa,model-evaluation/src/main/java/ai/vespa/models/handler/ModelsEvaluationHandler.java,jvm,1,0
0d58f07346fd7fffc08fac907aa908e5e4295667,kend1e/FANTASY-ARMOR,appFabric/1.20.1/src/main/java/net/kenddie/fantasyarmor/item/armor/FAArmorSet.java,jvm,1,0
0d58f07346fd7fffc08fac907aa908e5e4295667,kend1e/FANTASY-ARMOR,appFabric/1.21.1/src/main/java/net/kenddie/fantasyarmor/item/armor/FAArmorSet.java,jvm,1,0
0d58f07346fd7fffc08fac907aa908e5e4295667,kend1e/FANTASY-ARMOR,appFabric/1.21.10/src/main/java/net/kenddie/fantasyarmor/item/armor/FAArmorSet.java,jvm,1,0
0d58f07346fd7fffc08fac907aa908e5e4295667,kend1e/FANTASY-ARMOR,appForge/1.20.1/src/main/java/net/kenddie/fantasyarmor/item/armor/FAArmorSet.java,jvm,1,0
0d58f07346fd7fffc08fac907aa908e5e4295667,kend1e/FANTASY-ARMOR,appForge/1.21.1/src/main/java/net/kenddie/fantasyarmor/item/armor/FAArmorSet.java,jvm,1,0
0d58f07346fd7fffc08fac907aa908e5e4295667,kend1e/FANTASY-ARMOR,appNeoForge/1.21.1/src/main/java/net/kenddie/fantasyarmor/item/armor/FAArmorSet.java,jvm,1,0
0e26e0c0b86a5c794012fa96d2adc3658432748f,danigutsch/ViajantesTurismo,src/ViajantesTurismo.Admin.Web/Components/Pages/Bookings/Edit.razor,dotnet,1,0
0e26e0c0b86a5c794012fa96d2adc3658432748f,danigutsch/ViajantesTurismo,tests/ViajantesTurismo.Admin.IntegrationTests/Helpers/DtoBuilders.cs,dotnet,1,0
0e26e0c0b86a5c794012fa96d2adc3658432748f,danigutsch/ViajantesTurismo,tests/ViajantesTurismo.Admin.IntegrationTests/Helpers/TestFixtureHelpers.cs,dotnet,1,0
0e2c6cf3823549d88c4e40ffcf39ef381fa644d0,cpesch/RouteConverter,common/src/main/java/slash/common/system/Platform.java,jvm,1,0
0e2c6cf3823549d88c4e40ffcf39ef381fa644d0,cpesch/RouteConverter,mapsforge-maps/src/main/java/slash/navigation/maps/mapsforge/models/TileServerMapSource.java,jvm,1,0
0e2c6cf3823549d88c4e40ffcf39ef381fa644d0,cpesch/RouteConverter,navigation-formats/src/main/java/slash/navigation/bcr/BcrSection.java,jvm,1,0
0e2c6cf3823549d88c4e40ffcf39ef381fa644d0,cpesch/RouteConverter,navigation-formats/src/main/java/slash/navigation/nmea/MagellanRouteFormat.java,jvm,1,0
0e2c6cf3823549d88c4e40ffcf39ef381fa644d0,cpesch/RouteConverter,route-converter-gui/src/main/java/slash/navigation/converter/gui/renderer/DegreeFormatListCellRenderer.java,jvm,1,0
0e2c6cf3823549d88c4e40ffcf39ef381fa644d0,cpesch/RouteConverter,route-converter-gui/src/main/java/slash/navigation/converter/gui/renderer/FilterPredicateListCellRenderer.java,jvm,1,0
0e2c6cf3823549d88c4e40ffcf39ef381fa644d0,cpesch/RouteConverter,route-converter-gui/src/main/java/slash/navigation/converter/gui/renderer/FixMapModeListCellRenderer.java,jvm,1,0
0e2c6cf3823549d88c4e40ffcf39ef381fa644d0,cpesch/RouteConverter,route-converter-gui/src/main/java/slash/navigation/converter/gui/renderer/MapViewListCellRenderer.java,jvm,1,0
0e2c6cf3823549d88c4e40ffcf39ef381fa644d0,cpesch/RouteConverter,route-converter-gui/src/main/java/slash/navigation/converter/gui/renderer/NumberPatternListCellRenderer.java,jvm,1,0
0e2c6cf3823549d88c4e40ffcf39ef381fa644d0,cpesch/RouteConverter,route-converter-gui/src/main/java/slash/navigation/converter/gui/renderer/NumberingStrategyListCellRenderer.java,jvm,1,0
0e2c6cf3823549d88c4e40ffcf39ef381fa644d0,cpesch/RouteConverter,route-converter-gui/src/main/java/slash/navigation/converter/gui/renderer/RouteCharacteristicsListCellRenderer.java,jvm,1,0
0e2c6cf3823549d88c4e40ffcf39ef381fa644d0,cpesch/RouteConverter,route-converter-gui/src/main/java/slash/navigation/converter/gui/renderer/RouteListCellRenderer.java,jvm,1,0
0e2c6cf3823549d88c4e40ffcf39ef381fa644d0,cpesch/RouteConverter,route-converter-gui/src/main/java/slash/navigation/converter/gui/renderer/RoutingServiceListCellRenderer.java,jvm,1,0
0e2c6cf3823549d88c4e40ffcf39ef381fa644d0,cpesch/RouteConverter,route-converter-gui/src/main/java/slash/navigation/converter/gui/renderer/TagStrategyListCellRenderer.java,jvm,1,0
0e2c6cf3823549d88c4e40ffcf39ef381fa644d0,cpesch/RouteConverter,route-converter-gui/src/main/java/slash/navigation/converter/gui/renderer/TravelModeListCellRenderer.java,jvm,1,0
0e2c6cf3823549d88c4e40ffcf39ef381fa644d0,cpesch/RouteConverter,route-converter-gui/src/main/java/slash/navigation/converter/gui/renderer/UnitSystemListCellRenderer.java,jvm,1,0
0e2c6cf3823549d88c4e40ffcf39ef381fa644d0,cpesch/RouteConverter,route-converter-gui/src/main/java/slash/navigation/converter/gui/renderer/WaypointTypeListCellRenderer.java,jvm,1,0
0e83dd8221bdeea0afc2d7d8a37a57c9961714a1,splitio/android-client,src/main/java/io/split/android/engine/matchers/Transformers.java,jvm,1,0
0ee2bf959e9ac80668b1a14f2bd6b65f4d3492c5,openl-tablets/openl-tablets,DEV/org.openl.commons/src/org/openl/util/FileTypeHelper.java,jvm,1,0
0ee2bf959e9ac80668b1a14f2bd6b65f4d3492c5,openl-tablets/openl-tablets,DEV/org.openl.rules.project/src/org/openl/rules/project/xml/XmlRulesDeploySerializer.java,jvm,1,0
0ee2bf959e9ac80668b1a14f2bd6b65f4d3492c5,openl-tablets/openl-tablets,STUDIO/org.openl.rules.jackson/src/org/openl/rules/serialization/spr/LowerCaseStrategy.java,jvm,1,0
0ee2bf959e9ac80668b1a14f2bd6b65f4d3492c5,openl-tablets/openl-tablets,STUDIO/org.openl.rules.jackson/src/org/openl/rules/serialization/spr/SnakeCaseStrategy.java,jvm,1,0
0ee2bf959e9ac80668b1a14f2bd6b65f4d3492c5,openl-tablets/openl-tablets,Util/openl-openapi-parser/src/org/openl/rules/openapi/impl/OpenAPIScaffoldingConverter.java,jvm,1,0
0f0516fc4b8f53e430ea7e612ee8294f9c5890e9,marcominerva/AgentMemoryService,AgentMemoryService/Program.cs,dotnet,1,0
0f3d6428cefb8ede8323dab5ef82bcc41d7293e0,chloewilson93/tradeview,src/DevelopmentInProgress.TradeView.Wpf.Controls/Converters/MessageTextToImageConverter.cs,dotnet,1,0
0f3d6428cefb8ede8323dab5ef82bcc41d7293e0,chloewilson93/tradeview,src/DevelopmentInProgress.TradeView.Wpf.Controls/Converters/TextToForegroundConverter.cs,dotnet,1,0
101c6e3cb4ad68ce394db2dbfb5d59169f9b25c5,judemanutd/AutoStarter,autostarter/src/main/java/com/judemanutd/autostarter/AutoStartPermissionHelper.kt,jvm,1,0
109fc9cb1bc42d9a11ce718771a8b8f52c0f1674,Elikill58/Negativity,src/com/elikill58/negativity/bungee/NegativityListener.java,jvm,1,0
109fc9cb1bc42d9a11ce718771a8b8f52c0f1674,Elikill58/Negativity,src/com/elikill58/negativity/spigot/SpigotNegativity.java,jvm,1,0
109fc9cb1bc42d9a11ce718771a8b8f52c0f1674,Elikill58/Negativity,src/com/elikill58/negativity/spigot/SpigotNegativityPlayer.java,jvm,1,0
109fc9cb1bc42d9a11ce718771a8b8f52c0f1674,Elikill58/Negativity,src/com/elikill58/negativity/spigot/WorldRegionBypass.java,jvm,1,0
109fc9cb1bc42d9a11ce718771a8b8f52c0f1674,Elikill58/Negativity,src/com/elikill58/negativity/spigot/commands/NegativityCommand.java,jvm,1,0
109fc9cb1bc42d9a11ce718771a8b8f52c0f1674,Elikill58/Negativity,src/com/elikill58/negativity/spigot/protocols/AirPlaceProtocol.java,jvm,1,0
109fc9cb1bc42d9a11ce718771a8b8f52c0f1674,Elikill58/Negativity,src/com/elikill58/negativity/spigot/protocols/AntiKnockbackProtocol.java,jvm,1,0
109fc9cb1bc42d9a11ce718771a8b8f52c0f1674,Elikill58/Negativity,src/com/elikill58/negativity/spigot/protocols/AutoStealProtocol.java,jvm,1,0
109fc9cb1bc42d9a11ce718771a8b8f52c0f1674,Elikill58/Negativity,src/com/elikill58/negativity/spigot/protocols/FastBowProtocol.java,jvm,1,0
109fc9cb1bc42d9a11ce718771a8b8f52c0f1674,Elikill58/Negativity,src/com/elikill58/negativity/spigot/protocols/ForceFieldProtocol.java,jvm,1,0
109fc9cb1bc42d9a11ce718771a8b8f52c0f1674,Elikill58/Negativity,src/com/elikill58/negativity/spigot/protocols/ScaffoldProtocol.java,jvm,1,0
109fc9cb1bc42d9a11ce718771a8b8f52c0f1674,Elikill58/Negativity,src/com/elikill58/negativity/spigot/utils/LocationUtils.java,jvm,1,0
109fc9cb1bc42d9a11ce718771a8b8f52c0f1674,Elikill58/Negativity,src/com/elikill58/negativity/sponge/SpongeNegativity.java,jvm,1,0
109fc9cb1bc42d9a11ce718771a8b8f52c0f1674,Elikill58/Negativity,src/com/elikill58/negativity/sponge/precogs/PrecogsManager.java,jvm,1,0
109fc9cb1bc42d9a11ce718771a8b8f52c0f1674,Elikill58/Negativity,src/com/elikill58/negativity/sponge/protocols/AirPlaceProtocol.java,jvm,1,0
109fc9cb1bc42d9a11ce718771a8b8f52c0f1674,Elikill58/Negativity,src/com/elikill58/negativity/sponge/protocols/AntiKnockbackProtocol.java,jvm,1,0
109fc9cb1bc42d9a11ce718771a8b8f52c0f1674,Elikill58/Negativity,src/com/elikill58/negativity/sponge/protocols/ForceFieldProtocol.java,jvm,1,0
109fc9cb1bc42d9a11ce718771a8b8f52c0f1674,Elikill58/Negativity,src/com/elikill58/negativity/sponge/protocols/ScaffoldProtocol.java,jvm,1,0
109fc9cb1bc42d9a11ce718771a8b8f52c0f1674,Elikill58/Negativity,src/com/elikill58/negativity/sponge/utils/Utils.java,jvm,1,0
109fc9cb1bc42d9a11ce718771a8b8f52c0f1674,Elikill58/Negativity,src/com/elikill58/negativity/universal/Cheat.java,jvm,1,0
109fc9cb1bc42d9a11ce718771a8b8f52c0f1674,Elikill58/Negativity,src/com/elikill58/negativity/universal/Database.java,jvm,1,0
109fc9cb1bc42d9a11ce718771a8b8f52c0f1674,Elikill58/Negativity,src/com/elikill58/negativity/universal/DefaultConfigValue.java,jvm,1,0
109fc9cb1bc42d9a11ce718771a8b8f52c0f1674,Elikill58/Negativity,src/com/elikill58/negativity/universal/ItemUseBypass.java,jvm,1,0
109fc9cb1bc42d9a11ce718771a8b8f52c0f1674,Elikill58/Negativity,src/com/elikill58/negativity/universal/Stats.java,jvm,1,0
109fc9cb1bc42d9a11ce718771a8b8f52c0f1674,Elikill58/Negativity,src/com/elikill58/negativity/universal/Version.java,jvm,1,0
109fc9cb1bc42d9a11ce718771a8b8f52c0f1674,Elikill58/Negativity,src/com/elikill58/negativity/universal/ban/BanUtils.java,jvm,1,0
109fc9cb1bc42d9a11ce718771a8b8f52c0f1674,Elikill58/Negativity,src/com/elikill58/negativity/universal/ban/storage/FileActiveBanStorage.java,jvm,1,0
109fc9cb1bc42d9a11ce718771a8b8f52c0f1674,Elikill58/Negativity,src/com/elikill58/negativity/universal/ban/storage/FileBanLogsStorage.java,jvm,1,0
10d05e3955e6548fc6b34fa2eab99acdb6497be8,eaftan/safere,safere/src/main/java/org/safere/Pattern.java,jvm,1,0
11077edafbf4ff8617bd0967858cf314b4a2b8ca,oraxen/oraxen,src/main/java/io/th0rgal/oraxen/items/OraxenItems.java,jvm,1,0
11077edafbf4ff8617bd0967858cf314b4a2b8ca,oraxen/oraxen,src/main/java/io/th0rgal/oraxen/pack/generation/PredicatesGenerator.java,jvm,1,0
11077edafbf4ff8617bd0967858cf314b4a2b8ca,oraxen/oraxen,src/main/java/io/th0rgal/oraxen/pack/upload/UploadManager.java,jvm,1,0
11077edafbf4ff8617bd0967858cf314b4a2b8ca,oraxen/oraxen,src/main/java/io/th0rgal/oraxen/utils/Utils.java,jvm,1,1
11398918c535968ea01a4d43e2b13f376c941c5a,Levango7/NexusSky,cloud-backend/src/main/java/io/aerofleet/cloud/alarm/AlarmController.java,jvm,1,0
11398918c535968ea01a4d43e2b13f376c941c5a,Levango7/NexusSky,cloud-backend/src/main/java/io/aerofleet/cloud/alarm/AlarmEvent.java,jvm,1,0
11398918c535968ea01a4d43e2b13f376c941c5a,Levango7/NexusSky,cloud-backend/src/main/java/io/aerofleet/cloud/mission/EmergencyCommandController.java,jvm,1,0
11398918c535968ea01a4d43e2b13f376c941c5a,Levango7/NexusSky,cloud-backend/src/main/java/io/aerofleet/cloud/surveillance/SurveillanceController.java,jvm,1,0
114294514fa52ac97cd5671bd6c15103c5f7a9a8,Aerttyz/SmartHire,backend/src/main/java/com/smarthire/resume/service/CurriculoService.java,jvm,1,0
12647aacc97547583cb8f134131bb24bb7aa9120,appium/dotnet-client,src/Appium.Net/Appium/AppiumCommandExecutionHelper.cs,dotnet,1,0
1288b5738066acd996f3c55c36c3323e1aab1f51,Evervolv/android_frameworks_opt_telephony,src/java/com/android/internal/telephony/data/DataConfigManager.java,jvm,1,0
13a8c480e384afec71ff76ff7a152e5e18e6d3cf,JanCantCode/FAWE-Folia,worldedit-bukkit/src/main/java/com/sk89q/wepif/ConfigurationPermissionsResolver.java,jvm,1,0
13a8c480e384afec71ff76ff7a152e5e18e6d3cf,JanCantCode/FAWE-Folia,worldedit-bukkit/src/main/java/com/sk89q/wepif/FlatFilePermissionsResolver.java,jvm,1,0
13a8c480e384afec71ff76ff7a152e5e18e6d3cf,JanCantCode/FAWE-Folia,worldedit-bukkit/src/main/java/com/sk89q/worldedit/bukkit/BukkitAdapter.java,jvm,1,0
13a8c480e384afec71ff76ff7a152e5e18e6d3cf,JanCantCode/FAWE-Folia,worldedit-bukkit/src/main/java/com/sk89q/worldedit/bukkit/BukkitPlayer.java,jvm,1,0
13a8c480e384afec71ff76ff7a152e5e18e6d3cf,JanCantCode/FAWE-Folia,worldedit-bukkit/src/test/java/com/sk89q/wepif/TestOfflinePermissible.java,jvm,1,0
13a8c480e384afec71ff76ff7a152e5e18e6d3cf,JanCantCode/FAWE-Folia,worldedit-core/src/main/java/com/sk89q/jnbt/ByteArrayTag.java,jvm,1,0
13a8c480e384afec71ff76ff7a152e5e18e6d3cf,JanCantCode/FAWE-Folia,worldedit-core/src/main/java/com/sk89q/jnbt/IntArrayTag.java,jvm,1,0
13a8c480e384afec71ff76ff7a152e5e18e6d3cf,JanCantCode/FAWE-Folia,worldedit-core/src/main/java/com/sk89q/jnbt/LongArrayTag.java,jvm,1,0
13a8c480e384afec71ff76ff7a152e5e18e6d3cf,JanCantCode/FAWE-Folia,worldedit-core/src/main/java/com/sk89q/minecraft/util/commands/CommandsManager.java,jvm,1,0
13a8c480e384afec71ff76ff7a152e5e18e6d3cf,JanCantCode/FAWE-Folia,worldedit-core/src/main/java/com/sk89q/util/StringUtil.java,jvm,1,0
13a8c480e384afec71ff76ff7a152e5e18e6d3cf,JanCantCode/FAWE-Folia,worldedit-core/src/main/java/com/sk89q/worldedit/WorldEdit.java,jvm,1,0
13a8c480e384afec71ff76ff7a152e5e18e6d3cf,JanCantCode/FAWE-Folia,worldedit-core/src/main/java/com/sk89q/worldedit/blocks/ClothColor.java,jvm,1,0
13a8c480e384afec71ff76ff7a152e5e18e6d3cf,JanCantCode/FAWE-Folia,worldedit-core/src/main/java/com/sk89q/worldedit/extension/factory/parser/DefaultBlockParser.java,jvm,1,0
13a8c480e384afec71ff76ff7a152e5e18e6d3cf,JanCantCode/FAWE-Folia,worldedit-core/src/main/java/com/sk89q/worldedit/extension/factory/parser/DefaultItemParser.java,jvm,1,0
13a8c480e384afec71ff76ff7a152e5e18e6d3cf,JanCantCode/FAWE-Folia,worldedit-core/src/main/java/com/sk89q/worldedit/extension/factory/parser/mask/BlockCategoryMaskParser.java,jvm,1,0
13a8c480e384afec71ff76ff7a152e5e18e6d3cf,JanCantCode/FAWE-Folia,worldedit-core/src/main/java/com/sk89q/worldedit/extension/factory/parser/pattern/BlockCategoryPatternParser.java,jvm,1,0
13a8c480e384afec71ff76ff7a152e5e18e6d3cf,JanCantCode/FAWE-Folia,worldedit-core/src/main/java/com/sk89q/worldedit/extension/platform/PlatformCommandManager.java,jvm,1,0
13a8c480e384afec71ff76ff7a152e5e18e6d3cf,JanCantCode/FAWE-Folia,worldedit-core/src/main/java/com/sk89q/worldedit/extent/clipboard/io/MCEditSchematicReader.java,jvm,1,0
13a8c480e384afec71ff76ff7a152e5e18e6d3cf,JanCantCode/FAWE-Folia,worldedit-core/src/main/java/com/sk89q/worldedit/registry/Registry.java,jvm,1,0
13a8c480e384afec71ff76ff7a152e5e18e6d3cf,JanCantCode/FAWE-Folia,worldedit-core/src/main/java/com/sk89q/worldedit/registry/state/DirectionalProperty.java,jvm,1,0
13a8c480e384afec71ff76ff7a152e5e18e6d3cf,JanCantCode/FAWE-Folia,worldedit-core/src/main/java/com/sk89q/worldedit/util/TreeGenerator.java,jvm,1,0
13a8c480e384afec71ff76ff7a152e5e18e6d3cf,JanCantCode/FAWE-Folia,worldedit-core/src/main/java/com/sk89q/worldedit/util/function/LevenshteinDistance.java,jvm,1,0
13a8c480e384afec71ff76ff7a152e5e18e6d3cf,JanCantCode/FAWE-Folia,worldedit-core/src/main/java/com/sk89q/worldedit/world/snapshot/Snapshot.java,jvm,1,0
13a8c480e384afec71ff76ff7a152e5e18e6d3cf,JanCantCode/FAWE-Folia,worldedit-core/src/main/java/com/sk89q/worldedit/world/snapshot/SnapshotRepository.java,jvm,1,0
1415288bcf0152ec6221df3229844c4b14fe47ee,Jorch72/Mekanism,src/main/java/mekanism/api/EnumColor.java,jvm,1,0
1415288bcf0152ec6221df3229844c4b14fe47ee,Jorch72/Mekanism,src/main/java/mekanism/api/gas/GasRegistry.java,jvm,1,0
1415288bcf0152ec6221df3229844c4b14fe47ee,Jorch72/Mekanism,src/main/java/mekanism/client/jei/MekanismJEI.java,jvm,1,0
1415288bcf0152ec6221df3229844c4b14fe47ee,Jorch72/Mekanism,src/main/java/mekanism/client/render/transmitter/RenderTransmitterBase.java,jvm,1,1
1415288bcf0152ec6221df3229844c4b14fe47ee,Jorch72/Mekanism,src/main/java/mekanism/common/MekanismFluids.java,jvm,1,0
1415288bcf0152ec6221df3229844c4b14fe47ee,Jorch72/Mekanism,src/main/java/mekanism/common/Resource.java,jvm,1,0
1415288bcf0152ec6221df3229844c4b14fe47ee,Jorch72/Mekanism,src/main/java/mekanism/common/Tier.java,jvm,1,0
1415288bcf0152ec6221df3229844c4b14fe47ee,Jorch72/Mekanism,src/main/java/mekanism/common/base/IFactory.java,jvm,1,0
1415288bcf0152ec6221df3229844c4b14fe47ee,Jorch72/Mekanism,src/main/java/mekanism/common/block/states/BlockStateBasic.java,jvm,1,0
1415288bcf0152ec6221df3229844c4b14fe47ee,Jorch72/Mekanism,src/main/java/mekanism/common/block/states/BlockStateMachine.java,jvm,1,0
1415288bcf0152ec6221df3229844c4b14fe47ee,Jorch72/Mekanism,src/main/java/mekanism/common/block/states/BlockStateOre.java,jvm,1,0
1415288bcf0152ec6221df3229844c4b14fe47ee,Jorch72/Mekanism,src/main/java/mekanism/common/block/states/BlockStatePlastic.java,jvm,1,0
1415288bcf0152ec6221df3229844c4b14fe47ee,Jorch72/Mekanism,src/main/java/mekanism/common/block/states/BlockStateTransmitter.java,jvm,1,0
1415288bcf0152ec6221df3229844c4b14fe47ee,Jorch72/Mekanism,src/main/java/mekanism/common/integration/OreDictManager.java,jvm,1,0
1415288bcf0152ec6221df3229844c4b14fe47ee,Jorch72/Mekanism,src/main/java/mekanism/common/item/ItemClump.java,jvm,1,0
1415288bcf0152ec6221df3229844c4b14fe47ee,Jorch72/Mekanism,src/main/java/mekanism/common/item/ItemConfigurator.java,jvm,1,0
1415288bcf0152ec6221df3229844c4b14fe47ee,Jorch72/Mekanism,src/main/java/mekanism/common/item/ItemCrystal.java,jvm,1,0
1415288bcf0152ec6221df3229844c4b14fe47ee,Jorch72/Mekanism,src/main/java/mekanism/common/item/ItemDust.java,jvm,1,0
1415288bcf0152ec6221df3229844c4b14fe47ee,Jorch72/Mekanism,src/main/java/mekanism/common/item/ItemIngot.java,jvm,1,0
1415288bcf0152ec6221df3229844c4b14fe47ee,Jorch72/Mekanism,src/main/java/mekanism/common/item/ItemNugget.java,jvm,1,0
1415288bcf0152ec6221df3229844c4b14fe47ee,Jorch72/Mekanism,src/main/java/mekanism/common/item/ItemOtherDust.java,jvm,1,0
1415288bcf0152ec6221df3229844c4b14fe47ee,Jorch72/Mekanism,src/main/java/mekanism/common/item/ItemShard.java,jvm,1,0
1415288bcf0152ec6221df3229844c4b14fe47ee,Jorch72/Mekanism,src/main/java/mekanism/common/item/ItemTierInstaller.java,jvm,1,0
1415288bcf0152ec6221df3229844c4b14fe47ee,Jorch72/Mekanism,src/main/java/mekanism/common/tile/transmitter/TileEntitySidedPipe.java,jvm,1,1
1415288bcf0152ec6221df3229844c4b14fe47ee,Jorch72/Mekanism,src/main/java/mekanism/common/util/ItemRegistryUtils.java,jvm,1,0
1415288bcf0152ec6221df3229844c4b14fe47ee,Jorch72/Mekanism,src/main/java/mekanism/generators/common/block/states/BlockStateGenerator.java,jvm,1,0
1415288bcf0152ec6221df3229844c4b14fe47ee,Jorch72/Mekanism,src/main/java/mekanism/generators/common/block/states/BlockStateReactor.java,jvm,1,0
1415288bcf0152ec6221df3229844c4b14fe47ee,Jorch72/Mekanism,src/main/java/mekanism/tools/item/ItemMekanismArmor.java,jvm,1,0
148bc6e600441768b7414abb1e37414048a550d4,unoplatform/Uno.Microsoft.Identity.Client,src/ADAL.PCL.Android/BrokerProxy.cs,dotnet,1,1
14c61a35d911e3371d3ba19dde67fb8eeffe7cfe,xshaheen/headless-framework,src/Headless.Ticker.Dashboard/Authentication/AuthMiddleware.cs,dotnet,1,0
15bb9e6d16c0e727075371e5c8a4d5bc7149c532,joogiebear/RoyalItems,src/main/java/com/mystipixel/royalitems/ItemCommand.java,jvm,1,0
1682afcb7f3beaa4574b07ad7f4928c95f64b9c3,MediaBrowser/NfoMetadata,NfoMetadata/Savers/BaseNfoSaver.cs,dotnet,1,0
1682afcb7f3beaa4574b07ad7f4928c95f64b9c3,MediaBrowser/NfoMetadata,NfoMetadata/Savers/SeriesNfoSaver.cs,dotnet,1,0
172bc7a2d17bc64eaacfd91757190f6e55bd4631,ricardo8504/log4j-copilot,core/src/main/java/org/apache/logging/log4j/core/config/JSONConfiguration.java,jvm,1,0
179ba3afd45b28e9bc44b61e17a676685ab91dd3,ibmruntimes/openj9-openjdk-jdk26,src/jdk.jlink/share/classes/jdk/tools/jimage/JImageTask.java,jvm,1,0
179ba3afd45b28e9bc44b61e17a676685ab91dd3,ibmruntimes/openj9-openjdk-jdk26,src/jdk.jlink/share/classes/jdk/tools/jlink/internal/plugins/VersionPropsPlugin.java,jvm,1,0
179ba3afd45b28e9bc44b61e17a676685ab91dd3,ibmruntimes/openj9-openjdk-jdk26,src/jdk.jlink/share/classes/jdk/tools/jmod/JmodTask.java,jvm,1,0
18232305ba85fc1580f3638567b1f4362db5f2ba,HoangVT512/SEP490_G78_FITS-KIP,FITSKIP.API/Controllers/RolesController.cs,dotnet,1,1
1833cfe7c7450467a5c8ebea23c036967ecf138f,RoanH/KeysPerSecond,KeysPerSecond/src/me/roan/kps/Main.java,jvm,1,0
188f37c9eebbf2e84cfbb38e310837244ef7b7eb,alllucky1996/FFMpegCoreComunity,FFMpegCore.Test/Resources/VideoLibrary.cs,dotnet,1,0
188f37c9eebbf2e84cfbb38e310837244ef7b7eb,alllucky1996/FFMpegCoreComunity,FFMpegCore/FFMpeg/Arguments/AudioCodecArgument.cs,dotnet,1,0
188f37c9eebbf2e84cfbb38e310837244ef7b7eb,alllucky1996/FFMpegCoreComunity,FFMpegCore/FFMpeg/Arguments/BitStreamFilterArgument.cs,dotnet,1,0
188f37c9eebbf2e84cfbb38e310837244ef7b7eb,alllucky1996/FFMpegCoreComunity,FFMpegCore/FFMpeg/Arguments/ForceFormatArgument.cs,dotnet,1,0
188f37c9eebbf2e84cfbb38e310837244ef7b7eb,alllucky1996/FFMpegCoreComunity,FFMpegCore/FFMpeg/Arguments/SpeedPresetArgument.cs,dotnet,1,0
188f37c9eebbf2e84cfbb38e310837244ef7b7eb,alllucky1996/FFMpegCoreComunity,FFMpegCore/FFMpeg/Arguments/VideoCodecArgument.cs,dotnet,1,0
188f37c9eebbf2e84cfbb38e310837244ef7b7eb,alllucky1996/FFMpegCoreComunity,FFMpegCore/ImageInfo.cs,dotnet,1,0
18bce12c5916331971b2e8108f8485cc56b696d3,zeldin/platform_sdk,ddms/libs/ddmlib/src/com/android/ddmlib/EmulatorConsole.java,jvm,1,0
18bce12c5916331971b2e8108f8485cc56b696d3,zeldin/platform_sdk,ddms/libs/ddmlib/src/com/android/ddmlib/log/EventContainer.java,jvm,1,0
18bce12c5916331971b2e8108f8485cc56b696d3,zeldin/platform_sdk,ddms/libs/ddmlib/src/com/android/ddmlib/log/EventValueDescription.java,jvm,1,0
18bce12c5916331971b2e8108f8485cc56b696d3,zeldin/platform_sdk,eclipse/plugins/com.android.ide.eclipse.adt/src/com/android/ide/common/layout/BaseViewRule.java,jvm,1,0
18bce12c5916331971b2e8108f8485cc56b696d3,zeldin/platform_sdk,eclipse/plugins/com.android.ide.eclipse.adt/src/com/android/ide/common/resources/platform/AttrsXmlParser.java,jvm,1,0
18bce12c5916331971b2e8108f8485cc56b696d3,zeldin/platform_sdk,eclipse/plugins/com.android.ide.eclipse.adt/src/com/android/ide/eclipse/adt/internal/editors/descriptors/DescriptorsUtils.java,jvm,1,0
18bce12c5916331971b2e8108f8485cc56b696d3,zeldin/platform_sdk,eclipse/plugins/com.android.ide.eclipse.adt/src/com/android/ide/eclipse/adt/internal/editors/layout/gle2/DomUtilities.java,jvm,1,0
18bce12c5916331971b2e8108f8485cc56b696d3,zeldin/platform_sdk,eclipse/plugins/com.android.ide.eclipse.adt/src/com/android/ide/eclipse/adt/internal/editors/layout/gre/ViewMetadataRepository.java,jvm,1,0
18bce12c5916331971b2e8108f8485cc56b696d3,zeldin/platform_sdk,eclipse/plugins/com.android.ide.eclipse.adt/src/com/android/ide/eclipse/adt/internal/editors/layout/refactoring/ExtractIncludeRefactoring.java,jvm,1,0
18bce12c5916331971b2e8108f8485cc56b696d3,zeldin/platform_sdk,eclipse/plugins/com.android.ide.eclipse.adt/src/com/android/ide/eclipse/adt/internal/editors/layout/refactoring/VisualRefactoring.java,jvm,1,0
18bce12c5916331971b2e8108f8485cc56b696d3,zeldin/platform_sdk,eclipse/plugins/com.android.ide.eclipse.adt/src/com/android/ide/eclipse/adt/internal/editors/ui/tree/NewItemSelectionDialog.java,jvm,1,0
18bce12c5916331971b2e8108f8485cc56b696d3,zeldin/platform_sdk,eclipse/plugins/com.android.ide.eclipse.adt/src/com/android/ide/eclipse/adt/internal/editors/uimodel/UiElementNode.java,jvm,1,0
18bce12c5916331971b2e8108f8485cc56b696d3,zeldin/platform_sdk,eclipse/plugins/com.android.ide.eclipse.adt/src/com/android/ide/eclipse/adt/internal/refactorings/extractstring/ExtractStringInputPage.java,jvm,1,0
18bce12c5916331971b2e8108f8485cc56b696d3,zeldin/platform_sdk,eclipse/plugins/com.android.ide.eclipse.adt/src/com/android/ide/eclipse/adt/internal/ui/ResourceChooser.java,jvm,1,0
18bce12c5916331971b2e8108f8485cc56b696d3,zeldin/platform_sdk,ide_common/src/com/android/ide/common/resources/configuration/LanguageQualifier.java,jvm,1,0
18bce12c5916331971b2e8108f8485cc56b696d3,zeldin/platform_sdk,ide_common/src/com/android/ide/common/resources/configuration/RegionQualifier.java,jvm,1,0
18bce12c5916331971b2e8108f8485cc56b696d3,zeldin/platform_sdk,lint/libs/lint_api/src/com/android/tools/lint/client/api/DefaultConfiguration.java,jvm,1,0
18bce12c5916331971b2e8108f8485cc56b696d3,zeldin/platform_sdk,sdkmanager/libs/sdklib/src/com/android/sdklib/SystemImage.java,jvm,1,0
18bce12c5916331971b2e8108f8485cc56b696d3,zeldin/platform_sdk,sdkmanager/libs/sdklib/src/com/android/sdklib/internal/repository/AddonPackage.java,jvm,1,0
18bce12c5916331971b2e8108f8485cc56b696d3,zeldin/platform_sdk,sdkmanager/libs/sdklib/src/com/android/sdklib/internal/repository/Archive.java,jvm,1,0
18bce12c5916331971b2e8108f8485cc56b696d3,zeldin/platform_sdk,sdkmanager/libs/sdklib/src/com/android/sdklib/internal/repository/SystemImagePackage.java,jvm,1,0
18bce12c5916331971b2e8108f8485cc56b696d3,zeldin/platform_sdk,sdkmanager/libs/sdklib/src/com/android/sdklib/xml/AndroidManifestParser.java,jvm,1,0
18bce12c5916331971b2e8108f8485cc56b696d3,zeldin/platform_sdk,sdkmanager/libs/sdkuilib/src/com/android/sdkuilib/internal/repository/icons/ImageFactory.java,jvm,1,0
1982c183bb3645b8a5040721f28e8def498d855a,sergiye/authenticator,TwoFactorAuth.Core/TwoFactorAuthenticator.cs,dotnet,1,0
19910ceacf461bd7153c7f2866476919fe7ffec2,Samsung/TizenFX,src/Tizen.Applications.PackageManager/Tizen.Applications/PackageManager.cs,dotnet,1,0
19910ceacf461bd7153c7f2866476919fe7ffec2,Samsung/TizenFX,src/Tizen.Applications.PackageManager/Tizen.Applications/PackageType.cs,dotnet,1,0
19d7ab41dfe8f9ad717cde131c40a7acd6cba4d5,PDmatrix/DTX.DesignPatterns,DTX.DesignPatterns/EntryPoint.cs,dotnet,1,0
1b57f604ab8cfcf56d9b80c5f849d189fb7970ad,ricardo8504/log4j-copilot,core/src/main/java/org/apache/logging/log4j/core/layout/RFC5424Layout.java,jvm,1,0
1b57f604ab8cfcf56d9b80c5f849d189fb7970ad,ricardo8504/log4j-copilot,core/src/main/java/org/apache/logging/log4j/core/layout/SyslogLayout.java,jvm,1,0
1cc17930970d892e943cf5a4ab2365be92a04c47,Smashgod23/MuseTheory,MuseTheory/backend/src/main/java/com/musetheory/api/service/S3Service.java,jvm,1,0
1ce3dd7d77eb769cc852ebcafab1f4f4df87e8bb,wingedonezero/Media-Manager,src/main/java/org/tinymediamanager/scraper/imdb/ImdbParser.java,jvm,1,0
1dfd5d1f06853b45ef354dbad44f97f592ccc2fa,DIGI-UW/openelis-analyzer-bridge,src/main/java/org/itech/ahb/qc/QcRuleEvaluator.java,jvm,1,0
1e147aff3ce6f7a523a0ac63cc1d4eec5e5d8be7,diffplug/spotless,lib/src/main/java/com/diffplug/spotless/java/TableTestFormatterStep.java,jvm,1,0
1e147aff3ce6f7a523a0ac63cc1d4eec5e5d8be7,diffplug/spotless,lib/src/tableTestFormatter/java/com/diffplug/spotless/glue/java/TableTestFormatterFunc.java,jvm,1,0
1f0c193f03875862844ad723da8d1da4d23fc94b,codelibs/nekohtml,src/org/cyberneko/html/HTMLScanner.java,jvm,1,5
1f0c193f03875862844ad723da8d1da4d23fc94b,codelibs/nekohtml,src/org/cyberneko/html/HTMLTagBalancer.java,jvm,1,0
1f0c193f03875862844ad723da8d1da4d23fc94b,codelibs/nekohtml,src/org/cyberneko/html/filters/NamespaceBinder.java,jvm,1,0
1f0c193f03875862844ad723da8d1da4d23fc94b,codelibs/nekohtml,src/org/cyberneko/html/filters/Purifier.java,jvm,1,1
20202d02222949f889dc19b14a3fdb4deb918116,grv87/gradle-base-plugins,src/dependencyUtils/java/org/fidata/gradle/utils/VersionUtils.java,jvm,1,0
20202d02222949f889dc19b14a3fdb4deb918116,grv87/gradle-base-plugins,src/main/groovy/org/fidata/gpg/GpgUtils.groovy,jvm,1,0
2031389efcea7845f43a26ccf16120ae15b6ef50,Goliathuzzzz/OTP_Group6,src/main/java/controller/view_controllers/AfterMatchController.java,jvm,1,0
2031389efcea7845f43a26ccf16120ae15b6ef50,Goliathuzzzz/OTP_Group6,src/main/java/controller/view_controllers/InterestSelectionController.java,jvm,1,0
2031389efcea7845f43a26ccf16120ae15b6ef50,Goliathuzzzz/OTP_Group6,src/main/java/controller/view_controllers/ProfileController.java,jvm,1,0
2040765c6bb840204ffb25b76027ca727d5af857,linqibin0826/patra,linqibin-commons/linqibin-commons-core/src/main/java/dev/linqibin/commons/error/remote/RemoteCallException.java,jvm,1,0
2040765c6bb840204ffb25b76027ca727d5af857,linqibin0826/patra,linqibin-commons/linqibin-spring-boot-starter-batch/src/main/java/dev/linqibin/starter/batch/schema/BatchSchemaInitializer.java,jvm,1,0
2040765c6bb840204ffb25b76027ca727d5af857,linqibin0826/patra,linqibin-commons/linqibin-spring-boot-starter-core/src/main/java/dev/linqibin/starter/core/error/engine/DefaultErrorResolutionEngine.java,jvm,1,0
2040765c6bb840204ffb25b76027ca727d5af857,linqibin0826/patra,linqibin-commons/linqibin-spring-boot-starter-http-interface/src/main/java/dev/linqibin/starter/httpinterface/error/ProblemDetailErrorHandler.java,jvm,1,0
2040765c6bb840204ffb25b76027ca727d5af857,linqibin0826/patra,linqibin-commons/linqibin-spring-boot-starter-object-storage/src/main/java/dev/linqibin/starter/objectstorage/ObjectStorageTemplate.java,jvm,1,0
2040765c6bb840204ffb25b76027ca727d5af857,linqibin0826/patra,linqibin-commons/linqibin-spring-boot-starter-object-storage/src/main/java/dev/linqibin/starter/objectstorage/metrics/ObjectStorageMetrics.java,jvm,1,0
2040765c6bb840204ffb25b76027ca727d5af857,linqibin0826/patra,linqibin-commons/linqibin-spring-boot-starter-rest-client/src/main/java/dev/linqibin/starter/restclient/download/strategy/HttpStreamingDownloader.java,jvm,1,0
2040765c6bb840204ffb25b76027ca727d5af857,linqibin0826/patra,linqibin-commons/linqibin-spring-boot-starter-web/src/main/java/dev/linqibin/starter/web/error/builder/ProblemDetailBuilder.java,jvm,1,0
2040765c6bb840204ffb25b76027ca727d5af857,linqibin0826/patra,linqibin-commons/linqibin-spring-boot-starter-web/src/main/java/dev/linqibin/starter/web/error/formatter/DefaultValidationErrorsFormatter.java,jvm,1,0
2040765c6bb840204ffb25b76027ca727d5af857,linqibin0826/patra,patra-api/patra-catalog/patra-catalog-domain/src/main/java/dev/linqibin/patra/catalog/domain/model/aggregate/AuthorAggregate.java,jvm,1,0
2040765c6bb840204ffb25b76027ca727d5af857,linqibin0826/patra,patra-api/patra-catalog/patra-catalog-domain/src/main/java/dev/linqibin/patra/catalog/domain/model/enums/AbstractType.java,jvm,1,0
2040765c6bb840204ffb25b76027ca727d5af857,linqibin0826/patra,patra-api/patra-catalog/patra-catalog-domain/src/main/java/dev/linqibin/patra/catalog/domain/model/enums/AuthorStatus.java,jvm,1,0
2040765c6bb840204ffb25b76027ca727d5af857,linqibin0826/patra,patra-api/patra-catalog/patra-catalog-domain/src/main/java/dev/linqibin/patra/catalog/domain/model/enums/CasWarningLevel.java,jvm,1,0
2040765c6bb840204ffb25b76027ca727d5af857,linqibin0826/patra,patra-api/patra-catalog/patra-catalog-domain/src/main/java/dev/linqibin/patra/catalog/domain/model/enums/CitationSubset.java,jvm,1,0
2040765c6bb840204ffb25b76027ca727d5af857,linqibin0826/patra,patra-api/patra-catalog/patra-catalog-domain/src/main/java/dev/linqibin/patra/catalog/domain/model/enums/DataSourceCode.java,jvm,1,0
2040765c6bb840204ffb25b76027ca727d5af857,linqibin0826/patra,patra-api/patra-catalog/patra-catalog-domain/src/main/java/dev/linqibin/patra/catalog/domain/model/enums/DatePrecision.java,jvm,1,0
2040765c6bb840204ffb25b76027ca727d5af857,linqibin0826/patra,patra-api/patra-catalog/patra-catalog-domain/src/main/java/dev/linqibin/patra/catalog/domain/model/enums/DisambiguationMethod.java,jvm,1,0
2040765c6bb840204ffb25b76027ca727d5af857,linqibin0826/patra,patra-api/patra-catalog/patra-catalog-domain/src/main/java/dev/linqibin/patra/catalog/domain/model/enums/DisambiguationStatus.java,jvm,1,0
2040765c6bb840204ffb25b76027ca727d5af857,linqibin0826/patra,patra-api/patra-catalog/patra-catalog-domain/src/main/java/dev/linqibin/patra/catalog/domain/model/enums/ExternalIdType.java,jvm,1,0
2040765c6bb840204ffb25b76027ca727d5af857,linqibin0826/patra,patra-api/patra-catalog/patra-catalog-domain/src/main/java/dev/linqibin/patra/catalog/domain/model/enums/IndexingStatus.java,jvm,1,0
2040765c6bb840204ffb25b76027ca727d5af857,linqibin0826/patra,patra-api/patra-catalog/patra-catalog-domain/src/main/java/dev/linqibin/patra/catalog/domain/model/enums/IndexingTreatment.java,jvm,1,0
2040765c6bb840204ffb25b76027ca727d5af857,linqibin0826/patra,patra-api/patra-catalog/patra-catalog-domain/src/main/java/dev/linqibin/patra/catalog/domain/model/enums/IssnType.java,jvm,1,0
2040765c6bb840204ffb25b76027ca727d5af857,linqibin0826/patra,patra-api/patra-catalog/patra-catalog-domain/src/main/java/dev/linqibin/patra/catalog/domain/model/enums/LexicalTag.java,jvm,1,0
2040765c6bb840204ffb25b76027ca727d5af857,linqibin0826/patra,patra-api/patra-catalog/patra-catalog-domain/src/main/java/dev/linqibin/patra/catalog/domain/model/enums/LinkType.java,jvm,1,0
2040765c6bb840204ffb25b76027ca727d5af857,linqibin0826/patra,patra-api/patra-catalog/patra-catalog-domain/src/main/java/dev/linqibin/patra/catalog/domain/model/enums/MeshRecordType.java,jvm,1,0
2040765c6bb840204ffb25b76027ca727d5af857,linqibin0826/patra,patra-api/patra-catalog/patra-catalog-domain/src/main/java/dev/linqibin/patra/catalog/domain/model/enums/OaLocationType.java,jvm,1,0
2040765c6bb840204ffb25b76027ca727d5af857,linqibin0826/patra,patra-api/patra-catalog/patra-catalog-domain/src/main/java/dev/linqibin/patra/catalog/domain/model/enums/OaStatus.java,jvm,1,0
2040765c6bb840204ffb25b76027ca727d5af857,linqibin0826/patra,patra-api/patra-catalog/patra-catalog-domain/src/main/java/dev/linqibin/patra/catalog/domain/model/enums/OrganizationNameType.java,jvm,1,0
2040765c6bb840204ffb25b76027ca727d5af857,linqibin0826/patra,patra-api/patra-catalog/patra-catalog-domain/src/main/java/dev/linqibin/patra/catalog/domain/model/enums/OrganizationRelationType.java,jvm,1,0
2040765c6bb840204ffb25b76027ca727d5af857,linqibin0826/patra,patra-api/patra-catalog/patra-catalog-domain/src/main/java/dev/linqibin/patra/catalog/domain/model/enums/OrganizationStatus.java,jvm,1,0
2040765c6bb840204ffb25b76027ca727d5af857,linqibin0826/patra,patra-api/patra-catalog/patra-catalog-domain/src/main/java/dev/linqibin/patra/catalog/domain/model/enums/OrganizationType.java,jvm,1,0
2040765c6bb840204ffb25b76027ca727d5af857,linqibin0826/patra,patra-api/patra-catalog/patra-catalog-domain/src/main/java/dev/linqibin/patra/catalog/domain/model/enums/PublicationDateType.java,jvm,1,0
2040765c6bb840204ffb25b76027ca727d5af857,linqibin0826/patra,patra-api/patra-catalog/patra-catalog-domain/src/main/java/dev/linqibin/patra/catalog/domain/model/enums/PublicationMedium.java,jvm,1,0
2040765c6bb840204ffb25b76027ca727d5af857,linqibin0826/patra,patra-api/patra-catalog/patra-catalog-domain/src/main/java/dev/linqibin/patra/catalog/domain/model/enums/PublicationStatus.java,jvm,1,0
2040765c6bb840204ffb25b76027ca727d5af857,linqibin0826/patra,patra-api/patra-catalog/patra-catalog-domain/src/main/java/dev/linqibin/patra/catalog/domain/model/enums/QualityLevel.java,jvm,1,0
2040765c6bb840204ffb25b76027ca727d5af857,linqibin0826/patra,patra-api/patra-catalog/patra-catalog-domain/src/main/java/dev/linqibin/patra/catalog/domain/model/enums/QualityScore.java,jvm,1,0
2040765c6bb840204ffb25b76027ca727d5af857,linqibin0826/patra,patra-api/patra-catalog/patra-catalog-domain/src/main/java/dev/linqibin/patra/catalog/domain/model/enums/ReviewStatus.java,jvm,1,0
2040765c6bb840204ffb25b76027ca727d5af857,linqibin0826/patra,patra-api/patra-catalog/patra-catalog-domain/src/main/java/dev/linqibin/patra/catalog/domain/model/enums/TranslationType.java,jvm,1,0
2040765c6bb840204ffb25b76027ca727d5af857,linqibin0826/patra,patra-api/patra-catalog/patra-catalog-domain/src/main/java/dev/linqibin/patra/catalog/domain/model/enums/VenueIdentifierType.java,jvm,1,0
2040765c6bb840204ffb25b76027ca727d5af857,linqibin0826/patra,patra-api/patra-catalog/patra-catalog-domain/src/main/java/dev/linqibin/patra/catalog/domain/model/enums/VenueRelationType.java,jvm,1,0
2040765c6bb840204ffb25b76027ca727d5af857,linqibin0826/patra,patra-api/patra-catalog/patra-catalog-domain/src/main/java/dev/linqibin/patra/catalog/domain/model/enums/VenueType.java,jvm,1,0
2040765c6bb840204ffb25b76027ca727d5af857,linqibin0826/patra,patra-api/patra-catalog/patra-catalog-domain/src/main/java/dev/linqibin/patra/catalog/domain/model/enums/VersionType.java,jvm,1,0
2040765c6bb840204ffb25b76027ca727d5af857,linqibin0826/patra,patra-api/patra-catalog/patra-catalog-domain/src/main/java/dev/linqibin/patra/catalog/domain/model/vo/author/AuthorNameVariant.java,jvm,1,0
2040765c6bb840204ffb25b76027ca727d5af857,linqibin0826/patra,patra-api/patra-catalog/patra-catalog-domain/src/main/java/dev/linqibin/patra/catalog/domain/model/vo/author/Orcid.java,jvm,1,0
2040765c6bb840204ffb25b76027ca727d5af857,linqibin0826/patra,patra-api/patra-catalog/patra-catalog-domain/src/main/java/dev/linqibin/patra/catalog/domain/model/vo/mesh/MeshUI.java,jvm,1,0
2040765c6bb840204ffb25b76027ca727d5af857,linqibin0826/patra,patra-api/patra-catalog/patra-catalog-domain/src/main/java/dev/linqibin/patra/catalog/domain/model/vo/publication/PublicationAbstract.java,jvm,1,0
2040765c6bb840204ffb25b76027ca727d5af857,linqibin0826/patra,patra-api/patra-catalog/patra-catalog-domain/src/main/java/dev/linqibin/patra/catalog/domain/model/vo/publication/PublicationIdentifier.java,jvm,1,0
2040765c6bb840204ffb25b76027ca727d5af857,linqibin0826/patra,patra-api/patra-catalog/patra-catalog-domain/src/main/java/dev/linqibin/patra/catalog/domain/model/vo/publication/PublicationTypeInfo.java,jvm,1,0
2040765c6bb840204ffb25b76027ca727d5af857,linqibin0826/patra,patra-api/patra-catalog/patra-catalog-domain/src/main/java/dev/linqibin/patra/catalog/domain/model/vo/venue/VenueIdentifier.java,jvm,1,0
2040765c6bb840204ffb25b76027ca727d5af857,linqibin0826/patra,patra-api/patra-catalog/patra-catalog-infra/src/main/java/dev/linqibin/patra/catalog/infra/adapter/integration/letpub/LetPubScrapingClient.java,jvm,1,0
2040765c6bb840204ffb25b76027ca727d5af857,linqibin0826/patra,patra-api/patra-catalog/patra-catalog-infra/src/main/java/dev/linqibin/patra/catalog/infra/batch/organization/RorOrganizationParser.java,jvm,1,0
2040765c6bb840204ffb25b76027ca727d5af857,linqibin0826/patra,patra-api/patra-catalog/patra-catalog-infra/src/main/java/dev/linqibin/patra/catalog/infra/batch/publication/PublicationImportResultMapper.java,jvm,1,0
2040765c6bb840204ffb25b76027ca727d5af857,linqibin0826/patra,patra-api/patra-catalog/patra-catalog-infra/src/main/java/dev/linqibin/patra/catalog/infra/batch/publication/PubmedArticleItemProcessor.java,jvm,1,0
2040765c6bb840204ffb25b76027ca727d5af857,linqibin0826/patra,patra-api/patra-catalog/patra-catalog-infra/src/main/java/dev/linqibin/patra/catalog/infra/parser/strategy/CanonicalPublicationParsingStrategy.java,jvm,1,0
2040765c6bb840204ffb25b76027ca727d5af857,linqibin0826/patra,patra-api/patra-catalog/patra-catalog-infra/src/main/java/dev/linqibin/patra/catalog/infra/parser/strategy/SerialParsingStrategy.java,jvm,1,0
2040765c6bb840204ffb25b76027ca727d5af857,linqibin0826/patra,patra-api/patra-common/patra-common-enums/src/main/java/dev/linqibin/patra/common/enums/ProvenanceCode.java,jvm,1,0
2040765c6bb840204ffb25b76027ca727d5af857,linqibin0826/patra,patra-api/patra-common/patra-common-model/src/main/java/dev/linqibin/patra/common/model/enums/PublicationIdentifierType.java,jvm,1,0
2040765c6bb840204ffb25b76027ca727d5af857,linqibin0826/patra,patra-api/patra-ingest/patra-ingest-adapter/src/main/java/dev/linqibin/patra/ingest/adapter/scheduler/job/AbstractProvenanceScheduleJob.java,jvm,1,0
2040765c6bb840204ffb25b76027ca727d5af857,linqibin0826/patra,patra-api/patra-ingest/patra-ingest-adapter/src/main/java/dev/linqibin/patra/ingest/adapter/scheduler/job/OutboxRelayJob.java,jvm,1,0
2040765c6bb840204ffb25b76027ca727d5af857,linqibin0826/patra,patra-api/patra-ingest/patra-ingest-app/src/main/java/dev/linqibin/patra/ingest/app/usecase/plan/assembler/PlanAssemblerImpl.java,jvm,1,0
2040765c6bb840204ffb25b76027ca727d5af857,linqibin0826/patra,patra-api/patra-ingest/patra-ingest-domain/src/main/java/dev/linqibin/patra/ingest/domain/model/enums/BatchStatus.java,jvm,1,0
2040765c6bb840204ffb25b76027ca727d5af857,linqibin0826/patra,patra-api/patra-ingest/patra-ingest-domain/src/main/java/dev/linqibin/patra/ingest/domain/model/enums/CursorDirection.java,jvm,1,0
2040765c6bb840204ffb25b76027ca727d5af857,linqibin0826/patra,patra-api/patra-ingest/patra-ingest-domain/src/main/java/dev/linqibin/patra/ingest/domain/model/enums/CursorType.java,jvm,1,0
2040765c6bb840204ffb25b76027ca727d5af857,linqibin0826/patra,patra-api/patra-ingest/patra-ingest-domain/src/main/java/dev/linqibin/patra/ingest/domain/model/enums/NamespaceScope.java,jvm,1,0
2040765c6bb840204ffb25b76027ca727d5af857,linqibin0826/patra,patra-api/patra-ingest/patra-ingest-domain/src/main/java/dev/linqibin/patra/ingest/domain/model/enums/OperationCode.java,jvm,1,0
2040765c6bb840204ffb25b76027ca727d5af857,linqibin0826/patra,patra-api/patra-ingest/patra-ingest-domain/src/main/java/dev/linqibin/patra/ingest/domain/model/enums/PlanStatus.java,jvm,1,0
2040765c6bb840204ffb25b76027ca727d5af857,linqibin0826/patra,patra-api/patra-ingest/patra-ingest-domain/src/main/java/dev/linqibin/patra/ingest/domain/model/enums/Scheduler.java,jvm,1,0
2040765c6bb840204ffb25b76027ca727d5af857,linqibin0826/patra,patra-api/patra-ingest/patra-ingest-domain/src/main/java/dev/linqibin/patra/ingest/domain/model/enums/SliceStatus.java,jvm,1,0
2040765c6bb840204ffb25b76027ca727d5af857,linqibin0826/patra,patra-api/patra-ingest/patra-ingest-domain/src/main/java/dev/linqibin/patra/ingest/domain/model/enums/TaskRunStatus.java,jvm,1,0
2040765c6bb840204ffb25b76027ca727d5af857,linqibin0826/patra,patra-api/patra-ingest/patra-ingest-domain/src/main/java/dev/linqibin/patra/ingest/domain/model/enums/TaskStatus.java,jvm,1,0
2040765c6bb840204ffb25b76027ca727d5af857,linqibin0826/patra,patra-api/patra-ingest/patra-ingest-domain/src/main/java/dev/linqibin/patra/ingest/domain/model/enums/TriggerType.java,jvm,1,0
2040765c6bb840204ffb25b76027ca727d5af857,linqibin0826/patra,patra-starters/patra-spring-boot-starter-expr/src/main/java/dev/linqibin/patra/starter/expr/compiler/render/DefaultExprRenderer.java,jvm,1,0
21340a4d1381ed3f388af2880b0e045b551a5a91,prabhawati-x-labs/kafka,tools/src/main/java/org/apache/kafka/tools/consumer/group/ConsumerGroupCommand.java,jvm,1,0
21694ecd98fe674a1be297ff7e7674f600b6bb9b,drpn-ai/darpan,src/main/groovy/darpan/reconciliation/source/SourceFilterSupport.groovy,jvm,1,0
21af5dd7efda875f17778ae07ec09e219b4f839f,qyl2021/net-FFImageLoading,source/FFImageLoading.Cross/MvxImageLoadingView.cs,dotnet,1,0
221426eb2f2134806a03eb0fd9a01c6a846ec570,cogfor/mcf-cogfor,connectors/activedirectory/connector/src/main/java/org/apache/manifoldcf/authorities/authorities/activedirectory/ActiveDirectoryAuthority.java,jvm,1,0
227faea022817acd92c92d2ae32ee163fddd379f,akiramoss/crypto-data-platform,src/main/java/com/crypto_data_platform/controller/CryptoController.java,jvm,1,0
230eccd614d4481ccc3b82a6c0c78fed5a9b9dcd,Altinn/dialogporten,src/Digdir.Domain.Dialogporten.ChangeDataCapture/ChangeDataCapture/ICdcSubscription.cs,dotnet,1,0
230eccd614d4481ccc3b82a6c0c78fed5a9b9dcd,Altinn/dialogporten,src/Digdir.Domain.Dialogporten.Domain/Dialogs/Entities/DialogSearchTag.cs,dotnet,1,0
230eccd614d4481ccc3b82a6c0c78fed5a9b9dcd,Altinn/dialogporten,src/Digdir.Domain.Dialogporten.Domain/Localizations/Localization.cs,dotnet,1,0
230eccd614d4481ccc3b82a6c0c78fed5a9b9dcd,Altinn/dialogporten,src/Digdir.Domain.Dialogporten.Infrastructure/Common/Serialization/SerializerOptions.cs,dotnet,1,0
230eccd614d4481ccc3b82a6c0c78fed5a9b9dcd,Altinn/dialogporten,src/Digdir.Domain.Dialogporten.WebApi/Endpoints/V1/ServiceOwner/ServiceOwnerGroup.cs,dotnet,1,0
2327e83c5144ddb2289d698ec5f9c148acc362a7,Zorn-Dev-ID/packages_apps_Updater-Infinity,src/org/lineageos/updater/misc/LegacySupport.java,jvm,1,0
2327e83c5144ddb2289d698ec5f9c148acc362a7,Zorn-Dev-ID/packages_apps_Updater-Infinity,src/org/lineageos/updater/misc/Utils.java,jvm,1,0
23d31d86f04ad0831aeff5b7b6a03665c884b7ff,stanfordnlp/CoreNLP,src/edu/stanford/nlp/semgraph/semgrex/SemgrexPattern.java,jvm,1,0
23d31d86f04ad0831aeff5b7b6a03665c884b7ff,stanfordnlp/CoreNLP,src/edu/stanford/nlp/semgraph/semgrex/stats/SemgrexStats.java,jvm,1,0
23ed7711686c13472901f4b4df31cc6720fded62,manoj-bhaskaran/lift-simulator,src/main/java/com/liftsimulator/admin/dto/ArtefactInfo.java,jvm,1,0
23f5c1cb62091796d0e6ccd29b7253ce627d7aac,Guardsquare/proguard,base/src/main/java/proguard/ConfigurationVerifier.java,jvm,1,0
23f5c1cb62091796d0e6ccd29b7253ce627d7aac,Guardsquare/proguard,base/src/main/java/proguard/obfuscate/ClassObfuscator.java,jvm,1,0
23f5c1cb62091796d0e6ccd29b7253ce627d7aac,Guardsquare/proguard,base/src/main/java/proguard/obfuscate/SimpleNameFactory.java,jvm,1,0
23f5c1cb62091796d0e6ccd29b7253ce627d7aac,Guardsquare/proguard,gui/src/main/java/proguard/gui/ExtensionFileFilter.java,jvm,1,0
23f5c1cb62091796d0e6ccd29b7253ce627d7aac,Guardsquare/proguard,gui/src/main/java/proguard/gui/ProGuardGUI.java,jvm,1,0
2453f15e20a911ba2a25909148dccc62d1819cd5,theroysamuel/opengrok2,src/org/opensolaris/opengrok/index/Indexer.java,jvm,1,1
256db5949fb3766e0de1c05fc9593bdb63624cd9,kenpaulsen/trip-manager,trip/src/main/java/org/paulsens/trip/dynamo/CredentialsDAO.java,jvm,1,0
256db5949fb3766e0de1c05fc9593bdb63624cd9,kenpaulsen/trip-manager,trip/src/main/java/org/paulsens/trip/dynamo/FakeData.java,jvm,1,0
256db5949fb3766e0de1c05fc9593bdb63624cd9,kenpaulsen/trip-manager,trip/src/main/java/org/paulsens/trip/model/Creds.java,jvm,1,0
256db5949fb3766e0de1c05fc9593bdb63624cd9,kenpaulsen/trip-manager,trip/src/main/java/org/paulsens/trip/model/Person.java,jvm,1,0
25835dc3634741130fc5ec072f6ca198ca28ef7a,badbubble/graal_data_collection,compiler/src/jdk.graal.compiler/src/jdk/graal/compiler/code/HexCodeFileDisassemblerProvider.java,jvm,1,0
25835dc3634741130fc5ec072f6ca198ca28ef7a,badbubble/graal_data_collection,compiler/src/jdk.graal.compiler/src/jdk/graal/compiler/core/phases/fuzzing/FullFuzzedTierPlan.java,jvm,1,0
25835dc3634741130fc5ec072f6ca198ca28ef7a,badbubble/graal_data_collection,compiler/src/jdk.graal.compiler/src/jdk/graal/compiler/core/phases/fuzzing/MinimalFuzzedTierPlan.java,jvm,1,0
25835dc3634741130fc5ec072f6ca198ca28ef7a,badbubble/graal_data_collection,compiler/src/jdk.graal.compiler/src/jdk/graal/compiler/debug/DebugContext.java,jvm,1,0
25835dc3634741130fc5ec072f6ca198ca28ef7a,badbubble/graal_data_collection,compiler/src/jdk.graal.compiler/src/jdk/graal/compiler/lir/LIRInstructionClass.java,jvm,1,0
25835dc3634741130fc5ec072f6ca198ca28ef7a,badbubble/graal_data_collection,compiler/src/jdk.graal.compiler/src/jdk/graal/compiler/options/OptionsParser.java,jvm,1,0
26efe93e7efffb27d98db255fd59da19fd4da2db,tulatraes25/CATGIS-DESKTOP,catgis-desktop/src/ar/com/catgis/GpxLoader.java,jvm,1,0
2828727ade3b30bce05d5769c2005e7dbd04c146,petebuletza/simple-java-producer-consumer,src/main/java/com/example/datapipe/Main.java,jvm,1,0
283e78734a0f7bf7198a1a778bc855ec488889d4,egdels/makeacopy,app/src/main/java/de/schliweb/makeacopy/ui/export/ExportViewModel.java,jvm,1,0
2ad34106bf6bb9de4f5fe4aadf975283a8b72d7d,MichaeIDietrich/eclipse-sse-modifications,bundles/org.eclipse.wst.xml.core/src/org/eclipse/wst/xml/core/internal/document/XMLGeneratorImpl.java,jvm,1,2
2aff4b5a820e8ce5f051b31077736deee9719c89,anwilli5/coin-collection-android-US,app/src/main/java/com/coincollection/CoinSlotAdapter.java,jvm,1,0
2b996afcd919238524fadcf619303720249193f7,nigoh/Juml,src/main/java/juml/app/uml/EntitySearchDialog.java,jvm,1,2
2c7e25ef431863e9adcb432d9c51e2d1b1db442c,KyuubiRan/OhMyBot,OhMyLib/src/Utils/BoolUtils.cs,dotnet,1,0
2c7e25ef431863e9adcb432d9c51e2d1b1db442c,KyuubiRan/OhMyBot,OhMyTelegramBot/src/Commands/UserCommands/Kuro/KuroGameAutoSignInCommand.cs,dotnet,1,0
2e57c8fee2cc6c068c5356e4fe79a3337511d15b,revoframework/Revo,Providers/EFCore/Revo.EFCore/DataAccess/Conventions/SnakeCaseColumnNamesConvention.cs,dotnet,1,0
2e57c8fee2cc6c068c5356e4fe79a3337511d15b,revoframework/Revo,Providers/EFCore/Revo.EFCore/DataAccess/Conventions/SnakeCaseTableNamesConvention.cs,dotnet,1,0
2ea0747fb22085dc6221c10acabc215cccc82b58,meepleAi-app/meepleai-monorepo,apps/api/src/Api/BoundedContexts/Administration/Application/Handlers/GetAllUsersQueryHandler.cs,dotnet,1,0
2ea0747fb22085dc6221c10acabc215cccc82b58,meepleAi-app/meepleai-monorepo,apps/api/src/Api/BoundedContexts/Administration/Infrastructure/Persistence/AlertRepository.cs,dotnet,1,0
2ea0747fb22085dc6221c10acabc215cccc82b58,meepleAi-app/meepleai-monorepo,apps/api/src/Api/BoundedContexts/GameManagement/Application/Handlers/CreateRuleCommentCommandHandler.cs,dotnet,1,0
2ea0747fb22085dc6221c10acabc215cccc82b58,meepleAi-app/meepleai-monorepo,apps/api/src/Api/BoundedContexts/GameManagement/Application/Handlers/ReplyToRuleCommentCommandHandler.cs,dotnet,1,0
2eb60097ee7e312035bf197c37d5d5107cbc4c87,androidx/constraintlayout,constraintlayout/constraintlayout/src/main/java/androidx/constraintlayout/motion/widget/KeyTrigger.java,jvm,1,0
2eb60097ee7e312035bf197c37d5d5107cbc4c87,androidx/constraintlayout,constraintlayout/constraintlayout/src/main/java/androidx/constraintlayout/widget/ConstraintSet.java,jvm,1,0
3130f8c6dfc3b6d94668eab95ca1fd1e834336cb,Lob2018/CanScan,src/main/java/fr/softsf/canscan/constant/StringConstants.java,jvm,1,0
31452f9fdf15ef93f05cacf2a4f0bad530b89714,TeamStriebigSebastian/Tika,tika-parsers/src/main/java/org/apache/tika/parser/html/HtmlHandler.java,jvm,1,0
31452f9fdf15ef93f05cacf2a4f0bad530b89714,TeamStriebigSebastian/Tika,tika-parsers/src/main/java/org/apache/tika/parser/html/IdentityHtmlMapper.java,jvm,1,0
327b7ccbaeb00cee496c3f6b32498ec1d052f84d,vomw/Aegis,app/src/main/java/com/beemdevelopment/aegis/encoding/Base32.java,jvm,1,0
327b7ccbaeb00cee496c3f6b32498ec1d052f84d,vomw/Aegis,app/src/main/java/com/beemdevelopment/aegis/encoding/Hex.java,jvm,1,0
327b7ccbaeb00cee496c3f6b32498ec1d052f84d,vomw/Aegis,app/src/main/java/com/beemdevelopment/aegis/icons/IconType.java,jvm,1,0
327b7ccbaeb00cee496c3f6b32498ec1d052f84d,vomw/Aegis,app/src/main/java/com/beemdevelopment/aegis/importers/AndOtpImporter.java,jvm,1,0
327b7ccbaeb00cee496c3f6b32498ec1d052f84d,vomw/Aegis,app/src/main/java/com/beemdevelopment/aegis/importers/FreeOtpImporter.java,jvm,1,0
327b7ccbaeb00cee496c3f6b32498ec1d052f84d,vomw/Aegis,app/src/main/java/com/beemdevelopment/aegis/otp/OtpInfo.java,jvm,1,0
327b7ccbaeb00cee496c3f6b32498ec1d052f84d,vomw/Aegis,app/src/main/java/com/beemdevelopment/aegis/otp/SteamInfo.java,jvm,1,0
327b7ccbaeb00cee496c3f6b32498ec1d052f84d,vomw/Aegis,app/src/main/java/com/beemdevelopment/aegis/ui/EditEntryActivity.java,jvm,1,0
32ff688d192b90d26687974e7d1091c7f076fde0,pgcodekeeper/pgcodekeeper,apgdiff/src/main/java/cz/startnet/utils/pgdiff/loader/JdbcMsConnector.java,jvm,1,0
32ff688d192b90d26687974e7d1091c7f076fde0,pgcodekeeper/pgcodekeeper,apgdiff/src/main/java/cz/startnet/utils/pgdiff/loader/ProjectLoader.java,jvm,1,0
32ff688d192b90d26687974e7d1091c7f076fde0,pgcodekeeper/pgcodekeeper,apgdiff/src/main/java/cz/startnet/utils/pgdiff/parsers/antlr/CustomSQLParserListener.java,jvm,1,0
32ff688d192b90d26687974e7d1091c7f076fde0,pgcodekeeper/pgcodekeeper,apgdiff/src/main/java/cz/startnet/utils/pgdiff/parsers/antlr/CustomTSQLParserListener.java,jvm,1,0
32ff688d192b90d26687974e7d1091c7f076fde0,pgcodekeeper/pgcodekeeper,apgdiff/src/main/java/cz/startnet/utils/pgdiff/parsers/antlr/expr/ValueExpr.java,jvm,1,0
32ff688d192b90d26687974e7d1091c7f076fde0,pgcodekeeper/pgcodekeeper,apgdiff/src/main/java/cz/startnet/utils/pgdiff/parsers/antlr/statements/CreateRewrite.java,jvm,1,0
32ff688d192b90d26687974e7d1091c7f076fde0,pgcodekeeper/pgcodekeeper,apgdiff/src/main/java/cz/startnet/utils/pgdiff/parsers/antlr/statements/CreateSequence.java,jvm,1,0
32ff688d192b90d26687974e7d1091c7f076fde0,pgcodekeeper/pgcodekeeper,apgdiff/src/main/java/cz/startnet/utils/pgdiff/parsers/antlr/statements/mssql/CreateMsAssembly.java,jvm,1,0
32ff688d192b90d26687974e7d1091c7f076fde0,pgcodekeeper/pgcodekeeper,apgdiff/src/main/java/cz/startnet/utils/pgdiff/parsers/antlr/statements/mssql/CreateMsSequence.java,jvm,1,0
32ff688d192b90d26687974e7d1091c7f076fde0,pgcodekeeper/pgcodekeeper,apgdiff/src/main/java/cz/startnet/utils/pgdiff/schema/PgView.java,jvm,1,0
32ff688d192b90d26687974e7d1091c7f076fde0,pgcodekeeper/pgcodekeeper,apgdiff/src/main/java/ru/taximaxim/codekeeper/apgdiff/sql/Keyword.java,jvm,1,0
32ff688d192b90d26687974e7d1091c7f076fde0,pgcodekeeper/pgcodekeeper,ru.taximaxim.codekeeper.ui/src/ru/taximaxim/codekeeper/ui/Activator.java,jvm,1,0
32ff688d192b90d26687974e7d1091c7f076fde0,pgcodekeeper/pgcodekeeper,ru.taximaxim.codekeeper.ui/src/ru/taximaxim/codekeeper/ui/dialogs/PgStatementAutoCompleteField.java,jvm,1,0
32ff688d192b90d26687974e7d1091c7f076fde0,pgcodekeeper/pgcodekeeper,ru.taximaxim.codekeeper.ui/src/ru/taximaxim/codekeeper/ui/differ/DiffTableViewer.java,jvm,1,0
32ff688d192b90d26687974e7d1091c7f076fde0,pgcodekeeper/pgcodekeeper,ru.taximaxim.codekeeper.ui/src/ru/taximaxim/codekeeper/ui/differ/filters/AbstractFilter.java,jvm,1,0
32ff688d192b90d26687974e7d1091c7f076fde0,pgcodekeeper/pgcodekeeper,ru.taximaxim.codekeeper.ui/src/ru/taximaxim/codekeeper/ui/generators/PgDataType.java,jvm,1,0
32ff688d192b90d26687974e7d1091c7f076fde0,pgcodekeeper/pgcodekeeper,ru.taximaxim.codekeeper.ui/src/ru/taximaxim/codekeeper/ui/pgdbproject/parser/PgDbParser.java,jvm,1,0
32ff688d192b90d26687974e7d1091c7f076fde0,pgcodekeeper/pgcodekeeper,ru.taximaxim.codekeeper.ui/src/ru/taximaxim/codekeeper/ui/sqledit/SQLEditorCompletionProcessor.java,jvm,1,0
32ff688d192b90d26687974e7d1091c7f076fde0,pgcodekeeper/pgcodekeeper,ru.taximaxim.codekeeper.ui/src/ru/taximaxim/codekeeper/ui/xmlstore/DbXmlStore.java,jvm,1,0
334d4bc3f1715764844ed8939a959705cc2651a8,sondmy/OOP25-javapoly-CaravitaFrancesco-TurilloLuca-PiedimonteAntonio-MularoniLuca,src/main/java/it/unibo/javapoly/controller/impl/MenuControllerImpl.java,jvm,1,0
3508288c1e26813a9195cf5f9ecf2fc3205f4764,jpetays/StartUnityBuild,PrgBuild/BuildInfoUpdater.cs,dotnet,1,0
3508288c1e26813a9195cf5f9ecf2fc3205f4764,jpetays/StartUnityBuild,StartUnityBuild/Program.cs,dotnet,1,0
35682e8b879d63ed0a329392bc74bb42af844eb8,wingedonezero/Media-Manager,src/main/java/org/tinymediamanager/scraper/util/StrgUtils.java,jvm,1,0
35be70af02829dfea85f7577ab560b933c1d1ffa,spring-projects/spring-ai,advisors/spring-ai-tool-search-advisor/src/test/java/org/springframework/ai/chat/client/advisor/toolsearch/AbstractToolSearchToolCallingAdvisorIT.java,jvm,1,0
35be70af02829dfea85f7577ab560b933c1d1ffa,spring-projects/spring-ai,advisors/spring-ai-vector-store-advisor/src/main/java/org/springframework/ai/chat/client/advisor/vectorstore/VectorStoreChatMemoryAdvisor.java,jvm,1,0
35be70af02829dfea85f7577ab560b933c1d1ffa,spring-projects/spring-ai,auto-configurations/advisors/spring-ai-autoconfigure-tool-search-advisor/src/main/java/org/springframework/ai/chat/client/advisor/toolsearch/autoconfigure/ToolSearchAdvisorAutoConfiguration.java,jvm,1,0
35be70af02829dfea85f7577ab560b933c1d1ffa,spring-projects/spring-ai,auto-configurations/mcp/spring-ai-autoconfigure-mcp-client-common/src/test/java/org/springframework/ai/mcp/client/common/autoconfigure/annotations/McpClientListChangedAnnotationsScanningIT.java,jvm,1,0
35be70af02829dfea85f7577ab560b933c1d1ffa,spring-projects/spring-ai,auto-configurations/mcp/spring-ai-autoconfigure-mcp-server-common/src/test/java/org/springframework/ai/mcp/server/common/autoconfigure/McpServerAutoConfigurationIT.java,jvm,1,0
35be70af02829dfea85f7577ab560b933c1d1ffa,spring-projects/spring-ai,auto-configurations/mcp/spring-ai-autoconfigure-mcp-server-common/src/test/java/org/springframework/ai/mcp/server/common/autoconfigure/McpStatelessServerAutoConfigurationIT.java,jvm,1,0
35be70af02829dfea85f7577ab560b933c1d1ffa,spring-projects/spring-ai,mcp/common/src/main/java/org/springframework/ai/mcp/McpToolUtils.java,jvm,1,0
35be70af02829dfea85f7577ab560b933c1d1ffa,spring-projects/spring-ai,mcp/mcp-annotations/src/test/java/org/springframework/ai/mcp/annotation/method/complete/AsyncMcpCompleteMethodCallbackExample.java,jvm,1,0
35be70af02829dfea85f7577ab560b933c1d1ffa,spring-projects/spring-ai,mcp/mcp-annotations/src/test/java/org/springframework/ai/mcp/annotation/method/complete/SyncMcpCompleteMethodCallbackExample.java,jvm,1,0
35be70af02829dfea85f7577ab560b933c1d1ffa,spring-projects/spring-ai,mcp/mcp-annotations/src/test/java/org/springframework/ai/mcp/annotation/method/resource/SyncMcpResourceMethodCallbackExample.java,jvm,1,0
35be70af02829dfea85f7577ab560b933c1d1ffa,spring-projects/spring-ai,mcp/transport/mcp-spring-webflux/src/main/java/org/springframework/ai/mcp/server/webflux/transport/HeaderUtils.java,jvm,1,0
35be70af02829dfea85f7577ab560b933c1d1ffa,spring-projects/spring-ai,mcp/transport/mcp-spring-webflux/src/test/java/org/springframework/ai/mcp/utils/McpTestRequestRecordingExchangeFilterFunction.java,jvm,1,0
35be70af02829dfea85f7577ab560b933c1d1ffa,spring-projects/spring-ai,mcp/transport/mcp-spring-webmvc/src/main/java/org/springframework/ai/mcp/server/webmvc/transport/HeaderUtils.java,jvm,1,0
35be70af02829dfea85f7577ab560b933c1d1ffa,spring-projects/spring-ai,memory-repositories/spring-ai-model-chat-memory-repository-redis/src/main/java/org/springframework/ai/chat/memory/repository/redis/RedisChatMemoryRepository.java,jvm,1,0
35be70af02829dfea85f7577ab560b933c1d1ffa,spring-projects/spring-ai,memory-repositories/spring-ai-model-chat-memory-repository-redis/src/test/java/org/springframework/ai/chat/memory/repository/redis/RedisChatMemoryAdvancedQueryIT.java,jvm,1,0
35be70af02829dfea85f7577ab560b933c1d1ffa,spring-projects/spring-ai,models/spring-ai-anthropic/src/main/java/org/springframework/ai/anthropic/AnthropicSkill.java,jvm,1,0
35be70af02829dfea85f7577ab560b933c1d1ffa,spring-projects/spring-ai,models/spring-ai-anthropic/src/test/java/org/springframework/ai/anthropic/AnthropicSkillsIT.java,jvm,1,0
35be70af02829dfea85f7577ab560b933c1d1ffa,spring-projects/spring-ai,models/spring-ai-bedrock-converse/src/main/java/org/springframework/ai/bedrock/converse/api/MediaFetcher.java,jvm,1,0
35be70af02829dfea85f7577ab560b933c1d1ffa,spring-projects/spring-ai,models/spring-ai-bedrock-converse/src/main/java/org/springframework/ai/bedrock/converse/api/URLValidator.java,jvm,1,0
35be70af02829dfea85f7577ab560b933c1d1ffa,spring-projects/spring-ai,models/spring-ai-bedrock-converse/src/test/java/org/springframework/ai/bedrock/converse/BedrockProxyChatModelIT.java,jvm,1,0
35be70af02829dfea85f7577ab560b933c1d1ffa,spring-projects/spring-ai,models/spring-ai-bedrock-converse/src/test/java/org/springframework/ai/bedrock/converse/client/BedrockNovaChatClientIT.java,jvm,1,0
35be70af02829dfea85f7577ab560b933c1d1ffa,spring-projects/spring-ai,models/spring-ai-bedrock/src/main/java/org/springframework/ai/bedrock/titan/BedrockTitanEmbeddingModel.java,jvm,1,0
35be70af02829dfea85f7577ab560b933c1d1ffa,spring-projects/spring-ai,models/spring-ai-google-genai/src/main/java/org/springframework/ai/google/genai/GoogleGenAiChatModel.java,jvm,1,0
35be70af02829dfea85f7577ab560b933c1d1ffa,spring-projects/spring-ai,models/spring-ai-google-genai/src/main/java/org/springframework/ai/google/genai/metadata/GoogleGenAiModalityTokenCount.java,jvm,1,0
35be70af02829dfea85f7577ab560b933c1d1ffa,spring-projects/spring-ai,models/spring-ai-google-genai/src/main/java/org/springframework/ai/google/genai/metadata/GoogleGenAiTrafficType.java,jvm,1,0
35be70af02829dfea85f7577ab560b933c1d1ffa,spring-projects/spring-ai,models/spring-ai-google-genai/src/test/java/org/springframework/ai/google/genai/GoogleGenAiChatPriorityIT.java,jvm,1,0
35be70af02829dfea85f7577ab560b933c1d1ffa,spring-projects/spring-ai,models/spring-ai-google-genai/src/test/java/org/springframework/ai/google/genai/MimeTypeDetectorTests.java,jvm,1,0
35be70af02829dfea85f7577ab560b933c1d1ffa,spring-projects/spring-ai,models/spring-ai-mistral-ai/src/test/java/org/springframework/ai/mistralai/MistralAiChatClientIT.java,jvm,1,0
35be70af02829dfea85f7577ab560b933c1d1ffa,spring-projects/spring-ai,models/spring-ai-ollama/src/test/java/org/springframework/ai/ollama/aot/OllamaRuntimeHintsTests.java,jvm,1,0
35be70af02829dfea85f7577ab560b933c1d1ffa,spring-projects/spring-ai,models/spring-ai-openai/src/main/java/org/springframework/ai/openai/OpenAiAudioSpeechOptions.java,jvm,1,0
35be70af02829dfea85f7577ab560b933c1d1ffa,spring-projects/spring-ai,models/spring-ai-openai/src/main/java/org/springframework/ai/openai/OpenAiChatModel.java,jvm,1,0
35be70af02829dfea85f7577ab560b933c1d1ffa,spring-projects/spring-ai,models/spring-ai-openai/src/main/java/org/springframework/ai/openai/OpenAiChatOptions.java,jvm,1,0
35be70af02829dfea85f7577ab560b933c1d1ffa,spring-projects/spring-ai,models/spring-ai-openai/src/main/java/org/springframework/ai/openai/OpenAiEmbeddingOptions.java,jvm,1,0
35be70af02829dfea85f7577ab560b933c1d1ffa,spring-projects/spring-ai,models/spring-ai-openai/src/main/java/org/springframework/ai/openai/OpenAiImageOptions.java,jvm,1,0
35be70af02829dfea85f7577ab560b933c1d1ffa,spring-projects/spring-ai,models/spring-ai-openai/src/test/java/org/springframework/ai/openai/azure/AzureOpenAiAudioTranscriptionModelIT.java,jvm,1,0
35be70af02829dfea85f7577ab560b933c1d1ffa,spring-projects/spring-ai,models/spring-ai-openai/src/test/java/org/springframework/ai/openai/chat/proxy/DeepSeekWithOpenAiChatModelIT.java,jvm,1,0
35be70af02829dfea85f7577ab560b933c1d1ffa,spring-projects/spring-ai,models/spring-ai-openai/src/test/java/org/springframework/ai/openai/chat/proxy/GroqWithOpenAiChatModelIT.java,jvm,1,0
35be70af02829dfea85f7577ab560b933c1d1ffa,spring-projects/spring-ai,models/spring-ai-openai/src/test/java/org/springframework/ai/openai/chat/proxy/MistralWithOpenAiChatModelIT.java,jvm,1,0
35be70af02829dfea85f7577ab560b933c1d1ffa,spring-projects/spring-ai,models/spring-ai-openai/src/test/java/org/springframework/ai/openai/chat/proxy/NvidiaWithOpenAiChatModelIT.java,jvm,1,0
35be70af02829dfea85f7577ab560b933c1d1ffa,spring-projects/spring-ai,models/spring-ai-openai/src/test/java/org/springframework/ai/openai/chat/proxy/OllamaWithOpenAiChatModelIT.java,jvm,1,0
35be70af02829dfea85f7577ab560b933c1d1ffa,spring-projects/spring-ai,models/spring-ai-openai/src/test/java/org/springframework/ai/openai/chat/proxy/PerplexityWithOpenAiChatModelIT.java,jvm,1,0
35be70af02829dfea85f7577ab560b933c1d1ffa,spring-projects/spring-ai,models/spring-ai-openai/src/test/java/org/springframework/ai/openai/transformer/MetadataTransformerIT.java,jvm,1,0
35be70af02829dfea85f7577ab560b933c1d1ffa,spring-projects/spring-ai,spring-ai-commons/src/main/java/org/springframework/ai/util/ParsingUtils.java,jvm,1,0
35be70af02829dfea85f7577ab560b933c1d1ffa,spring-projects/spring-ai,spring-ai-integration-tests/src/test/java/org/springframework/ai/integration/tests/client/advisor/RetrievalAugmentationAdvisorIT.java,jvm,1,0
35be70af02829dfea85f7577ab560b933c1d1ffa,spring-projects/spring-ai,spring-ai-model/src/main/java/org/springframework/ai/util/json/schema/JsonSchemaGenerator.java,jvm,1,0
35be70af02829dfea85f7577ab560b933c1d1ffa,spring-projects/spring-ai,spring-ai-spring-boot-docker-compose/src/test/java/org/springframework/boot/testsupport/DisabledIfProcessUnavailableCondition.java,jvm,1,0
35be70af02829dfea85f7577ab560b933c1d1ffa,spring-projects/spring-ai,spring-ai-tool-search-tool/src/main/java/org/springframework/ai/tool/toolsearch/index/regex/RegexToolIndex.java,jvm,1,0
35be70af02829dfea85f7577ab560b933c1d1ffa,spring-projects/spring-ai,spring-ai-vector-store/src/main/java/org/springframework/ai/vectorstore/filter/FilterExpressionTextParser.java,jvm,1,0
35be70af02829dfea85f7577ab560b933c1d1ffa,spring-projects/spring-ai,spring-ai-vector-store/src/main/java/org/springframework/ai/vectorstore/filter/converter/PineconeFilterExpressionConverter.java,jvm,1,0
35be70af02829dfea85f7577ab560b933c1d1ffa,spring-projects/spring-ai,vector-stores/spring-ai-cassandra-store/src/main/java/org/springframework/ai/vectorstore/cassandra/CassandraVectorStore.java,jvm,1,0
35be70af02829dfea85f7577ab560b933c1d1ffa,spring-projects/spring-ai,vector-stores/spring-ai-redis-store/src/test/java/org/springframework/ai/vectorstore/redis/RedisVectorStoreDistanceMetricIT.java,jvm,1,0
35d9faf89ff092f028889ef1b1f71979d8c3a0e9,EmulatorArchive/bizhawk,BizHawk.Emulation.Common/Database/Database.cs,dotnet,1,3
367361800b53613b93be435197091f2a718596ea,Willicious/RetroLemminiEditor,RLEditor/FileParser.cs,dotnet,1,0
367361800b53613b93be435197091f2a718596ea,Willicious/RetroLemminiEditor,RLEditor/LevelFile.cs,dotnet,1,0
367361800b53613b93be435197091f2a718596ea,Willicious/RetroLemminiEditor,RLEditor/LoadStylesFromFile.cs,dotnet,1,0
367361800b53613b93be435197091f2a718596ea,Willicious/RetroLemminiEditor,RLEditor/RLEditFormMethods.cs,dotnet,1,0
367361800b53613b93be435197091f2a718596ea,Willicious/RetroLemminiEditor,RLEditor/Settings.cs,dotnet,1,0
36df875162c95ccc8abeb7bb3d1365d5f1ef2c92,bugsnag/bugsnag-android,sdk/src/main/java/com/bugsnag/android/StrictModeHandler.java,jvm,1,0
37d97a353eba5c4f7c86d1b6c972d118d38c83e4,Minestom/Minestom,code-generators/src/main/java/net/minestom/codegen/ParticleGenerator.java,jvm,1,0
37d97a353eba5c4f7c86d1b6c972d118d38c83e4,Minestom/Minestom,code-generators/src/main/java/net/minestom/codegen/WorldEventGenerator.java,jvm,1,0
37d97a353eba5c4f7c86d1b6c972d118d38c83e4,Minestom/Minestom,demo/src/main/java/net/minestom/demo/PlayerInit.java,jvm,1,0
37d97a353eba5c4f7c86d1b6c972d118d38c83e4,Minestom/Minestom,demo/src/main/java/net/minestom/demo/block/placement/BedPlacementRule.java,jvm,1,0
37d97a353eba5c4f7c86d1b6c972d118d38c83e4,Minestom/Minestom,demo/src/main/java/net/minestom/demo/commands/HealthCommand.java,jvm,1,0
37d97a353eba5c4f7c86d1b6c972d118d38c83e4,Minestom/Minestom,src/main/java/net/minestom/server/color/TeamColor.java,jvm,1,0
37d97a353eba5c4f7c86d1b6c972d118d38c83e4,Minestom/Minestom,src/main/java/net/minestom/server/command/builder/arguments/minecraft/ArgumentEntity.java,jvm,1,0
37d97a353eba5c4f7c86d1b6c972d118d38c83e4,Minestom/Minestom,src/main/java/net/minestom/server/command/builder/arguments/number/ArgumentNumber.java,jvm,1,0
37d97a353eba5c4f7c86d1b6c972d118d38c83e4,Minestom/Minestom,src/main/java/net/minestom/server/item/component/ItemRarity.java,jvm,1,0
37d97a353eba5c4f7c86d1b6c972d118d38c83e4,Minestom/Minestom,src/main/java/net/minestom/server/map/MapColors.java,jvm,1,0
38eaca60b1cae55a41ffb5b06dcf2cc9b2d6ff31,TownyAdvanced/Towny,src/com/palmergames/bukkit/towny/TownySettings.java,jvm,1,19
390571ee18f0a0ecf1a2d76366250b7f36a6d814,de4a-eu/de4a,de4a-connector/src/main/java/eu/de4a/connector/client/Client.java,jvm,1,0
398bd338fdb13323c80374a451728ecaa73698c1,embulk/embulk-spi,embulk-standards/src/main/java/org/embulk/standards/RenameFilterPlugin.java,jvm,1,0
39ab4d57117658e7b9fef0feeb0e5cd003ee11bf,mikaelgrev/miglayout,core/src/main/java/net/miginfocom/layout/ConstraintParser.java,jvm,1,0
39ab4d57117658e7b9fef0feeb0e5cd003ee11bf,mikaelgrev/miglayout,core/src/main/java/net/miginfocom/layout/Grid.java,jvm,1,0
39ab4d57117658e7b9fef0feeb0e5cd003ee11bf,mikaelgrev/miglayout,core/src/main/java/net/miginfocom/layout/PlatformDefaults.java,jvm,1,0
39ab4d57117658e7b9fef0feeb0e5cd003ee11bf,mikaelgrev/miglayout,javafx/src/test/java/org/tbee/javafx/scene/layout/test/MigPaneInternalLayoutTest.java,jvm,1,0
39be31e489029fc7996f3e401a88c56a461c12b4,YiJingFramework/YiJingFramework.FiveElements,YiJingFramework.FiveElements/YiJingFramework.FiveElements/FiveElement.cs,dotnet,1,0
3a412462c8eaa96558bd7d585a7fbc6a3302361e,jdbi/jdbi,core/src/test/java/org/jdbi/v3/core/qualifier/TestCustomQualifier.java,jvm,1,0
3a412462c8eaa96558bd7d585a7fbc6a3302361e,jdbi/jdbi,jpa/src/test/java/org/jdbi/v3/jpa/JpaTest.java,jvm,1,0
3b07956468e979e972fdab38fca50fbaeeb6b550,xinhuagu/AceClaw,aceclaw-tools/src/test/java/dev/aceclaw/tools/BashExecToolTest.java,jvm,1,0
3b235a9436f3f86b80612ab8f5fd574fa3158218,teamleaderleo/preflight,preflight-cli/src/main/java/dev/starsector/preflight/cli/InstalledJorbisEquivalenceCommand.java,jvm,1,0
3b235a9436f3f86b80612ab8f5fd574fa3158218,teamleaderleo/preflight,preflight-core/src/main/java/dev/starsector/preflight/core/AppCdsCapabilityDetector.java,jvm,1,0
3b235a9436f3f86b80612ab8f5fd574fa3158218,teamleaderleo/preflight,preflight-synthetic-startup/src/main/java/dev/starsector/preflight/synthetic/SyntheticAppCdsWorker.java,jvm,1,0
3b235a9436f3f86b80612ab8f5fd574fa3158218,teamleaderleo/preflight,preflight-synthetic-startup/src/main/java/dev/starsector/preflight/synthetic/SyntheticProductionCacheWorker.java,jvm,1,0
3d5994045774bacd36b7f12e0e68de8f973d12ff,dmatej/Glassfish-SVN-Patched,v3/admin/rest/src/main/java/org/glassfish/admin/rest/ResourceUtil.java,jvm,1,0
3d5994045774bacd36b7f12e0e68de8f973d12ff,dmatej/Glassfish-SVN-Patched,v3/admin/rest/src/main/java/org/glassfish/admin/rest/Util.java,jvm,1,0
3d5994045774bacd36b7f12e0e68de8f973d12ff,dmatej/Glassfish-SVN-Patched,v3/admin/rest/src/main/java/org/glassfish/admin/rest/generator/ResourcesGeneratorBase.java,jvm,1,0
3d5994045774bacd36b7f12e0e68de8f973d12ff,dmatej/Glassfish-SVN-Patched,v3/admin/rest/src/main/java/org/glassfish/admin/rest/provider/ProviderUtil.java,jvm,1,0
3d5994045774bacd36b7f12e0e68de8f973d12ff,dmatej/Glassfish-SVN-Patched,v3/admin/rest/src/main/java/org/glassfish/admin/rest/resources/TemplateResource.java,jvm,1,0
3d5994045774bacd36b7f12e0e68de8f973d12ff,dmatej/Glassfish-SVN-Patched,v3/admin/rest/src/main/java/org/glassfish/admin/rest/utils/xml/XmlObject.java,jvm,1,0
3f6d51a97f50e9410eaa0e94691f5955e7c9c487,bmwcarit/joynr,java/common/guice-integration/src/main/java/io/joynr/guice/LowerCaseProperties.java,jvm,1,0
404eed50ab040588825b25cb1a6ad93db5ffd627,Ulaysu/ExploreGambia,ExploreGambia.API/Repositories/TourGuideRepository.cs,dotnet,1,1
4155f0e56740da5f9ac4e10dc4cd50c8f54cafcc,jackylam94/QuantConnect,Brokerages/Alpaca/AlpacaBrokerageFactory.cs,dotnet,1,0
4155f0e56740da5f9ac4e10dc4cd50c8f54cafcc,jackylam94/QuantConnect,Brokerages/Bitfinex/BitfinexBrokerage.Messaging.cs,dotnet,1,0
4155f0e56740da5f9ac4e10dc4cd50c8f54cafcc,jackylam94/QuantConnect,Brokerages/Bitfinex/BitfinexBrokerage.cs,dotnet,1,0
4155f0e56740da5f9ac4e10dc4cd50c8f54cafcc,jackylam94/QuantConnect,Brokerages/Bitfinex/BitfinexSubscriptionManager.cs,dotnet,1,0
4155f0e56740da5f9ac4e10dc4cd50c8f54cafcc,jackylam94/QuantConnect,Brokerages/Bitfinex/BitfinexSymbolMapper.cs,dotnet,1,0
4155f0e56740da5f9ac4e10dc4cd50c8f54cafcc,jackylam94/QuantConnect,Brokerages/GDAX/GDAXBrokerage.Utility.cs,dotnet,1,1
4155f0e56740da5f9ac4e10dc4cd50c8f54cafcc,jackylam94/QuantConnect,Brokerages/GDAX/GDAXBrokerage.cs,dotnet,1,1
4155f0e56740da5f9ac4e10dc4cd50c8f54cafcc,jackylam94/QuantConnect,Brokerages/InteractiveBrokers/InteractiveBrokersBrokerage.cs,dotnet,1,0
4155f0e56740da5f9ac4e10dc4cd50c8f54cafcc,jackylam94/QuantConnect,Brokerages/Oanda/RestV1/DataType/Communications/Requests/Request.cs,dotnet,1,0
419819044412f48be9d64e11ccc15b11beaed3b9,219225-waqasfayyaz/commons-fileupload,src/main/java/org/apache/commons/fileupload/ParameterParser.java,jvm,1,0
419819044412f48be9d64e11ccc15b11beaed3b9,219225-waqasfayyaz/commons-fileupload,src/main/java/org/apache/commons/fileupload/util/FileItemHeadersImpl.java,jvm,1,2
421b7847c5ad007050ccf28df735adda66aca001,JCraft-EoE/jcraft-eoe,common/src/main/java/net/arna/jcraft/common/argumenttype/AttackArgumentType.java,jvm,1,0
421b7847c5ad007050ccf28df735adda66aca001,JCraft-EoE/jcraft-eoe,common/src/main/java/net/arna/jcraft/common/argumenttype/SpecArgumentType.java,jvm,1,0
421b7847c5ad007050ccf28df735adda66aca001,JCraft-EoE/jcraft-eoe,common/src/main/java/net/arna/jcraft/common/argumenttype/StandArgumentType.java,jvm,1,0
4274c252a28c83630c2f28da1b49925a67e88bdc,bernardladenthin/BitcoinAddressFinder,src/main/java/net/ladenthin/bitcoinaddressfinder/BIP39Wordlist.java,jvm,1,0
4274c252a28c83630c2f28da1b49925a67e88bdc,bernardladenthin/BitcoinAddressFinder,src/main/java/net/ladenthin/bitcoinaddressfinder/PublicKeyBytes.java,jvm,1,0
4274c252a28c83630c2f28da1b49925a67e88bdc,bernardladenthin/BitcoinAddressFinder,src/main/java/net/ladenthin/bitcoinaddressfinder/cli/Main.java,jvm,1,0
4274c252a28c83630c2f28da1b49925a67e88bdc,bernardladenthin/BitcoinAddressFinder,src/main/java/net/ladenthin/bitcoinaddressfinder/configuration/CKeyProducerJavaIncremental.java,jvm,1,0
42a31427e16c7169e507859f4deb2837bd3792cb,ninianne98/CarrotCakeCMS-MVC,CMSAdmin/Controllers/CmsContentController.cs,dotnet,1,0
42a31427e16c7169e507859f4deb2837bd3792cb,ninianne98/CarrotCakeCMS-MVC,CMSAdmin/Models/ContentPageModel.cs,dotnet,1,0
42a31427e16c7169e507859f4deb2837bd3792cb,ninianne98/CarrotCakeCMS-MVC,CMSAdmin/Models/FileBrowserModel.cs,dotnet,1,0
42a31427e16c7169e507859f4deb2837bd3792cb,ninianne98/CarrotCakeCMS-MVC,CMSAdmin/Models/ModuleInfo.cs,dotnet,1,0
42a31427e16c7169e507859f4deb2837bd3792cb,ninianne98/CarrotCakeCMS-MVC,CMSAdmin/Models/RoleModel.cs,dotnet,1,0
42a31427e16c7169e507859f4deb2837bd3792cb,ninianne98/CarrotCakeCMS-MVC,CMSAdmin/Models/SiteImportNativeModel.cs,dotnet,1,0
42a31427e16c7169e507859f4deb2837bd3792cb,ninianne98/CarrotCakeCMS-MVC,CMSAdmin/Models/SiteImportWordpressModel.cs,dotnet,1,0
42a31427e16c7169e507859f4deb2837bd3792cb,ninianne98/CarrotCakeCMS-MVC,CMSAdmin/Models/SiteSkinModel.cs,dotnet,1,0
42a31427e16c7169e507859f4deb2837bd3792cb,ninianne98/CarrotCakeCMS-MVC,CMSAdmin/Models/UserModel.cs,dotnet,1,0
42a31427e16c7169e507859f4deb2837bd3792cb,ninianne98/CarrotCakeCMS-MVC,CMSAdmin/Models/WidgetEditModel.cs,dotnet,1,0
42a31427e16c7169e507859f4deb2837bd3792cb,ninianne98/CarrotCakeCMS-MVC,CMSAdmin/Models/WidgetHistoryModel.cs,dotnet,1,0
42a31427e16c7169e507859f4deb2837bd3792cb,ninianne98/CarrotCakeCMS-MVC,CMSAdmin/Models/WidgetListModel.cs,dotnet,1,0
42a31427e16c7169e507859f4deb2837bd3792cb,ninianne98/CarrotCakeCMS-MVC,CMSAdmin/Views/CmsAdmin/BlogPostAddEdit.cshtml,dotnet,1,0
42a31427e16c7169e507859f4deb2837bd3792cb,ninianne98/CarrotCakeCMS-MVC,CMSAdmin/Views/CmsAdmin/ContentEdit.cshtml,dotnet,1,0
42a31427e16c7169e507859f4deb2837bd3792cb,ninianne98/CarrotCakeCMS-MVC,CMSAdmin/Views/CmsAdmin/ContentSnippetAddEdit.cshtml,dotnet,1,0
42a31427e16c7169e507859f4deb2837bd3792cb,ninianne98/CarrotCakeCMS-MVC,CMSAdmin/Views/CmsAdmin/PageAddChild.cshtml,dotnet,1,0
42a31427e16c7169e507859f4deb2837bd3792cb,ninianne98/CarrotCakeCMS-MVC,CMSAdmin/Views/CmsAdmin/PageAddEdit.cshtml,dotnet,1,0
42a31427e16c7169e507859f4deb2837bd3792cb,ninianne98/CarrotCakeCMS-MVC,CMSAdmin/Views/CmsAdmin/RoleAddEdit.cshtml,dotnet,1,0
42a31427e16c7169e507859f4deb2837bd3792cb,ninianne98/CarrotCakeCMS-MVC,CMSAdmin/Views/CmsAdmin/UserEdit.cshtml,dotnet,1,0
42a31427e16c7169e507859f4deb2837bd3792cb,ninianne98/CarrotCakeCMS-MVC,CMSAdmin/Views/CmsContent/_AdvancedEdit.cshtml,dotnet,1,0
42a31427e16c7169e507859f4deb2837bd3792cb,ninianne98/CarrotCakeCMS-MVC,CMSAdmin/Views/Templates/Dragonfruit/_mainlayout.cshtml,dotnet,1,0
42a31427e16c7169e507859f4deb2837bd3792cb,ninianne98/CarrotCakeCMS-MVC,CMSAdmin/Views/Templates/Dragonfruit/home.cshtml,dotnet,1,0
42a31427e16c7169e507859f4deb2837bd3792cb,ninianne98/CarrotCakeCMS-MVC,CMSComponents/BaseCmsComponent.cs,dotnet,1,0
42a31427e16c7169e507859f4deb2837bd3792cb,ninianne98/CarrotCakeCMS-MVC,CMSComponents/BreadCrumbNavigation.cs,dotnet,1,0
42a31427e16c7169e507859f4deb2837bd3792cb,ninianne98/CarrotCakeCMS-MVC,CMSComponents/CarrotCakeHtml.cs,dotnet,1,0
42a31427e16c7169e507859f4deb2837bd3792cb,ninianne98/CarrotCakeCMS-MVC,CMSComponents/ContentPageComponents.cs,dotnet,1,0
42a31427e16c7169e507859f4deb2837bd3792cb,ninianne98/CarrotCakeCMS-MVC,CMSComponents/ControlUtilities.cs,dotnet,1,0
42a31427e16c7169e507859f4deb2837bd3792cb,ninianne98/CarrotCakeCMS-MVC,CMSComponents/OpenGraph.cs,dotnet,1,0
42a31427e16c7169e507859f4deb2837bd3792cb,ninianne98/CarrotCakeCMS-MVC,CMSComponents/SpecialFormModels.cs,dotnet,1,0
42a31427e16c7169e507859f4deb2837bd3792cb,ninianne98/CarrotCakeCMS-MVC,CMSComponents/TwoLevelNavigation.cs,dotnet,1,0
42a31427e16c7169e507859f4deb2837bd3792cb,ninianne98/CarrotCakeCMS-MVC,CMSCore/ConfigHelper/CMSConfigHelper.cs,dotnet,1,0
42a31427e16c7169e507859f4deb2837bd3792cb,ninianne98/CarrotCakeCMS-MVC,CMSCore/ConfigHelper/ConfigTypes.cs,dotnet,1,0
42a31427e16c7169e507859f4deb2837bd3792cb,ninianne98/CarrotCakeCMS-MVC,CMSCore/ConfigHelper/LabeledControl.cs,dotnet,1,0
42a31427e16c7169e507859f4deb2837bd3792cb,ninianne98/CarrotCakeCMS-MVC,CMSCore/ConfigHelper/ObjectProperty.cs,dotnet,1,0
42a31427e16c7169e507859f4deb2837bd3792cb,ninianne98/CarrotCakeCMS-MVC,CMSCore/ConfigHelper/UserEditState.cs,dotnet,1,0
42a31427e16c7169e507859f4deb2837bd3792cb,ninianne98/CarrotCakeCMS-MVC,CMSCore/ImportExport/ContentImportExportUtils.cs,dotnet,1,0
42a31427e16c7169e507859f4deb2837bd3792cb,ninianne98/CarrotCakeCMS-MVC,CMSCore/ImportExport/WPBlogReader.cs,dotnet,1,0
42a31427e16c7169e507859f4deb2837bd3792cb,ninianne98/CarrotCakeCMS-MVC,CMSCore/MVC/CarrotViewEngineTemplate.cs,dotnet,1,0
42a31427e16c7169e507859f4deb2837bd3792cb,ninianne98/CarrotCakeCMS-MVC,CMSCore/MVC/CmsRouteHandler.cs,dotnet,1,0
42a31427e16c7169e507859f4deb2837bd3792cb,ninianne98/CarrotCakeCMS-MVC,CMSCore/Security/SecurityData.cs,dotnet,1,52
42a31427e16c7169e507859f4deb2837bd3792cb,ninianne98/CarrotCakeCMS-MVC,CMSCore/Security/UserRole.cs,dotnet,1,0
42a31427e16c7169e507859f4deb2837bd3792cb,ninianne98/CarrotCakeCMS-MVC,CMSCore/SiteContent/BlogDatePathParser.cs,dotnet,1,0
42a31427e16c7169e507859f4deb2837bd3792cb,ninianne98/CarrotCakeCMS-MVC,CMSCore/SiteContent/ContentEditor.cs,dotnet,1,0
42a31427e16c7169e507859f4deb2837bd3792cb,ninianne98/CarrotCakeCMS-MVC,CMSCore/SiteContent/ContentPage.cs,dotnet,1,0
42a31427e16c7169e507859f4deb2837bd3792cb,ninianne98/CarrotCakeCMS-MVC,CMSCore/SiteContent/ContentPageHelper.cs,dotnet,1,0
42a31427e16c7169e507859f4deb2837bd3792cb,ninianne98/CarrotCakeCMS-MVC,CMSCore/SiteContent/ContentPageType.cs,dotnet,1,0
42a31427e16c7169e507859f4deb2837bd3792cb,ninianne98/CarrotCakeCMS-MVC,CMSCore/SiteContent/EditHistory.cs,dotnet,1,0
42a31427e16c7169e507859f4deb2837bd3792cb,ninianne98/CarrotCakeCMS-MVC,CMSCore/SiteContent/SiteData.cs,dotnet,1,0
42a31427e16c7169e507859f4deb2837bd3792cb,ninianne98/CarrotCakeCMS-MVC,CMSCore/SiteContent/SiteDataStatic.cs,dotnet,1,0
42a31427e16c7169e507859f4deb2837bd3792cb,ninianne98/CarrotCakeCMS-MVC,CMSCore/SiteContent/SiteNavHelper.cs,dotnet,1,0
42a31427e16c7169e507859f4deb2837bd3792cb,ninianne98/CarrotCakeCMS-MVC,CMSCore/SiteContent/SiteNavHelperReal.cs,dotnet,1,0
42a31427e16c7169e507859f4deb2837bd3792cb,ninianne98/CarrotCakeCMS-MVC,CMSCore/SiteContent/TextWidget.cs,dotnet,1,0
42a31427e16c7169e507859f4deb2837bd3792cb,ninianne98/CarrotCakeCMS-MVC,CMSCore/SiteContent/TrackBackEntry.cs,dotnet,1,0
42a31427e16c7169e507859f4deb2837bd3792cb,ninianne98/CarrotCakeCMS-MVC,CMSDBUpdater/DatabaseUpdate.cs,dotnet,1,2
42a31427e16c7169e507859f4deb2837bd3792cb,ninianne98/CarrotCakeCMS-MVC,CMSInterfaces/ParmParser.cs,dotnet,1,0
42a31427e16c7169e507859f4deb2837bd3792cb,ninianne98/CarrotCakeCMS-MVC,CMSInterfaces/ViewEngines/CarrotViewEngineDyn.cs,dotnet,1,0
42a31427e16c7169e507859f4deb2837bd3792cb,ninianne98/CarrotCakeCMS-MVC,CMSInterfaces/ViewEngines/CarrotViewEngineWidget.cs,dotnet,1,0
42a31427e16c7169e507859f4deb2837bd3792cb,ninianne98/CarrotCakeCMS-MVC,CMSInterfaces/ViewEngines/CarrotViewEngineWidgetAdmin.cs,dotnet,1,0
42a31427e16c7169e507859f4deb2837bd3792cb,ninianne98/CarrotCakeCMS-MVC,WebComponents/BaseWebComponent.cs,dotnet,1,0
42a31427e16c7169e507859f4deb2837bd3792cb,ninianne98/CarrotCakeCMS-MVC,WebComponents/Captcha2.cs,dotnet,1,0
42a31427e16c7169e507859f4deb2837bd3792cb,ninianne98/CarrotCakeCMS-MVC,WebComponents/CarrotHttpHandler.cs,dotnet,1,0
42a31427e16c7169e507859f4deb2837bd3792cb,ninianne98/CarrotCakeCMS-MVC,WebComponents/Email/EMailSettings.cs,dotnet,1,0
42a31427e16c7169e507859f4deb2837bd3792cb,ninianne98/CarrotCakeCMS-MVC,WebComponents/Email/EmailHelper.cs,dotnet,1,0
42a31427e16c7169e507859f4deb2837bd3792cb,ninianne98/CarrotCakeCMS-MVC,WebComponents/FileData.cs,dotnet,1,0
42a31427e16c7169e507859f4deb2837bd3792cb,ninianne98/CarrotCakeCMS-MVC,WebComponents/Grid/CarrotWebGridBase.cs,dotnet,1,0
42a31427e16c7169e507859f4deb2837bd3792cb,ninianne98/CarrotCakeCMS-MVC,WebComponents/Grid/PagedDataBase.cs,dotnet,1,0
42a31427e16c7169e507859f4deb2837bd3792cb,ninianne98/CarrotCakeCMS-MVC,WebComponents/ReflectionUtilities.cs,dotnet,1,0
42a31427e16c7169e507859f4deb2837bd3792cb,ninianne98/CarrotCakeCMS-MVC,WebComponents/SizeUnit.cs,dotnet,1,0
42a31427e16c7169e507859f4deb2837bd3792cb,ninianne98/CarrotCakeCMS-MVC,WebComponents/captcha/CaptchaImage.cs,dotnet,1,0
4479c0f6b5807dd42d40e8f287c497ec3ffb6b50,bergerhealer/TrainCarts,src/main/java/com/bergerkiller/bukkit/tc/events/SignActionEvent.java,jvm,1,0
4479c0f6b5807dd42d40e8f287c497ec3ffb6b50,bergerhealer/TrainCarts,src/main/java/com/bergerkiller/bukkit/tc/signactions/SignActionElevator.java,jvm,1,0
4479c0f6b5807dd42d40e8f287c497ec3ffb6b50,bergerhealer/TrainCarts,src/main/java/com/bergerkiller/bukkit/tc/signactions/SignActionEnter.java,jvm,1,0
44854912194177d67cdfa1dc765ba684eb013a4c,ZiyunYang/SWE261Assignment6,src/main/java/org/apache/commons/lang3/time/FastDateParser.java,jvm,1,0
45776f1f16a197428c3cb02520e9d1b28ab4dff6,ricardo8504/log4j-copilot,core/src/main/java/org/apache/logging/log4j/core/appender/SocketAppender.java,jvm,1,0
45e8027fd778011d82f09692687a20a3fa048d9f,orgTestCodacy11KRepos110MB/repo-6626-EDDiscovery,EDDiscovery/EDDiscoveryControllerNewEntry.cs,dotnet,1,0
45f3efc65402d7cdb743564df003c8efe0495b1c,raverkamp/plsql-parser,src/spinat/plsqlparser/Combinator.java,jvm,1,0
45f3efc65402d7cdb743564df003c8efe0495b1c,raverkamp/plsql-parser,src/spinat/plsqlparser/Parser.java,jvm,1,0
4623b8d2e950bccb4cdaaf1cdc3a8682345173a0,KanzakiK/libredex-public,app/src/main/java/com/connect_screen/mirror/InitializationGuideDialog.java,jvm,1,0
4623b8d2e950bccb4cdaaf1cdc3a8682345173a0,KanzakiK/libredex-public,app/src/main/java/com/dex/lspmirror/DexLayerStackHook.java,jvm,1,0
4623b8d2e950bccb4cdaaf1cdc3a8682345173a0,KanzakiK/libredex-public,app/src/main/java/com/dex/lspmirror/DexWallpaperHook.java,jvm,1,0
46871b8541fbc2d2f3ff27207597b3a38792a010,dotnet/runtime,src/libraries/Common/src/System/Net/NTAuthentication.Managed.cs,dotnet,1,0
46871b8541fbc2d2f3ff27207597b3a38792a010,dotnet/runtime,src/mono/wasm/debugger/BrowserDebugProxy/EvaluateExpression.cs,dotnet,1,0
46871b8541fbc2d2f3ff27207597b3a38792a010,dotnet/runtime,src/mono/wasm/debugger/BrowserDebugProxy/MonoProxy.cs,dotnet,1,0
46871b8541fbc2d2f3ff27207597b3a38792a010,dotnet/runtime,src/mono/wasm/debugger/BrowserDebugProxy/MonoSDBHelper.cs,dotnet,1,0
46871b8541fbc2d2f3ff27207597b3a38792a010,dotnet/runtime,src/tasks/AppleAppBuilder/AppleAppBuilder.cs,dotnet,1,0
46871b8541fbc2d2f3ff27207597b3a38792a010,dotnet/runtime,src/tasks/AppleAppBuilder/Xcode.cs,dotnet,1,0
46871b8541fbc2d2f3ff27207597b3a38792a010,dotnet/runtime,src/tasks/WorkloadBuildTasks/PackageInstaller.cs,dotnet,1,0
47eb271adb64ccc91acaaf3c0c4ad6c5ba48e428,mouseless/baked,src/blueprints/Do.Blueprints.Service.Application/Documentation/Default/ConvertEnumToStringSchemaFilter.cs,dotnet,1,0
486a07602bcf49f6ffee0114632b4910f26d63dd,DoGyAUT/crystallized-nexus-engine,OpenRA.Mods.Common/UpdateRules/Rules/20210321/UnhardcodeBaseBuilderBotModule.cs,dotnet,1,0
486a07602bcf49f6ffee0114632b4910f26d63dd,DoGyAUT/crystallized-nexus-engine,OpenRA.Mods.Common/UpdateRules/Rules/20210321/UnhardcodeSquadManager.cs,dotnet,1,0
498db735ec05e170e6f47851ac480f2a31ce0fa4,OverwriteMC/OvRandomTeleport,src/main/java/ru/overwrite/rtp/RtpManager.java,jvm,1,0
498db735ec05e170e6f47851ac480f2a31ce0fa4,OverwriteMC/OvRandomTeleport,src/main/java/ru/overwrite/rtp/actions/impl/MessageActionType.java,jvm,1,0
498db735ec05e170e6f47851ac480f2a31ce0fa4,OverwriteMC/OvRandomTeleport,src/main/java/ru/overwrite/rtp/actions/impl/SoundActionType.java,jvm,1,0
498db735ec05e170e6f47851ac480f2a31ce0fa4,OverwriteMC/OvRandomTeleport,src/main/java/ru/overwrite/rtp/utils/Utils.java,jvm,1,0
4a04e83148537e4bc5e7d6c4c0c04b78fcd1fe99,Minecraft425HD/ScheduleMC,src/main/java/de/rolandsw/schedulemc/achievement/AchievementCategory.java,jvm,1,0
4a04e83148537e4bc5e7d6c4c0c04b78fcd1fe99,Minecraft425HD/ScheduleMC,src/main/java/de/rolandsw/schedulemc/achievement/AchievementTier.java,jvm,1,0
4a04e83148537e4bc5e7d6c4c0c04b78fcd1fe99,Minecraft425HD/ScheduleMC,src/main/java/de/rolandsw/schedulemc/api/impl/NPCAPIImpl.java,jvm,1,0
4a04e83148537e4bc5e7d6c4c0c04b78fcd1fe99,Minecraft425HD/ScheduleMC,src/main/java/de/rolandsw/schedulemc/api/impl/VehicleAPIImpl.java,jvm,1,0
4a04e83148537e4bc5e7d6c4c0c04b78fcd1fe99,Minecraft425HD/ScheduleMC,src/main/java/de/rolandsw/schedulemc/beer/BeerQuality.java,jvm,1,0
4a04e83148537e4bc5e7d6c4c0c04b78fcd1fe99,Minecraft425HD/ScheduleMC,src/main/java/de/rolandsw/schedulemc/cannabis/CannabisQuality.java,jvm,1,0
4a04e83148537e4bc5e7d6c4c0c04b78fcd1fe99,Minecraft425HD/ScheduleMC,src/main/java/de/rolandsw/schedulemc/cannabis/CannabisStrain.java,jvm,1,0
4a04e83148537e4bc5e7d6c4c0c04b78fcd1fe99,Minecraft425HD/ScheduleMC,src/main/java/de/rolandsw/schedulemc/cheese/CheeseQuality.java,jvm,1,0
4a04e83148537e4bc5e7d6c4c0c04b78fcd1fe99,Minecraft425HD/ScheduleMC,src/main/java/de/rolandsw/schedulemc/chocolate/ChocolateQuality.java,jvm,1,0
4a04e83148537e4bc5e7d6c4c0c04b78fcd1fe99,Minecraft425HD/ScheduleMC,src/main/java/de/rolandsw/schedulemc/client/screen/SmartphoneScreen.java,jvm,1,0
4a04e83148537e4bc5e7d6c4c0c04b78fcd1fe99,Minecraft425HD/ScheduleMC,src/main/java/de/rolandsw/schedulemc/coca/CocaType.java,jvm,1,0
4a04e83148537e4bc5e7d6c4c0c04b78fcd1fe99,Minecraft425HD/ScheduleMC,src/main/java/de/rolandsw/schedulemc/coca/CrackQuality.java,jvm,1,0
4a04e83148537e4bc5e7d6c4c0c04b78fcd1fe99,Minecraft425HD/ScheduleMC,src/main/java/de/rolandsw/schedulemc/coffee/CoffeeQuality.java,jvm,1,0
4a04e83148537e4bc5e7d6c4c0c04b78fcd1fe99,Minecraft425HD/ScheduleMC,src/main/java/de/rolandsw/schedulemc/economy/CreditLoan.java,jvm,1,0
4a04e83148537e4bc5e7d6c4c0c04b78fcd1fe99,Minecraft425HD/ScheduleMC,src/main/java/de/rolandsw/schedulemc/economy/CreditScore.java,jvm,1,0
4a04e83148537e4bc5e7d6c4c0c04b78fcd1fe99,Minecraft425HD/ScheduleMC,src/main/java/de/rolandsw/schedulemc/economy/TransactionType.java,jvm,1,0
4a04e83148537e4bc5e7d6c4c0c04b78fcd1fe99,Minecraft425HD/ScheduleMC,src/main/java/de/rolandsw/schedulemc/gang/Gang.java,jvm,1,0
4a04e83148537e4bc5e7d6c4c0c04b78fcd1fe99,Minecraft425HD/ScheduleMC,src/main/java/de/rolandsw/schedulemc/gang/GangCommand.java,jvm,1,0
4a04e83148537e4bc5e7d6c4c0c04b78fcd1fe99,Minecraft425HD/ScheduleMC,src/main/java/de/rolandsw/schedulemc/gang/GangManager.java,jvm,1,0
4a04e83148537e4bc5e7d6c4c0c04b78fcd1fe99,Minecraft425HD/ScheduleMC,src/main/java/de/rolandsw/schedulemc/honey/HoneyQuality.java,jvm,1,0
4a04e83148537e4bc5e7d6c4c0c04b78fcd1fe99,Minecraft425HD/ScheduleMC,src/main/java/de/rolandsw/schedulemc/lock/LockType.java,jvm,1,0
4a04e83148537e4bc5e7d6c4c0c04b78fcd1fe99,Minecraft425HD/ScheduleMC,src/main/java/de/rolandsw/schedulemc/lsd/BlotterDesign.java,jvm,1,0
4a04e83148537e4bc5e7d6c4c0c04b78fcd1fe99,Minecraft425HD/ScheduleMC,src/main/java/de/rolandsw/schedulemc/lsd/LSDDosage.java,jvm,1,0
4a04e83148537e4bc5e7d6c4c0c04b78fcd1fe99,Minecraft425HD/ScheduleMC,src/main/java/de/rolandsw/schedulemc/mapview/MapViewConstants.java,jvm,1,0
4a04e83148537e4bc5e7d6c4c0c04b78fcd1fe99,Minecraft425HD/ScheduleMC,src/main/java/de/rolandsw/schedulemc/mapview/data/cache/RegionCache.java,jvm,1,0
4a04e83148537e4bc5e7d6c4c0c04b78fcd1fe99,Minecraft425HD/ScheduleMC,src/main/java/de/rolandsw/schedulemc/mapview/service/render/ColorCalculationService.java,jvm,1,0
4a04e83148537e4bc5e7d6c4c0c04b78fcd1fe99,Minecraft425HD/ScheduleMC,src/main/java/de/rolandsw/schedulemc/mapview/util/TextUtils.java,jvm,1,0
4a04e83148537e4bc5e7d6c4c0c04b78fcd1fe99,Minecraft425HD/ScheduleMC,src/main/java/de/rolandsw/schedulemc/market/SeasonalPriceModifier.java,jvm,1,0
4a04e83148537e4bc5e7d6c4c0c04b78fcd1fe99,Minecraft425HD/ScheduleMC,src/main/java/de/rolandsw/schedulemc/mdma/MDMAQuality.java,jvm,1,0
4a04e83148537e4bc5e7d6c4c0c04b78fcd1fe99,Minecraft425HD/ScheduleMC,src/main/java/de/rolandsw/schedulemc/mdma/PillColor.java,jvm,1,0
4a04e83148537e4bc5e7d6c4c0c04b78fcd1fe99,Minecraft425HD/ScheduleMC,src/main/java/de/rolandsw/schedulemc/mdma/PillDesign.java,jvm,1,0
4a04e83148537e4bc5e7d6c4c0c04b78fcd1fe99,Minecraft425HD/ScheduleMC,src/main/java/de/rolandsw/schedulemc/meth/MethQuality.java,jvm,1,0
4a04e83148537e4bc5e7d6c4c0c04b78fcd1fe99,Minecraft425HD/ScheduleMC,src/main/java/de/rolandsw/schedulemc/mushroom/MushroomType.java,jvm,1,0
4a04e83148537e4bc5e7d6c4c0c04b78fcd1fe99,Minecraft425HD/ScheduleMC,src/main/java/de/rolandsw/schedulemc/mushroom/blocks/KlimalampeTier.java,jvm,1,0
4a04e83148537e4bc5e7d6c4c0c04b78fcd1fe99,Minecraft425HD/ScheduleMC,src/main/java/de/rolandsw/schedulemc/mushroom/blocks/TemperatureMode.java,jvm,1,0
4a04e83148537e4bc5e7d6c4c0c04b78fcd1fe99,Minecraft425HD/ScheduleMC,src/main/java/de/rolandsw/schedulemc/mushroom/items/MistBagItem.java,jvm,1,0
4a04e83148537e4bc5e7d6c4c0c04b78fcd1fe99,Minecraft425HD/ScheduleMC,src/main/java/de/rolandsw/schedulemc/npc/data/BankCategory.java,jvm,1,0
4a04e83148537e4bc5e7d6c4c0c04b78fcd1fe99,Minecraft425HD/ScheduleMC,src/main/java/de/rolandsw/schedulemc/npc/data/MerchantCategory.java,jvm,1,0
4a04e83148537e4bc5e7d6c4c0c04b78fcd1fe99,Minecraft425HD/ScheduleMC,src/main/java/de/rolandsw/schedulemc/npc/data/NPCType.java,jvm,1,0
4a04e83148537e4bc5e7d6c4c0c04b78fcd1fe99,Minecraft425HD/ScheduleMC,src/main/java/de/rolandsw/schedulemc/npc/data/ServiceCategory.java,jvm,1,0
4a04e83148537e4bc5e7d6c4c0c04b78fcd1fe99,Minecraft425HD/ScheduleMC,src/main/java/de/rolandsw/schedulemc/npc/life/behavior/BehaviorState.java,jvm,1,0
4a04e83148537e4bc5e7d6c4c0c04b78fcd1fe99,Minecraft425HD/ScheduleMC,src/main/java/de/rolandsw/schedulemc/npc/life/core/EmotionState.java,jvm,1,0
4a04e83148537e4bc5e7d6c4c0c04b78fcd1fe99,Minecraft425HD/ScheduleMC,src/main/java/de/rolandsw/schedulemc/npc/life/core/MemoryType.java,jvm,1,0
4a04e83148537e4bc5e7d6c4c0c04b78fcd1fe99,Minecraft425HD/ScheduleMC,src/main/java/de/rolandsw/schedulemc/npc/life/core/NeedType.java,jvm,1,0
4a04e83148537e4bc5e7d6c4c0c04b78fcd1fe99,Minecraft425HD/ScheduleMC,src/main/java/de/rolandsw/schedulemc/npc/life/dialogue/DialogueCondition.java,jvm,1,0
4a04e83148537e4bc5e7d6c4c0c04b78fcd1fe99,Minecraft425HD/ScheduleMC,src/main/java/de/rolandsw/schedulemc/npc/life/dialogue/DialogueConsequenceSystem.java,jvm,1,0
4a04e83148537e4bc5e7d6c4c0c04b78fcd1fe99,Minecraft425HD/ScheduleMC,src/main/java/de/rolandsw/schedulemc/npc/life/economy/MarketCondition.java,jvm,1,0
4a04e83148537e4bc5e7d6c4c0c04b78fcd1fe99,Minecraft425HD/ScheduleMC,src/main/java/de/rolandsw/schedulemc/npc/life/social/Faction.java,jvm,1,0
4a04e83148537e4bc5e7d6c4c0c04b78fcd1fe99,Minecraft425HD/ScheduleMC,src/main/java/de/rolandsw/schedulemc/npc/life/social/Rumor.java,jvm,1,0
4a04e83148537e4bc5e7d6c4c0c04b78fcd1fe99,Minecraft425HD/ScheduleMC,src/main/java/de/rolandsw/schedulemc/npc/life/social/RumorType.java,jvm,1,0
4a04e83148537e4bc5e7d6c4c0c04b78fcd1fe99,Minecraft425HD/ScheduleMC,src/main/java/de/rolandsw/schedulemc/npc/life/witness/CrimeType.java,jvm,1,0
4a04e83148537e4bc5e7d6c4c0c04b78fcd1fe99,Minecraft425HD/ScheduleMC,src/main/java/de/rolandsw/schedulemc/npc/network/NPCActionPacket.java,jvm,1,0
4a04e83148537e4bc5e7d6c4c0c04b78fcd1fe99,Minecraft425HD/ScheduleMC,src/main/java/de/rolandsw/schedulemc/poppy/PoppyType.java,jvm,1,0
4a04e83148537e4bc5e7d6c4c0c04b78fcd1fe99,Minecraft425HD/ScheduleMC,src/main/java/de/rolandsw/schedulemc/production/core/DrugType.java,jvm,1,0
4a04e83148537e4bc5e7d6c4c0c04b78fcd1fe99,Minecraft425HD/ScheduleMC,src/main/java/de/rolandsw/schedulemc/production/core/ProductionType.java,jvm,1,0
4a04e83148537e4bc5e7d6c4c0c04b78fcd1fe99,Minecraft425HD/ScheduleMC,src/main/java/de/rolandsw/schedulemc/region/PlotType.java,jvm,1,0
4a04e83148537e4bc5e7d6c4c0c04b78fcd1fe99,Minecraft425HD/ScheduleMC,src/main/java/de/rolandsw/schedulemc/tobacco/TobaccoQuality.java,jvm,1,0
4a04e83148537e4bc5e7d6c4c0c04b78fcd1fe99,Minecraft425HD/ScheduleMC,src/main/java/de/rolandsw/schedulemc/tobacco/business/DemandLevel.java,jvm,1,0
4a04e83148537e4bc5e7d6c4c0c04b78fcd1fe99,Minecraft425HD/ScheduleMC,src/main/java/de/rolandsw/schedulemc/tobacco/items/SoilBagItem.java,jvm,1,0
4a04e83148537e4bc5e7d6c4c0c04b78fcd1fe99,Minecraft425HD/ScheduleMC,src/main/java/de/rolandsw/schedulemc/util/InputValidation.java,jvm,1,0
4a04e83148537e4bc5e7d6c4c0c04b78fcd1fe99,Minecraft425HD/ScheduleMC,src/main/java/de/rolandsw/schedulemc/util/LocaleHelper.java,jvm,1,0
4a04e83148537e4bc5e7d6c4c0c04b78fcd1fe99,Minecraft425HD/ScheduleMC,src/main/java/de/rolandsw/schedulemc/utility/PlotUtilityData.java,jvm,1,0
4a04e83148537e4bc5e7d6c4c0c04b78fcd1fe99,Minecraft425HD/ScheduleMC,src/main/java/de/rolandsw/schedulemc/warehouse/screen/WarehouseScreen.java,jvm,1,0
4a04e83148537e4bc5e7d6c4c0c04b78fcd1fe99,Minecraft425HD/ScheduleMC,src/main/java/de/rolandsw/schedulemc/wine/WineQuality.java,jvm,1,0
4ae60822d37ed3bd6286bb26797bffdd378f384b,vespa-engine/vespa,vespajlib/src/main/java/com/yahoo/tensor/TensorType.java,jvm,1,0
4ae60822d37ed3bd6286bb26797bffdd378f384b,vespa-engine/vespa,vespajlib/src/main/java/com/yahoo/tensor/functions/CellOrder.java,jvm,1,0
4ae60822d37ed3bd6286bb26797bffdd378f384b,vespa-engine/vespa,vespajlib/src/main/java/com/yahoo/tensor/serialization/JsonFormat.java,jvm,1,0
4ae60822d37ed3bd6286bb26797bffdd378f384b,vespa-engine/vespa,vespajlib/src/main/java/com/yahoo/vespa/VersionTagger.java,jvm,1,0
4ae60822d37ed3bd6286bb26797bffdd378f384b,vespa-engine/vespa,vespajlib/src/test/java/com/yahoo/tensor/TensorDataSourceTestCase.java,jvm,1,0
4b0839edd588492569c1a96ba42ae64824619c29,foxminchan/BookWorm,src/Aspire/BookWorm.AppHost/Extensions/ProjectExtensions.cs,dotnet,1,0
4b0839edd588492569c1a96ba42ae64824619c29,foxminchan/BookWorm,src/Aspire/BookWorm.AppHost/Program.cs,dotnet,1,0
4b0839edd588492569c1a96ba42ae64824619c29,foxminchan/BookWorm,src/Aspire/BookWorm.ServiceDefaults/Kestrel/CorsExtensions.cs,dotnet,1,0
4b0839edd588492569c1a96ba42ae64824619c29,foxminchan/BookWorm,src/Services/Catalog/BookWorm.Catalog.UnitTests/Features/Books/List/ListBooksQueryTests.cs,dotnet,1,0
4b0839edd588492569c1a96ba42ae64824619c29,foxminchan/BookWorm,src/Services/Catalog/BookWorm.Catalog/Domain/AggregatesModel/BookAggregate/Book.cs,dotnet,1,0
4b0839edd588492569c1a96ba42ae64824619c29,foxminchan/BookWorm,src/Services/Catalog/BookWorm.Catalog/Features/Books/Get/GetBookQuery.cs,dotnet,1,0
4b0839edd588492569c1a96ba42ae64824619c29,foxminchan/BookWorm,src/Services/Catalog/BookWorm.Catalog/Features/Books/List/ListBooksQuery.cs,dotnet,1,0
4b0839edd588492569c1a96ba42ae64824619c29,foxminchan/BookWorm,src/Services/Catalog/BookWorm.Catalog/Infrastructure/Blob/BlobService.cs,dotnet,1,0
4b0839edd588492569c1a96ba42ae64824619c29,foxminchan/BookWorm,src/Services/Catalog/BookWorm.Catalog/Infrastructure/GenAi/CancellationManager/RedisCancellationManager.cs,dotnet,1,0
4b0839edd588492569c1a96ba42ae64824619c29,foxminchan/BookWorm,src/Services/Catalog/BookWorm.Catalog/Infrastructure/GenAi/ChatStreaming/ChatStreaming.cs,dotnet,1,0
4b0839edd588492569c1a96ba42ae64824619c29,foxminchan/BookWorm,src/Services/Catalog/BookWorm.Catalog/Infrastructure/GenAi/Ingestion/BookDataIngestor.cs,dotnet,1,0
4b0839edd588492569c1a96ba42ae64824619c29,foxminchan/BookWorm,src/Services/Notification/BookWorm.Notification.UnitTests/Workers/CleanUpSentEmailWorkerTests.cs,dotnet,1,0
4b0839edd588492569c1a96ba42ae64824619c29,foxminchan/BookWorm,src/Services/Notification/BookWorm.Notification.UnitTests/Workers/ResendErrorEmailWorkerTests.cs,dotnet,1,0
4b0839edd588492569c1a96ba42ae64824619c29,foxminchan/BookWorm,src/Services/Notification/BookWorm.Notification/Infrastructure/Senders/Providers/OutboxSender.cs,dotnet,1,0
4b0839edd588492569c1a96ba42ae64824619c29,foxminchan/BookWorm,src/Services/Notification/BookWorm.Notification/Infrastructure/Table/TableService.cs,dotnet,1,0
4b0839edd588492569c1a96ba42ae64824619c29,foxminchan/BookWorm,src/Services/Notification/BookWorm.Notification/Workers/CleanUpSentEmailWorker.cs,dotnet,1,0
4b3dfc7b46567885d46356a60b78451347ab7f68,dlbattle123/bndtools-fork,aQute.libg/src/aQute/lib/formatter/Formatters.java,jvm,1,0
4b57f6b3e9b6246ca5d7a56adf4984d1c28b5ed4,astyanax/Project-Xenocide,src/Xenocide.MonoGame/Source/UI/Screens/Aeroscape/AeroscapeScreenController.cs,dotnet,1,0
4c02218215aef15b90727ea1292bbea0e08e4046,bsi-software/rap,bundles/org.eclipse.rap.rwt/src/org/eclipse/rwt/internal/theme/ThemeAdapterUtil.java,jvm,1,0
4c02218215aef15b90727ea1292bbea0e08e4046,bsi-software/rap,bundles/org.eclipse.rap.rwt/src/org/eclipse/swt/widgets/FontDialog.java,jvm,1,0
4c69bf7031a3318e998f212b49497253018a6718,anjoismysign/BlobLib,src/main/java/us/mytheria/bloblib/bungee/ProxiedSharedSerializableManager.java,jvm,1,0
4c69bf7031a3318e998f212b49497253018a6718,anjoismysign/BlobLib,src/main/java/us/mytheria/bloblib/bungee/SharedSerializableInstanceManager.java,jvm,1,0
4c69bf7031a3318e998f212b49497253018a6718,anjoismysign/BlobLib,src/main/java/us/mytheria/bloblib/command/BlobLibCmd.java,jvm,1,0
4c69bf7031a3318e998f212b49497253018a6718,anjoismysign/BlobLib,src/main/java/us/mytheria/bloblib/entities/BlobExecutor.java,jvm,1,0
4c69bf7031a3318e998f212b49497253018a6718,anjoismysign/BlobLib,src/main/java/us/mytheria/bloblib/entities/BlobFileManager.java,jvm,1,0
4c69bf7031a3318e998f212b49497253018a6718,anjoismysign/BlobLib,src/main/java/us/mytheria/bloblib/entities/BlobMessageModder.java,jvm,1,0
4c69bf7031a3318e998f212b49497253018a6718,anjoismysign/BlobLib,src/main/java/us/mytheria/bloblib/entities/BlobPHExpansion.java,jvm,1,0
4c69bf7031a3318e998f212b49497253018a6718,anjoismysign/BlobLib,src/main/java/us/mytheria/bloblib/entities/DataAssetType.java,jvm,1,0
4c69bf7031a3318e998f212b49497253018a6718,anjoismysign/BlobLib,src/main/java/us/mytheria/bloblib/entities/GitHubPluginUpdater.java,jvm,1,0
4c69bf7031a3318e998f212b49497253018a6718,anjoismysign/BlobLib,src/main/java/us/mytheria/bloblib/entities/currency/EconomyPHExpansion.java,jvm,1,0
4c69bf7031a3318e998f212b49497253018a6718,anjoismysign/BlobLib,src/main/java/us/mytheria/bloblib/entities/translatable/BlobTranslatableModder.java,jvm,1,0
4c69bf7031a3318e998f212b49497253018a6718,anjoismysign/BlobLib,src/main/java/us/mytheria/bloblib/utilities/BlobCrudManagerBuilder.java,jvm,1,0
4c69bf7031a3318e998f212b49497253018a6718,anjoismysign/BlobLib,src/main/java/us/mytheria/bloblib/utilities/BlobCrudManagerFactory.java,jvm,1,0
4f0084a53d03ac0ad06d5ac0340a3e28c0c07fe9,syedrizvinet/lib-repos-Rubeus,Rubeus/Commands/Asktgt.cs,dotnet,1,2
5030f6c9618834a97ecc5cbac49b8a6e657e1261,Dhruv0306/cloudshare-app,src/main/java/com/cloudshare/security/RateLimitingFilter.java,jvm,1,0
5030f6c9618834a97ecc5cbac49b8a6e657e1261,Dhruv0306/cloudshare-app,src/main/java/com/cloudshare/service/ShareService.java,jvm,1,0
505c9073880424f4be8e01adee6c6f9346edab90,iMetro/Bogus,Source/Bogus/DataSet.cs,dotnet,1,1
5062331a4caf9a839de3964edaa54c3377b7aab9,nigoh/Juml,src/main/java/juml/core/formats/uml/UmlGenerator.java,jvm,1,0
50dcb7b3e93ad26b006de513dcd51fef4a7d67f4,TeamStriebigSebastian/Tika,tika-app/src/main/java/org/apache/tika/cli/TikaCLI.java,jvm,1,0
50dcb7b3e93ad26b006de513dcd51fef4a7d67f4,TeamStriebigSebastian/Tika,tika-core/src/main/java/org/apache/tika/detect/MagicDetector.java,jvm,1,0
50dcb7b3e93ad26b006de513dcd51fef4a7d67f4,TeamStriebigSebastian/Tika,tika-core/src/main/java/org/apache/tika/io/FilenameUtils.java,jvm,1,0
50dcb7b3e93ad26b006de513dcd51fef4a7d67f4,TeamStriebigSebastian/Tika,tika-parsers/src/main/java/org/apache/tika/parser/iptc/IptcAnpaParser.java,jvm,1,0
50dcb7b3e93ad26b006de513dcd51fef4a7d67f4,TeamStriebigSebastian/Tika,tika-parsers/src/main/java/org/apache/tika/parser/mbox/MboxParser.java,jvm,1,0
50dcb7b3e93ad26b006de513dcd51fef4a7d67f4,TeamStriebigSebastian/Tika,tika-parsers/src/main/java/org/apache/tika/parser/microsoft/OutlookExtractor.java,jvm,1,0
50dcb7b3e93ad26b006de513dcd51fef4a7d67f4,TeamStriebigSebastian/Tika,tika-parsers/src/main/java/org/apache/tika/parser/microsoft/WordExtractor.java,jvm,1,0
50dcb7b3e93ad26b006de513dcd51fef4a7d67f4,TeamStriebigSebastian/Tika,tika-parsers/src/main/java/org/apache/tika/parser/odf/NSNormalizerContentHandler.java,jvm,1,0
50dcb7b3e93ad26b006de513dcd51fef4a7d67f4,TeamStriebigSebastian/Tika,tika-parsers/src/main/java/org/apache/tika/parser/pkg/ZipContainerDetector.java,jvm,1,0
50dcb7b3e93ad26b006de513dcd51fef4a7d67f4,TeamStriebigSebastian/Tika,tika-parsers/src/main/java/org/apache/tika/parser/rtf/RTFObjDataParser.java,jvm,1,0
51e3e904d397d131b55e8527d1f55bba92e06c21,BentoBoxWorld/ExtraMobs,src/main/java/world/bentobox/extramobs/config/MobSpawnReplacement.java,jvm,1,0
52044e36c77f5f24bf666b6f65d502154e040993,ogautier1980/cedeva-v2,src/Cedeva.Website/Features/Activities/ActivitiesController.cs,dotnet,1,0
52044e36c77f5f24bf666b6f65d502154e040993,ogautier1980/cedeva-v2,src/Cedeva.Website/Features/Bookings/BookingsController.cs,dotnet,1,0
52044e36c77f5f24bf666b6f65d502154e040993,ogautier1980/cedeva-v2,src/Cedeva.Website/Features/Children/ChildrenController.cs,dotnet,1,0
52044e36c77f5f24bf666b6f65d502154e040993,ogautier1980/cedeva-v2,src/Cedeva.Website/Features/Organisations/OrganisationsController.cs,dotnet,1,0
52044e36c77f5f24bf666b6f65d502154e040993,ogautier1980/cedeva-v2,src/Cedeva.Website/Features/Parents/ParentsController.cs,dotnet,1,0
52044e36c77f5f24bf666b6f65d502154e040993,ogautier1980/cedeva-v2,src/Cedeva.Website/Features/TeamMembers/TeamMembersController.cs,dotnet,1,1
52044e36c77f5f24bf666b6f65d502154e040993,ogautier1980/cedeva-v2,src/Cedeva.Website/Features/Users/UsersController.cs,dotnet,1,0
522b6a5694c3e4a9b2c6f519ed1571a975c1f7b9,NosCoreIO/NosCore,test/NosCore.Tests/HandlerTests/LoginPacketController.cs,dotnet,1,0
52b32c9a676ceac300bcd4743139e7f67a3c3a0a,ricardo8504/log4j-copilot,api/src/main/java/org/apache/logging/log4j/message/MapMessage.java,jvm,1,0
52b32c9a676ceac300bcd4743139e7f67a3c3a0a,ricardo8504/log4j-copilot,api/src/main/java/org/apache/logging/log4j/message/StructuredDataMessage.java,jvm,1,0
52dccac179200a69025dbdb5ec0874eb04ca6253,theroysamuel/opengrok2,opengrok-indexer/src/main/java/org/opengrok/indexer/analysis/AnalyzerGuru.java,jvm,1,0
52dccac179200a69025dbdb5ec0874eb04ca6253,theroysamuel/opengrok2,opengrok-indexer/src/main/java/org/opengrok/indexer/analysis/FileAnalyzer.java,jvm,1,0
52dccac179200a69025dbdb5ec0874eb04ca6253,theroysamuel/opengrok2,opengrok-indexer/src/main/java/org/opengrok/indexer/analysis/JFlexSymbolMatcher.java,jvm,1,0
52dccac179200a69025dbdb5ec0874eb04ca6253,theroysamuel/opengrok2,opengrok-indexer/src/main/java/org/opengrok/indexer/analysis/JFlexXrefUtils.java,jvm,1,0
52dccac179200a69025dbdb5ec0874eb04ca6253,theroysamuel/opengrok2,opengrok-indexer/src/main/java/org/opengrok/indexer/authorization/AuthControlFlag.java,jvm,1,0
52dccac179200a69025dbdb5ec0874eb04ca6253,theroysamuel/opengrok2,opengrok-indexer/src/main/java/org/opengrok/indexer/authorization/AuthorizationPlugin.java,jvm,1,0
52dccac179200a69025dbdb5ec0874eb04ca6253,theroysamuel/opengrok2,opengrok-indexer/src/main/java/org/opengrok/indexer/authorization/AuthorizationStack.java,jvm,1,0
52dccac179200a69025dbdb5ec0874eb04ca6253,theroysamuel/opengrok2,opengrok-indexer/src/main/java/org/opengrok/indexer/configuration/Group.java,jvm,1,0
52dccac179200a69025dbdb5ec0874eb04ca6253,theroysamuel/opengrok2,opengrok-indexer/src/main/java/org/opengrok/indexer/configuration/Project.java,jvm,1,0
52dccac179200a69025dbdb5ec0874eb04ca6253,theroysamuel/opengrok2,opengrok-indexer/src/main/java/org/opengrok/indexer/index/Indexer.java,jvm,1,0
52dccac179200a69025dbdb5ec0874eb04ca6253,theroysamuel/opengrok2,opengrok-indexer/src/main/java/org/opengrok/indexer/search/CustomQueryParser.java,jvm,1,0
52dccac179200a69025dbdb5ec0874eb04ca6253,theroysamuel/opengrok2,opengrok-indexer/src/main/java/org/opengrok/indexer/search/context/LineMatcher.java,jvm,1,0
52dccac179200a69025dbdb5ec0874eb04ca6253,theroysamuel/opengrok2,opengrok-indexer/src/main/java/org/opengrok/indexer/web/ProjectHelper.java,jvm,1,0
52dccac179200a69025dbdb5ec0874eb04ca6253,theroysamuel/opengrok2,opengrok-indexer/src/test/java/org/opengrok/indexer/authorization/AuthorizationFrameworkTest.java,jvm,1,0
530b1342a9fa1e0102c9019ed0846d79c8ccd7ee,linbin11/gwt,user/src/com/google/gwt/resources/converter/UndefinedConstantVisitor.java,jvm,1,0
53278434fe405c63f6d122ee4776fd4684e9be3e,micthebick84/commanCenter,src/main/java/com/hamonsoft/netismaker/service/AttachmentStorage.java,jvm,1,0
53567996c5491ec38bfb05ad204b537fc6769e53,anjoismysign/SkeramidCommands,src/main/java/me/anjoismysign/skeramidcommands/command/FloorCommand.java,jvm,1,0
53567996c5491ec38bfb05ad204b537fc6769e53,anjoismysign/SkeramidCommands,src/main/java/me/anjoismysign/skeramidcommands/command/PyramidCommand.java,jvm,1,0
536e5776ab4e629fabd8884d3896fbdbfc3493b8,knime-oss/knime-gateway,org.knime.gateway.api/src/eclipse/org/knime/gateway/api/webui/util/NodeTemplateAndDescriptionEntityFactory.java,jvm,1,0
536e5776ab4e629fabd8884d3896fbdbfc3493b8,knime-oss/knime-gateway,org.knime.gateway.api/src/eclipse/org/knime/gateway/api/webui/util/WorkflowEntityFactory.java,jvm,1,0
536e5776ab4e629fabd8884d3896fbdbfc3493b8,knime-oss/knime-gateway,org.knime.gateway.impl/src/eclipse/org/knime/gateway/impl/webui/NodeSearch.java,jvm,1,0
536e5776ab4e629fabd8884d3896fbdbfc3493b8,knime-oss/knime-gateway,org.knime.gateway.impl/src/eclipse/org/knime/gateway/impl/webui/service/DefaultNodeService.java,jvm,1,0
536e5776ab4e629fabd8884d3896fbdbfc3493b8,knime-oss/knime-gateway,org.knime.gateway.impl/src/eclipse/org/knime/gateway/impl/webui/spaces/local/LocalWorkspace.java,jvm,1,0
54612303b9e6e1b859a3e4eee350391cb0fa6b36,SergeSavel/kafka-gateway,src/main/java/pro/savel/kafka/Application.java,jvm,1,0
5505b8d827f1b0662ffe01c06db0c890110561be,wildfly/wildfly-core,cli/src/main/java/org/jboss/as/cli/Util.java,jvm,1,0
5505b8d827f1b0662ffe01c06db0c890110561be,wildfly/wildfly-core,cli/src/main/java/org/jboss/as/cli/handlers/LsHandler.java,jvm,1,0
5505b8d827f1b0662ffe01c06db0c890110561be,wildfly/wildfly-core,cli/src/main/java/org/jboss/as/cli/impl/CommandContextImpl.java,jvm,1,0
5505b8d827f1b0662ffe01c06db0c890110561be,wildfly/wildfly-core,cli/src/main/java/org/jboss/as/cli/impl/Console.java,jvm,1,0
5505b8d827f1b0662ffe01c06db0c890110561be,wildfly/wildfly-core,cli/src/main/java/org/jboss/as/cli/util/StrictSizeTable.java,jvm,1,0
5505b8d827f1b0662ffe01c06db0c890110561be,wildfly/wildfly-core,domain-http/interface/src/main/java/org/jboss/as/domain/http/server/ErrorHandler.java,jvm,1,0
5505b8d827f1b0662ffe01c06db0c890110561be,wildfly/wildfly-core,domain-management/src/main/java/org/jboss/as/domain/management/security/state/ConfirmationChoice.java,jvm,1,0
5505b8d827f1b0662ffe01c06db0c890110561be,wildfly/wildfly-core,domain-management/src/main/java/org/jboss/as/domain/management/security/state/PropertyFilePrompt.java,jvm,1,0
5505b8d827f1b0662ffe01c06db0c890110561be,wildfly/wildfly-core,domain-management/src/main/java/org/jboss/as/domain/management/security/state/WeakCheckState.java,jvm,1,0
5505b8d827f1b0662ffe01c06db0c890110561be,wildfly/wildfly-core,host-controller/src/main/java/org/jboss/as/host/controller/HostControllerEnvironment.java,jvm,1,0
5505b8d827f1b0662ffe01c06db0c890110561be,wildfly/wildfly-core,logging/src/main/java/org/jboss/as/logging/LoggingSubsystemParser.java,jvm,1,0
5505b8d827f1b0662ffe01c06db0c890110561be,wildfly/wildfly-core,remoting/src/main/java/org/jboss/as/remoting/SaslResource.java,jvm,1,0
5505b8d827f1b0662ffe01c06db0c890110561be,wildfly/wildfly-core,server/src/main/java/org/jboss/as/server/ServerEnvironment.java,jvm,1,0
5505b8d827f1b0662ffe01c06db0c890110561be,wildfly/wildfly-core,server/src/main/java/org/jboss/as/server/deployment/module/DeploymentRootExplodedMountProcessor.java,jvm,1,0
5505b8d827f1b0662ffe01c06db0c890110561be,wildfly/wildfly-core,threads/src/main/java/org/jboss/as/threads/ThreadsParser.java,jvm,1,0
5623b498dc0406317106b622df4f325719c22a45,diskflip/runelite-darkmode,runelite-maven-plugin/src/main/java/net/runelite/mvn/ComponentMojo.java,jvm,1,0
56543ba497f0839ce481db10702a6ff6668764c2,forebay/ai-java,shared/src/main/java/io/github/intisy/ai/shared/logic/ModelMap.java,jvm,1,0
56677f105565aa2054f56417cf5ddb0cd450f27b,ironrhino/ironrhino,src/org/ironrhino/batch/component/BatchSchemaSetup.java,jvm,1,0
56677f105565aa2054f56417cf5ddb0cd450f27b,ironrhino/ironrhino,src/org/ironrhino/common/record/RecordAspect.java,jvm,1,0
56677f105565aa2054f56417cf5ddb0cd450f27b,ironrhino/ironrhino,src/org/ironrhino/common/support/AbstractPollingControl.java,jvm,1,0
56677f105565aa2054f56417cf5ddb0cd450f27b,ironrhino/ironrhino,src/org/ironrhino/core/hibernate/SessionFactoryBean.java,jvm,1,0
56677f105565aa2054f56417cf5ddb0cd450f27b,ironrhino/ironrhino,src/org/ironrhino/core/hibernate/SmartSchemaManagementToolInitiator.java,jvm,1,0
56677f105565aa2054f56417cf5ddb0cd450f27b,ironrhino/ironrhino,src/org/ironrhino/core/jdbc/SqlUtils.java,jvm,1,0
56677f105565aa2054f56417cf5ddb0cd450f27b,ironrhino/ironrhino,src/org/ironrhino/core/remoting/client/SimpleHttpInvokerRequestExecutor.java,jvm,1,0
56677f105565aa2054f56417cf5ddb0cd450f27b,ironrhino/ironrhino,src/org/ironrhino/core/remoting/serializer/HttpInvokerSerializer.java,jvm,1,0
56677f105565aa2054f56417cf5ddb0cd450f27b,ironrhino/ironrhino,src/org/ironrhino/core/sequence/MySQLSequenceHelper.java,jvm,1,0
56677f105565aa2054f56417cf5ddb0cd450f27b,ironrhino/ironrhino,src/org/ironrhino/core/sequence/cyclic/AbstractSequenceCyclicSequence.java,jvm,1,0
56677f105565aa2054f56417cf5ddb0cd450f27b,ironrhino/ironrhino,src/org/ironrhino/core/sequence/simple/AbstractSequenceSimpleSequence.java,jvm,1,0
56677f105565aa2054f56417cf5ddb0cd450f27b,ironrhino/ironrhino,src/org/ironrhino/core/servlet/ServletContainerHelper.java,jvm,1,0
56677f105565aa2054f56417cf5ddb0cd450f27b,ironrhino/ironrhino,src/org/ironrhino/core/util/SampleObjectCreator.java,jvm,1,0
56677f105565aa2054f56417cf5ddb0cd450f27b,ironrhino/ironrhino,src/org/ironrhino/core/validation/validators/LicensePlateValidator.java,jvm,1,0
56677f105565aa2054f56417cf5ddb0cd450f27b,ironrhino/ironrhino,src/org/ironrhino/security/oauth/server/component/OAuthErrorHandler.java,jvm,1,0
56e18ec3f5051d32dbd8fe08e5547c1187aed0db,Venkateshbodem/testing_jenkins_ci.,platforms/core-execution/execution/src/main/java/org/gradle/internal/execution/model/InputNormalizer.java,jvm,1,0
56e18ec3f5051d32dbd8fe08e5547c1187aed0db,Venkateshbodem/testing_jenkins_ci.,platforms/core-execution/execution/src/main/java/org/gradle/internal/execution/model/annotations/AbstractInputFilePropertyAnnotationHandler.java,jvm,1,0
56e18ec3f5051d32dbd8fe08e5547c1187aed0db,Venkateshbodem/testing_jenkins_ci.,platforms/core-execution/execution/src/main/java/org/gradle/internal/execution/model/annotations/AbstractInputPropertyAnnotationHandler.java,jvm,1,0
56e18ec3f5051d32dbd8fe08e5547c1187aed0db,Venkateshbodem/testing_jenkins_ci.,platforms/core-execution/execution/src/main/java/org/gradle/internal/execution/model/annotations/InputPropertyAnnotationHandler.java,jvm,1,0
56e18ec3f5051d32dbd8fe08e5547c1187aed0db,Venkateshbodem/testing_jenkins_ci.,platforms/core-execution/execution/src/main/java/org/gradle/internal/execution/model/annotations/ServiceReferencePropertyAnnotationHandler.java,jvm,1,0
56fb370c28c46583efbc13d436185d16903b0260,joansmith2/jackrabbit-oak,oak-jcr/src/main/java/org/apache/jackrabbit/oak/jcr/SessionImpl.java,jvm,1,0
5746e3392b60a9f79bca2d7f93774cc5cf50383f,androidx/androidx,room/compiler/src/main/kotlin/androidx/room/vo/FtsOptions.kt,jvm,1,0
5746e3392b60a9f79bca2d7f93774cc5cf50383f,androidx/androidx,room/compiler/src/main/kotlin/androidx/room/vo/Warning.kt,jvm,1,0
5746e3392b60a9f79bca2d7f93774cc5cf50383f,androidx/androidx,room/compiler/src/test/kotlin/androidx/room/processor/FieldProcessorTest.kt,jvm,1,0
574c66c1ae240e266b788053017d57fc85a5010a,getit-knu/GETIT_Site_BE,src/main/java/com/getit/domain/project/service/ProjectPublicService.java,jvm,1,0
5783e4475756f39c42258935bee9364986aebbdc,Elleined/philippine-location-api,src/main/java/com/elleined/philippine_location_api/baranggay/BaranggayController.java,jvm,1,0
5783e4475756f39c42258935bee9364986aebbdc,Elleined/philippine-location-api,src/main/java/com/elleined/philippine_location_api/city/CityController.java,jvm,1,0
5783e4475756f39c42258935bee9364986aebbdc,Elleined/philippine-location-api,src/main/java/com/elleined/philippine_location_api/province/ProvinceController.java,jvm,1,0
5783e4475756f39c42258935bee9364986aebbdc,Elleined/philippine-location-api,src/main/java/com/elleined/philippine_location_api/region/RegionController.java,jvm,1,0
5783e4475756f39c42258935bee9364986aebbdc,Elleined/philippine-location-api,src/test/java/com/elleined/philippine_location_api/baranggay/BaranggayRepositoryTest.java,jvm,1,0
5783e4475756f39c42258935bee9364986aebbdc,Elleined/philippine-location-api,src/test/java/com/elleined/philippine_location_api/city/CityRepositoryTest.java,jvm,1,0
5783e4475756f39c42258935bee9364986aebbdc,Elleined/philippine-location-api,src/test/java/com/elleined/philippine_location_api/province/ProvinceRepositoryTest.java,jvm,1,0
5783e4475756f39c42258935bee9364986aebbdc,Elleined/philippine-location-api,src/test/java/com/elleined/philippine_location_api/region/RegionRepositoryTest.java,jvm,1,0
57aff20039dcec5b99a564b244d88c858c4d29fd,asimov-deploy/asimov-deploy-winagent,src/AsimovDeploy.WinAgent/Framework/Common/NodeFrontLogAppender.cs,dotnet,1,0
57c37c222c43f732c8b7703263cf9a573561322f,FabricMC/Enigma,enigma-cli/src/main/java/cuchaz/enigma/command/Command.java,jvm,1,0
57c37c222c43f732c8b7703263cf9a573561322f,FabricMC/Enigma,enigma-cli/src/main/java/cuchaz/enigma/command/MappingCommandsUtil.java,jvm,1,0
57c37c222c43f732c8b7703263cf9a573561322f,FabricMC/Enigma,enigma-server/src/main/java/cuchaz/enigma/network/DedicatedEnigmaServer.java,jvm,1,0
57c37c222c43f732c8b7703263cf9a573561322f,FabricMC/Enigma,enigma-swing/src/main/java/cuchaz/enigma/gui/Main.java,jvm,1,0
57c37c222c43f732c8b7703263cf9a573561322f,FabricMC/Enigma,enigma-swing/src/main/java/cuchaz/enigma/gui/config/legacy/Config.java,jvm,1,0
57c37c222c43f732c8b7703263cf9a573561322f,FabricMC/Enigma,enigma-swing/src/main/java/cuchaz/enigma/gui/dialog/JavadocDialog.java,jvm,1,0
57c37c222c43f732c8b7703263cf9a573561322f,FabricMC/Enigma,enigma-swing/src/main/java/cuchaz/enigma/gui/util/ScaleUtil.java,jvm,1,0
57c37c222c43f732c8b7703263cf9a573561322f,FabricMC/Enigma,enigma/src/main/java/cuchaz/enigma/analysis/StructureTreeNode.java,jvm,1,2
57c37c222c43f732c8b7703263cf9a573561322f,FabricMC/Enigma,enigma/src/main/java/cuchaz/enigma/translation/representation/AccessFlags.java,jvm,1,0
58cddc8c8f39fb082063dbc36e4d221bc27dbd18,NuGetPackageExplorer/NuGetPackageExplorer,Uno/NugetPackageExplorer.Legacy/Framework/Query/LoggingHttpClientHandler.cs,dotnet,1,0
58e58bc0af2a5aa7aa89123295b6f6efb427f655,emanondev/ItemTag,src/main/java/emanondev/itemtag/EffectsInfo.java,jvm,1,0
58e58bc0af2a5aa7aa89123295b6f6efb427f655,emanondev/ItemTag,src/main/java/emanondev/itemtag/actions/Action.java,jvm,1,0
58e58bc0af2a5aa7aa89123295b6f6efb427f655,emanondev/ItemTag,src/main/java/emanondev/itemtag/actions/ActionHandler.java,jvm,1,0
58e58bc0af2a5aa7aa89123295b6f6efb427f655,emanondev/ItemTag,src/main/java/emanondev/itemtag/actions/SoundAction.java,jvm,1,2
58e58bc0af2a5aa7aa89123295b6f6efb427f655,emanondev/ItemTag,src/main/java/emanondev/itemtag/command/itemtag/Actions.java,jvm,1,0
58e58bc0af2a5aa7aa89123295b6f6efb427f655,emanondev/ItemTag,src/main/java/emanondev/itemtag/command/itemtag/ConsumeActions.java,jvm,1,0
58e58bc0af2a5aa7aa89123295b6f6efb427f655,emanondev/ItemTag,src/main/java/emanondev/itemtag/command/itemtag/customflags/CraftRecipeIngredient.java,jvm,1,0
58e58bc0af2a5aa7aa89123295b6f6efb427f655,emanondev/ItemTag,src/main/java/emanondev/itemtag/command/itemtag/customflags/Enchantable.java,jvm,1,0
58e58bc0af2a5aa7aa89123295b6f6efb427f655,emanondev/ItemTag,src/main/java/emanondev/itemtag/command/itemtag/customflags/EntityFood.java,jvm,1,0
58e58bc0af2a5aa7aa89123295b6f6efb427f655,emanondev/ItemTag,src/main/java/emanondev/itemtag/command/itemtag/customflags/EquipmentFlag.java,jvm,1,0
58e58bc0af2a5aa7aa89123295b6f6efb427f655,emanondev/ItemTag,src/main/java/emanondev/itemtag/command/itemtag/customflags/FurnaceFuel.java,jvm,1,0
58e58bc0af2a5aa7aa89123295b6f6efb427f655,emanondev/ItemTag,src/main/java/emanondev/itemtag/command/itemtag/customflags/Grindable.java,jvm,1,0
58e58bc0af2a5aa7aa89123295b6f6efb427f655,emanondev/ItemTag,src/main/java/emanondev/itemtag/command/itemtag/customflags/Placeable.java,jvm,1,0
58e58bc0af2a5aa7aa89123295b6f6efb427f655,emanondev/ItemTag,src/main/java/emanondev/itemtag/command/itemtag/customflags/Renamable.java,jvm,1,0
58e58bc0af2a5aa7aa89123295b6f6efb427f655,emanondev/ItemTag,src/main/java/emanondev/itemtag/command/itemtag/customflags/Smelt.java,jvm,1,0
58e58bc0af2a5aa7aa89123295b6f6efb427f655,emanondev/ItemTag,src/main/java/emanondev/itemtag/command/itemtag/customflags/Usable.java,jvm,1,0
58f0bb04db9c5c8a858d7a3be7719608f25f2f49,m7mdragab/ant-Apache,src/main/org/apache/tools/ant/taskdefs/Exec.java,jvm,1,0
58f0bb04db9c5c8a858d7a3be7719608f25f2f49,m7mdragab/ant-Apache,src/main/org/apache/tools/ant/taskdefs/Jikes.java,jvm,1,0
58f0bb04db9c5c8a858d7a3be7719608f25f2f49,m7mdragab/ant-Apache,src/main/org/apache/tools/ant/taskdefs/Manifest.java,jvm,1,0
58f0bb04db9c5c8a858d7a3be7719608f25f2f49,m7mdragab/ant-Apache,src/main/org/apache/tools/ant/taskdefs/Tstamp.java,jvm,1,0
58f0bb04db9c5c8a858d7a3be7719608f25f2f49,m7mdragab/ant-Apache,src/main/org/apache/tools/ant/taskdefs/WaitFor.java,jvm,1,0
58f0bb04db9c5c8a858d7a3be7719608f25f2f49,m7mdragab/ant-Apache,src/main/org/apache/tools/ant/taskdefs/email/MimeMailer.java,jvm,1,0
58f0bb04db9c5c8a858d7a3be7719608f25f2f49,m7mdragab/ant-Apache,src/main/org/apache/tools/ant/taskdefs/optional/image/Image.java,jvm,1,0
58f0bb04db9c5c8a858d7a3be7719608f25f2f49,m7mdragab/ant-Apache,src/main/org/apache/tools/ant/types/optional/image/Arc.java,jvm,1,0
58f0bb04db9c5c8a858d7a3be7719608f25f2f49,m7mdragab/ant-Apache,src/main/org/apache/tools/ant/types/optional/image/ColorMapper.java,jvm,1,0
59ee0c1406c92048177ad9f1f655581bed4526b7,web-monster-1st/SmartStoreNET,src/Libraries/SmartStore.Core/Themes/ThemeManifestMaterializer.cs,dotnet,1,1
59ee0c1406c92048177ad9f1f655581bed4526b7,web-monster-1st/SmartStoreNET,src/Plugins/SmartStore.GoogleMerchantCenter/Services/GoogleFeedService.cs,dotnet,1,0
59ee0c1406c92048177ad9f1f655581bed4526b7,web-monster-1st/SmartStoreNET,src/Presentation/SmartStore.Web/Global.asax.cs,dotnet,1,0
5b34af0f12db6813fb5344330c7ae6d2fab0c4f8,ArkansasIo/java-game-engine,OpenRA.Mods.Common/Lint/CheckActorReferences.cs,dotnet,1,0
5b34af0f12db6813fb5344330c7ae6d2fab0c4f8,ArkansasIo/java-game-engine,OpenRA.Mods.Common/Traits/Buildings/FreeActorWithDelivery.cs,dotnet,1,0
5b34af0f12db6813fb5344330c7ae6d2fab0c4f8,ArkansasIo/java-game-engine,OpenRA.Mods.Common/UtilityCommands/ImportLegacyMapCommand.cs,dotnet,1,0
5b34af0f12db6813fb5344330c7ae6d2fab0c4f8,ArkansasIo/java-game-engine,OpenRA.Mods.D2k/UtilityCommands/D2kMapImporter.cs,dotnet,1,0
5b3e74e42cbb24a47842f18968ac7ca17886c436,zjshen/hadoop,hadoop-common-project/hadoop-common/src/main/java/org/apache/hadoop/security/SecurityUtil.java,jvm,1,1
5b43f5ff652b73c7343154f556f872de4d482abc,hope-423126/s-aspnet-ecommerce,src/Business/Grand.Business.Common/Services/Directory/CurrencyService.cs,dotnet,1,0
5bb1555ea89ca46735be94c7c64823e504dc8b45,ricardo8504/log4j-copilot,core/src/main/java/org/apache/logging/log4j/core/filter/BurstFilter.java,jvm,1,0
5bb1555ea89ca46735be94c7c64823e504dc8b45,ricardo8504/log4j-copilot,core/src/main/java/org/apache/logging/log4j/core/filter/DynamicThresholdFilter.java,jvm,1,0
5bb1555ea89ca46735be94c7c64823e504dc8b45,ricardo8504/log4j-copilot,core/src/main/java/org/apache/logging/log4j/core/filter/MapFilter.java,jvm,1,0
5bb1555ea89ca46735be94c7c64823e504dc8b45,ricardo8504/log4j-copilot,core/src/main/java/org/apache/logging/log4j/core/filter/MarkerFilter.java,jvm,1,0
5bb1555ea89ca46735be94c7c64823e504dc8b45,ricardo8504/log4j-copilot,core/src/main/java/org/apache/logging/log4j/core/filter/RegexFilter.java,jvm,1,0
5bb1555ea89ca46735be94c7c64823e504dc8b45,ricardo8504/log4j-copilot,core/src/main/java/org/apache/logging/log4j/core/filter/StructuredDataFilter.java,jvm,1,0
5bb1555ea89ca46735be94c7c64823e504dc8b45,ricardo8504/log4j-copilot,core/src/main/java/org/apache/logging/log4j/core/filter/ThreadContextMapFilter.java,jvm,1,0
5bb1555ea89ca46735be94c7c64823e504dc8b45,ricardo8504/log4j-copilot,core/src/main/java/org/apache/logging/log4j/core/filter/ThresholdFilter.java,jvm,1,0
5bb1555ea89ca46735be94c7c64823e504dc8b45,ricardo8504/log4j-copilot,core/src/main/java/org/apache/logging/log4j/core/filter/TimeFilter.java,jvm,1,0
5bb1c5fa0cecc753a483e82e2c8efac63e1fec7d,abossard/always-on-v2,src/DarkUxChallenge/DarkUxChallenge.Api/TarPit/MarkovGenerator.cs,dotnet,1,0
5c4e26ec055fe62d804e98cfdd36a975385a638f,CraftoryStudios/Craftory-Tech,src/main/java/tech/brettsaunders/craftory/api/items/CustomItem.java,jvm,1,0
5c4e26ec055fe62d804e98cfdd36a975385a638f,CraftoryStudios/Craftory-Tech,src/main/java/tech/brettsaunders/craftory/api/items/CustomItemManager.java,jvm,1,0
5c4e26ec055fe62d804e98cfdd36a975385a638f,CraftoryStudios/Craftory-Tech,src/main/java/tech/brettsaunders/craftory/api/recipes/RecipeManager.java,jvm,1,0
5c4e26ec055fe62d804e98cfdd36a975385a638f,CraftoryStudios/Craftory-Tech,src/main/java/tech/brettsaunders/craftory/commands/CommandWrapper.java,jvm,1,0
5ca186ddb52d1881b35b6abe1db05e922645cce2,mateusfg7/altrua,backend/src/main/java/com/techfun/altrua/ong/OngSpecification.java,jvm,1,0
5da7c7712feb0109b7ba483475f16ba3e506c4fd,kijunb33/Paket,src/Paket.Core/Dependencies/NuGetV3.fs,dotnet,1,4
5e6106c38e8d9488e1627925ce419218d3406c66,jenkinsci/google-chat-notification-plugin,src/main/java/io/cnaik/GoogleChatNotification.java,jvm,1,0
5e91dde741936b62ce611f047640b45375b849eb,DuelMonster/Forget-Me-Crops,common/src/main/java/com/fastharvester/enums/DurabilityMode.java,jvm,1,0
5e91dde741936b62ce611f047640b45375b849eb,DuelMonster/Forget-Me-Crops,common/src/main/java/com/fastharvester/enums/RotationMode.java,jvm,1,0
5e91dde741936b62ce611f047640b45375b849eb,DuelMonster/Forget-Me-Crops,common/src/main/java/com/fastharvester/enums/SeedClutterMode.java,jvm,1,0
5e91dde741936b62ce611f047640b45375b849eb,DuelMonster/Forget-Me-Crops,common/src/main/java/com/fastharvester/frame/FrameScanner.java,jvm,1,0
5e91dde741936b62ce611f047640b45375b849eb,DuelMonster/Forget-Me-Crops,common/src/main/java/com/fastharvester/harvest/CropRegistry.java,jvm,1,0
5e91dde741936b62ce611f047640b45375b849eb,DuelMonster/Forget-Me-Crops,common/src/main/java/com/fastharvester/harvest/HarvestUtils.java,jvm,1,0
5e91dde741936b62ce611f047640b45375b849eb,DuelMonster/Forget-Me-Crops,common/src/main/java/com/fastharvester/platform/PlatformReflective.java,jvm,1,0
5e91dde741936b62ce611f047640b45375b849eb,DuelMonster/Forget-Me-Crops,common/src/main/java/com/fastharvester/platform/adapter/FastItemFrameAdapterImpl.java,jvm,1,0
5e91dde741936b62ce611f047640b45375b849eb,DuelMonster/Forget-Me-Crops,neoforge/src/main/java/com/fastharvester/neoforge/NeoForgeModInitializer.java,jvm,1,0
5f538594365142a0bb849803c277a4db4621e949,microsoft/Build26-BRK206-your-agent-anywhere-multiclient-multidevice-with-github-copilot-sdk,src/java-agent-orchestrator/src/main/java/com/microsoft/build/realestate/Agent.java,jvm,1,0
5f5d90ec9687b2b0fe4064ebfd6abc609f9e0582,DragonTaki/Chinese-Chess-v3,Engine/Logging/AppLogger.cs,dotnet,1,0
5fcc613b27f05a28c82dd8f5b82be8a7afbcf2dc,manojisnow/boox,backend/chatapp/src/main/java/com/example/chatapp/tool/WebSearchTool.java,jvm,1,0
60e89662cb8b5038436c4bb451402ecc18b94dcb,OCEANOFANYTHING/LOIC_CLI,src/cHLDos.cs,dotnet,1,0
60e89662cb8b5038436c4bb451402ecc18b94dcb,OCEANOFANYTHING/LOIC_CLI,src/frmMain.cs,dotnet,1,0
6251518815a7254690fbc397e3f585f6c04a5189,SiteNetSoft/olinguito-odata4,lib/client-adapter-quarkus/runtime/src/main/java/org/sitenetsoft/olinguito/client/adapter/quarkus/runtime/ODataClientRecorder.java,jvm,1,0
6251b13ddfb317be442d2ea428f57cedeab69815,rhuijben/priv-repodb,RepoDb.Core/RepoDb/Reflection/Compiler/Compiler.cs,dotnet,1,0
62c55c124bd0c8c3bc9cf731fd613ded0e5f4d96,Harish-Kumar-2049/DND-Scheduler,app/src/main/java/com/harish/dndscheduler/LoginActivity.java,jvm,1,0
632ce7f2de3e8c0017cebb21114b00eed02d788e,lahomafonseca/watchtower-api,data/dataexchange/src/main/java/tech/pegasys/teku/data/SlashingProtectionImporter.java,jvm,1,0
632ce7f2de3e8c0017cebb21114b00eed02d788e,lahomafonseca/watchtower-api,data/dataexchange/src/main/java/tech/pegasys/teku/data/SlashingProtectionRepairer.java,jvm,1,0
632ce7f2de3e8c0017cebb21114b00eed02d788e,lahomafonseca/watchtower-api,data/provider/src/main/java/tech/pegasys/teku/api/ChainDataProvider.java,jvm,1,0
632ce7f2de3e8c0017cebb21114b00eed02d788e,lahomafonseca/watchtower-api,data/serializer/src/main/java/tech/pegasys/teku/api/schema/Metadata.java,jvm,1,0
632ce7f2de3e8c0017cebb21114b00eed02d788e,lahomafonseca/watchtower-api,data/serializer/src/main/java/tech/pegasys/teku/provider/BLSPubKeySerializer.java,jvm,1,0
632ce7f2de3e8c0017cebb21114b00eed02d788e,lahomafonseca/watchtower-api,data/serializer/src/main/java/tech/pegasys/teku/provider/BLSPublicKeySerializer.java,jvm,1,0
632ce7f2de3e8c0017cebb21114b00eed02d788e,lahomafonseca/watchtower-api,data/serializer/src/main/java/tech/pegasys/teku/provider/BLSSignatureSerializer.java,jvm,1,0
632ce7f2de3e8c0017cebb21114b00eed02d788e,lahomafonseca/watchtower-api,data/serializer/src/main/java/tech/pegasys/teku/provider/KZGCommitmentSerializer.java,jvm,1,0
632ce7f2de3e8c0017cebb21114b00eed02d788e,lahomafonseca/watchtower-api,data/serializer/src/main/java/tech/pegasys/teku/provider/SszBitvectorSerializer.java,jvm,1,0
632ce7f2de3e8c0017cebb21114b00eed02d788e,lahomafonseca/watchtower-api,data/serializer/src/property-test/java/tech/pegasys/teku/provider/JsonProviderPropertyTest.java,jvm,1,0
632ce7f2de3e8c0017cebb21114b00eed02d788e,lahomafonseca/watchtower-api,data/serializer/src/test/java/tech/pegasys/teku/provider/JsonProviderTest.java,jvm,1,0
632ce7f2de3e8c0017cebb21114b00eed02d788e,lahomafonseca/watchtower-api,eth-reference-tests/src/referenceTest/java/tech/pegasys/teku/reference/altair/fork/ForkUpgradeTestExecutor.java,jvm,1,0
632ce7f2de3e8c0017cebb21114b00eed02d788e,lahomafonseca/watchtower-api,eth-reference-tests/src/referenceTest/java/tech/pegasys/teku/reference/altair/fork/TransitionTestExecutor.java,jvm,1,0
632ce7f2de3e8c0017cebb21114b00eed02d788e,lahomafonseca/watchtower-api,ethereum/execution-types/src/main/java/tech/pegasys/teku/ethereum/execution/types/Eth1Address.java,jvm,1,0
632ce7f2de3e8c0017cebb21114b00eed02d788e,lahomafonseca/watchtower-api,ethereum/executionclient/src/integration-test/java/tech/pegasys/teku/ethereum/executionclient/rest/RestBuilderClientTest.java,jvm,1,0
632ce7f2de3e8c0017cebb21114b00eed02d788e,lahomafonseca/watchtower-api,ethereum/executionclient/src/main/java/tech/pegasys/teku/ethereum/executionclient/serialization/Bytes20Serializer.java,jvm,1,0
632ce7f2de3e8c0017cebb21114b00eed02d788e,lahomafonseca/watchtower-api,ethereum/executionclient/src/main/java/tech/pegasys/teku/ethereum/executionclient/serialization/BytesSerializer.java,jvm,1,0
632ce7f2de3e8c0017cebb21114b00eed02d788e,lahomafonseca/watchtower-api,infrastructure/io/src/testFixtures/java/tech/pegasys/teku/cli/OSUtils.java,jvm,1,0
632ce7f2de3e8c0017cebb21114b00eed02d788e,lahomafonseca/watchtower-api,infrastructure/jackson/src/main/java/tech/pegasys/teku/infrastructure/jackson/deserializers/bytes/Bytes20Serializer.java,jvm,1,0
632ce7f2de3e8c0017cebb21114b00eed02d788e,lahomafonseca/watchtower-api,infrastructure/jackson/src/main/java/tech/pegasys/teku/infrastructure/jackson/deserializers/bytes/Bytes4Serializer.java,jvm,1,0
632ce7f2de3e8c0017cebb21114b00eed02d788e,lahomafonseca/watchtower-api,infrastructure/jackson/src/main/java/tech/pegasys/teku/infrastructure/jackson/deserializers/bytes/BytesSerializer.java,jvm,1,0
632ce7f2de3e8c0017cebb21114b00eed02d788e,lahomafonseca/watchtower-api,networking/eth2/src/test/java/tech/pegasys/teku/networking/eth2/rpc/core/RpcResponseEncoderDecoderTest.java,jvm,1,0
632ce7f2de3e8c0017cebb21114b00eed02d788e,lahomafonseca/watchtower-api,storage/src/main/java/tech/pegasys/teku/storage/server/network/DatabaseNetwork.java,jvm,1,0
632ce7f2de3e8c0017cebb21114b00eed02d788e,lahomafonseca/watchtower-api,storage/src/main/java/tech/pegasys/teku/storage/server/rocksdb/RocksDbStats.java,jvm,1,0
632ce7f2de3e8c0017cebb21114b00eed02d788e,lahomafonseca/watchtower-api,storage/src/test/java/tech/pegasys/teku/storage/server/network/DatabaseNetworkTest.java,jvm,1,0
632ce7f2de3e8c0017cebb21114b00eed02d788e,lahomafonseca/watchtower-api,teku/src/main/java/tech/pegasys/teku/cli/converter/LogTypeConverter.java,jvm,1,0
632ce7f2de3e8c0017cebb21114b00eed02d788e,lahomafonseca/watchtower-api,teku/src/test/java/tech/pegasys/teku/cli/options/Eth2P2PNetworkOptionsTest.java,jvm,1,0
632ce7f2de3e8c0017cebb21114b00eed02d788e,lahomafonseca/watchtower-api,teku/src/test/java/tech/pegasys/teku/cli/subcommand/internal/validator/tools/EncryptedKeystoreWriterTest.java,jvm,1,0
632ce7f2de3e8c0017cebb21114b00eed02d788e,lahomafonseca/watchtower-api,teku/src/test/java/tech/pegasys/teku/cli/subcommand/internal/validator/tools/KeyGeneratorTest.java,jvm,1,0
632ce7f2de3e8c0017cebb21114b00eed02d788e,lahomafonseca/watchtower-api,validator/client/src/main/java/tech/pegasys/teku/validator/client/loader/ExternalValidatorSource.java,jvm,1,0
63da7bdb571c2bd1e110983e1cba6d57e3a8dc2e,carlosmotta-zucc/XpA1-3,src/main/java/com/grupo/todolist/Main.java,jvm,1,0
64bb35ca8541b89f00ed0d1c7f28fba8951ca5f1,mvishwakarma-wipro/Polaris,polaris-service/src/main/java/io/polaris/service/types/NotificationType.java,jvm,1,0
66073a0db4aa0eaa507d20ddb465f0e49dbcdbda,itplr-kosit/validator,src/main/java/de/kosit/validationtool/impl/ConversionService.java,jvm,1,0
6690dfb64822f72ac30c1fe25ce1dcc431de9b5b,AloneCraft/LinqDB,LinqDB/Helpers/CommonLibrary.cs,dotnet,1,0
6690dfb64822f72ac30c1fe25ce1dcc431de9b5b,AloneCraft/LinqDB,LinqDB/Optimizers/Optimizer.変換_Anonymousをnewしてメンバーを参照している式の省略.cs,dotnet,1,0
6690dfb64822f72ac30c1fe25ce1dcc431de9b5b,AloneCraft/LinqDB,LinqDB/Optimizers/Optimizer.変換_TSqlFragment_PivotTableReference.cs,dotnet,1,0
6690dfb64822f72ac30c1fe25ce1dcc431de9b5b,AloneCraft/LinqDB,LinqDB/Optimizers/Optimizer.変換_TSqlFragmentからExpression.cs,dotnet,1,0
6690dfb64822f72ac30c1fe25ce1dcc431de9b5b,AloneCraft/LinqDB,LinqDB/Product/SQLServer/Methods.cs,dotnet,1,0
66ec3bc6d1b2a5d4dc3217539febfcdb2bd54bbe,sprinteins/drupal-client,src/main/java/com/sprinteins/drupalcli/file/ImageClient.java,jvm,1,0
67387964ef0d22f7e9b8b7562e638ebbed3fd7c1,JorTurFer/ShortcutShell,src/Program.cs,dotnet,1,0
67a9c24e504e3b0274b1a11f4d164978e51e80c2,DEVSENSE/Phalanger,Source/ClassLibrary/DateTime.CLR/DateTime.cs,dotnet,1,0
67a9c24e504e3b0274b1a11f4d164978e51e80c2,DEVSENSE/Phalanger,Source/ClassLibrary/Mailer.CLR.cs,dotnet,1,3
67a9c24e504e3b0274b1a11f4d164978e51e80c2,DEVSENSE/Phalanger,Source/Extensions/XmlDom/HtmlAgilityPack/HtmlNode.cs,dotnet,1,6
67a9c24e504e3b0274b1a11f4d164978e51e80c2,DEVSENSE/Phalanger,Source/Phalanger.CompilerTask/PhalangerCompilerTask.cs,dotnet,1,0
67a9c24e504e3b0274b1a11f4d164978e51e80c2,DEVSENSE/Phalanger,Source/PhpConfig/Main.cs,dotnet,1,0
68026add286c4c4e17024a63d9f95a4fb0fd45eb,vpauluss/mvc,src/Microsoft.AspNet.JsonPatch/JsonPatchDocumentOfT.cs,dotnet,1,0
68ea6c871eadc8453006e510072cb7446d9c7e9c,duduoliverio/jabRefImproved,src/main/java/org/jabref/gui/BasePanel.java,jvm,1,0
68ea6c871eadc8453006e510072cb7446d9c7e9c,duduoliverio/jabRefImproved,src/main/java/org/jabref/gui/GenFieldsCustomizer.java,jvm,1,0
68ea6c871eadc8453006e510072cb7446d9c7e9c,duduoliverio/jabRefImproved,src/main/java/org/jabref/gui/ReplaceStringDialog.java,jvm,1,0
68ea6c871eadc8453006e510072cb7446d9c7e9c,duduoliverio/jabRefImproved,src/main/java/org/jabref/gui/SaveOrderConfigDisplay.java,jvm,1,0
68ea6c871eadc8453006e510072cb7446d9c7e9c,duduoliverio/jabRefImproved,src/main/java/org/jabref/gui/actions/MassSetFieldAction.java,jvm,1,0
68ea6c871eadc8453006e510072cb7446d9c7e9c,duduoliverio/jabRefImproved,src/main/java/org/jabref/gui/actions/SortTabsAction.java,jvm,1,0
68ea6c871eadc8453006e510072cb7446d9c7e9c,duduoliverio/jabRefImproved,src/main/java/org/jabref/gui/bibtexkeypattern/BibtexKeyPatternPanel.java,jvm,1,0
68ea6c871eadc8453006e510072cb7446d9c7e9c,duduoliverio/jabRefImproved,src/main/java/org/jabref/gui/customentrytypes/EntryTypeList.java,jvm,1,0
68ea6c871eadc8453006e510072cb7446d9c7e9c,duduoliverio/jabRefImproved,src/main/java/org/jabref/gui/customentrytypes/FieldSetComponent.java,jvm,1,0
68ea6c871eadc8453006e510072cb7446d9c7e9c,duduoliverio/jabRefImproved,src/main/java/org/jabref/gui/desktop/JabRefDesktop.java,jvm,1,0
68ea6c871eadc8453006e510072cb7446d9c7e9c,duduoliverio/jabRefImproved,src/main/java/org/jabref/gui/desktop/os/Linux.java,jvm,1,0
68ea6c871eadc8453006e510072cb7446d9c7e9c,duduoliverio/jabRefImproved,src/main/java/org/jabref/gui/entryeditor/FieldExtraComponents.java,jvm,1,0
68ea6c871eadc8453006e510072cb7446d9c7e9c,duduoliverio/jabRefImproved,src/main/java/org/jabref/gui/entryeditor/FileAnnotationTab.java,jvm,1,0
68ea6c871eadc8453006e510072cb7446d9c7e9c,duduoliverio/jabRefImproved,src/main/java/org/jabref/gui/exporter/ExportFileFilter.java,jvm,1,0
68ea6c871eadc8453006e510072cb7446d9c7e9c,duduoliverio/jabRefImproved,src/main/java/org/jabref/gui/externalfiletype/ExternalFileMenuItem.java,jvm,1,0
68ea6c871eadc8453006e510072cb7446d9c7e9c,duduoliverio/jabRefImproved,src/main/java/org/jabref/gui/externalfiletype/ExternalFileTypes.java,jvm,1,0
68ea6c871eadc8453006e510072cb7446d9c7e9c,duduoliverio/jabRefImproved,src/main/java/org/jabref/gui/groups/AutoGroupDialog.java,jvm,1,0
68ea6c871eadc8453006e510072cb7446d9c7e9c,duduoliverio/jabRefImproved,src/main/java/org/jabref/gui/groups/WarnAssignmentSideEffects.java,jvm,1,0
68ea6c871eadc8453006e510072cb7446d9c7e9c,duduoliverio/jabRefImproved,src/main/java/org/jabref/gui/importer/EntryFromPDFCreator.java,jvm,1,0
68ea6c871eadc8453006e510072cb7446d9c7e9c,duduoliverio/jabRefImproved,src/main/java/org/jabref/gui/importer/fetcher/IEEEXploreFetcher.java,jvm,1,0
68ea6c871eadc8453006e510072cb7446d9c7e9c,duduoliverio/jabRefImproved,src/main/java/org/jabref/gui/keyboard/EmacsKeyBindings.java,jvm,1,0
68ea6c871eadc8453006e510072cb7446d9c7e9c,duduoliverio/jabRefImproved,src/main/java/org/jabref/gui/maintable/MainTable.java,jvm,1,0
68ea6c871eadc8453006e510072cb7446d9c7e9c,duduoliverio/jabRefImproved,src/main/java/org/jabref/gui/maintable/MainTableSelectionListener.java,jvm,1,0
68ea6c871eadc8453006e510072cb7446d9c7e9c,duduoliverio/jabRefImproved,src/main/java/org/jabref/gui/maintable/PersistenceTableColumnListener.java,jvm,1,0
68ea6c871eadc8453006e510072cb7446d9c7e9c,duduoliverio/jabRefImproved,src/main/java/org/jabref/gui/preftabs/TableColumnsTab.java,jvm,1,0
68ea6c871eadc8453006e510072cb7446d9c7e9c,duduoliverio/jabRefImproved,src/main/java/org/jabref/gui/preftabs/TablePrefsTab.java,jvm,1,0
68ea6c871eadc8453006e510072cb7446d9c7e9c,duduoliverio/jabRefImproved,src/main/java/org/jabref/logic/autocompleter/AbstractAutoCompleter.java,jvm,1,0
68ea6c871eadc8453006e510072cb7446d9c7e9c,duduoliverio/jabRefImproved,src/main/java/org/jabref/logic/autocompleter/NameFieldAutoCompleter.java,jvm,1,0
68ea6c871eadc8453006e510072cb7446d9c7e9c,duduoliverio/jabRefImproved,src/main/java/org/jabref/logic/bibtex/BibEntryWriter.java,jvm,1,0
68ea6c871eadc8453006e510072cb7446d9c7e9c,duduoliverio/jabRefImproved,src/main/java/org/jabref/logic/bibtex/comparator/BibtexStringComparator.java,jvm,1,0
68ea6c871eadc8453006e510072cb7446d9c7e9c,duduoliverio/jabRefImproved,src/main/java/org/jabref/logic/bibtex/comparator/EntryComparator.java,jvm,1,0
68ea6c871eadc8453006e510072cb7446d9c7e9c,duduoliverio/jabRefImproved,src/main/java/org/jabref/logic/bst/BibtexCaseChanger.java,jvm,1,0
68ea6c871eadc8453006e510072cb7446d9c7e9c,duduoliverio/jabRefImproved,src/main/java/org/jabref/logic/bst/BibtexNameFormatter.java,jvm,1,0
68ea6c871eadc8453006e510072cb7446d9c7e9c,duduoliverio/jabRefImproved,src/main/java/org/jabref/logic/bst/ChangeCaseFunction.java,jvm,1,0
68ea6c871eadc8453006e510072cb7446d9c7e9c,duduoliverio/jabRefImproved,src/main/java/org/jabref/logic/formatter/casechanger/Word.java,jvm,1,0
68ea6c871eadc8453006e510072cb7446d9c7e9c,duduoliverio/jabRefImproved,src/main/java/org/jabref/logic/importer/MimeTypeDetector.java,jvm,1,0
68ea6c871eadc8453006e510072cb7446d9c7e9c,duduoliverio/jabRefImproved,src/main/java/org/jabref/logic/importer/fileformat/BiblioscapeImporter.java,jvm,1,0
68ea6c871eadc8453006e510072cb7446d9c7e9c,duduoliverio/jabRefImproved,src/main/java/org/jabref/logic/importer/fileformat/BibtexParser.java,jvm,1,0
68ea6c871eadc8453006e510072cb7446d9c7e9c,duduoliverio/jabRefImproved,src/main/java/org/jabref/logic/importer/fileformat/IsiImporter.java,jvm,1,0
68ea6c871eadc8453006e510072cb7446d9c7e9c,duduoliverio/jabRefImproved,src/main/java/org/jabref/logic/importer/fileformat/MrDLibImporter.java,jvm,1,0
68ea6c871eadc8453006e510072cb7446d9c7e9c,duduoliverio/jabRefImproved,src/main/java/org/jabref/logic/importer/fileformat/PdfContentImporter.java,jvm,1,0
68ea6c871eadc8453006e510072cb7446d9c7e9c,duduoliverio/jabRefImproved,src/main/java/org/jabref/logic/importer/fileformat/SilverPlatterImporter.java,jvm,1,0
68ea6c871eadc8453006e510072cb7446d9c7e9c,duduoliverio/jabRefImproved,src/main/java/org/jabref/logic/integrity/PersonNamesChecker.java,jvm,1,0
68ea6c871eadc8453006e510072cb7446d9c7e9c,duduoliverio/jabRefImproved,src/main/java/org/jabref/logic/layout/LayoutHelper.java,jvm,1,0
68ea6c871eadc8453006e510072cb7446d9c7e9c,duduoliverio/jabRefImproved,src/main/java/org/jabref/logic/layout/format/Authors.java,jvm,1,0
68ea6c871eadc8453006e510072cb7446d9c7e9c,duduoliverio/jabRefImproved,src/main/java/org/jabref/logic/layout/format/Iso690NamesAuthors.java,jvm,1,0
68ea6c871eadc8453006e510072cb7446d9c7e9c,duduoliverio/jabRefImproved,src/main/java/org/jabref/logic/layout/format/RisMonth.java,jvm,1,0
68ea6c871eadc8453006e510072cb7446d9c7e9c,duduoliverio/jabRefImproved,src/main/java/org/jabref/logic/layout/format/ToLowerCase.java,jvm,1,0
68ea6c871eadc8453006e510072cb7446d9c7e9c,duduoliverio/jabRefImproved,src/main/java/org/jabref/logic/layout/format/ToUpperCase.java,jvm,1,0
68ea6c871eadc8453006e510072cb7446d9c7e9c,duduoliverio/jabRefImproved,src/main/java/org/jabref/logic/net/ProxyAuthenticator.java,jvm,1,0
68ea6c871eadc8453006e510072cb7446d9c7e9c,duduoliverio/jabRefImproved,src/main/java/org/jabref/logic/pdf/EntryAnnotationImporter.java,jvm,1,0
68ea6c871eadc8453006e510072cb7446d9c7e9c,duduoliverio/jabRefImproved,src/main/java/org/jabref/logic/util/BuildInfo.java,jvm,1,0
68ea6c871eadc8453006e510072cb7446d9c7e9c,duduoliverio/jabRefImproved,src/main/java/org/jabref/logic/util/OS.java,jvm,1,0
68ea6c871eadc8453006e510072cb7446d9c7e9c,duduoliverio/jabRefImproved,src/main/java/org/jabref/logic/util/io/FileUtil.java,jvm,1,0
68ea6c871eadc8453006e510072cb7446d9c7e9c,duduoliverio/jabRefImproved,src/main/java/org/jabref/model/DuplicateCheck.java,jvm,1,0
68ea6c871eadc8453006e510072cb7446d9c7e9c,duduoliverio/jabRefImproved,src/main/java/org/jabref/model/EntryTypes.java,jvm,1,0
68ea6c871eadc8453006e510072cb7446d9c7e9c,duduoliverio/jabRefImproved,src/main/java/org/jabref/model/entry/AuthorList.java,jvm,1,0
68ea6c871eadc8453006e510072cb7446d9c7e9c,duduoliverio/jabRefImproved,src/main/java/org/jabref/model/entry/AuthorListParser.java,jvm,1,0
68ea6c871eadc8453006e510072cb7446d9c7e9c,duduoliverio/jabRefImproved,src/main/java/org/jabref/model/entry/BibtexString.java,jvm,1,0
68ea6c871eadc8453006e510072cb7446d9c7e9c,duduoliverio/jabRefImproved,src/main/java/org/jabref/model/search/rules/ContainBasedSearchRule.java,jvm,1,0
68ea6c871eadc8453006e510072cb7446d9c7e9c,duduoliverio/jabRefImproved,src/main/java/org/jabref/model/search/rules/RegexBasedSearchRule.java,jvm,1,0
68ea6c871eadc8453006e510072cb7446d9c7e9c,duduoliverio/jabRefImproved,src/main/java/org/jabref/model/strings/StringUtil.java,jvm,1,0
68ea6c871eadc8453006e510072cb7446d9c7e9c,duduoliverio/jabRefImproved,src/main/java/org/jabref/pdfimport/PdfImporter.java,jvm,1,0
68ea6c871eadc8453006e510072cb7446d9c7e9c,duduoliverio/jabRefImproved,src/main/java/org/jabref/shared/DBMSProcessor.java,jvm,1,0
699b2ae4fca3c2863de78b30051ba8ba3e98a016,Mini-IT/SnipeUnityPackage,Runtime/Snipe.Unity/Communicator/API/Tables/Internal/SnipeTableStreamingAssetsLoader.cs,dotnet,1,0
699b2ae4fca3c2863de78b30051ba8ba3e98a016,Mini-IT/SnipeUnityPackage,Runtime/Snipe.Unity/Communicator/API/Tables/TablesLoader.cs,dotnet,1,0
699b2ae4fca3c2863de78b30051ba8ba3e98a016,Mini-IT/SnipeUnityPackage,Runtime/Snipe.Unity/Communicator/Auth/AuthIdFetchers/AmazonIdFetcher.cs,dotnet,1,0
699b2ae4fca3c2863de78b30051ba8ba3e98a016,Mini-IT/SnipeUnityPackage,Runtime/Snipe.Unity/Communicator/Auth/AuthIdFetchers/DeviceIdFetcher.cs,dotnet,1,0
699b2ae4fca3c2863de78b30051ba8ba3e98a016,Mini-IT/SnipeUnityPackage,Runtime/Snipe/Communicator/Common/SnipeConfig.cs,dotnet,1,0
6a82a84b10a8073f262ea53d7f8e01fa6cbfca08,sg-evals/aspnetcore--87525573,src/Mvc/benchmarkapps/BasicApi/Startup.cs,dotnet,1,0
6a82a84b10a8073f262ea53d7f8e01fa6cbfca08,sg-evals/aspnetcore--87525573,src/Mvc/benchmarkapps/BasicViews/Startup.cs,dotnet,1,0
6b3c726472a60849979c9fada8fe65177d9f84e3,aidentZhang/jboss-as,domain-http/interface/src/main/java/org/jboss/as/domain/http/server/DomainApiHandler.java,jvm,1,0
6b3c726472a60849979c9fada8fe65177d9f84e3,aidentZhang/jboss-as,ee/src/main/java/org/jboss/as/ee/utils/InjectionUtils.java,jvm,1,0
6b3c726472a60849979c9fada8fe65177d9f84e3,aidentZhang/jboss-as,jacorb/src/main/java/org/jboss/as/jacorb/JacORBSubsystemAdd.java,jvm,1,0
6b3c726472a60849979c9fada8fe65177d9f84e3,aidentZhang/jboss-as,osgi/service/src/main/java/org/jboss/as/osgi/parser/ActivationAttributeHandler.java,jvm,1,1
6b3c726472a60849979c9fada8fe65177d9f84e3,aidentZhang/jboss-as,osgi/service/src/main/java/org/jboss/as/osgi/parser/OSGiSubsystemAdd.java,jvm,1,0
6b3c726472a60849979c9fada8fe65177d9f84e3,aidentZhang/jboss-as,pojo/src/main/java/org/jboss/as/pojo/descriptor/KernelDeploymentXmlDescriptorParser.java,jvm,1,0
6b3c726472a60849979c9fada8fe65177d9f84e3,aidentZhang/jboss-as,remoting/src/main/java/org/jboss/as/remoting/RemotingExtension.java,jvm,1,0
6b3c726472a60849979c9fada8fe65177d9f84e3,aidentZhang/jboss-as,remoting/src/main/java/org/jboss/as/remoting/RemotingSubsystem11Parser.java,jvm,1,0
6b3c726472a60849979c9fada8fe65177d9f84e3,aidentZhang/jboss-as,security/src/main/java/org/jboss/as/security/SecurityDomainAdd.java,jvm,1,0
6b3c726472a60849979c9fada8fe65177d9f84e3,aidentZhang/jboss-as,subsystem-test/src/main/java/org/jboss/as/subsystem/test/ModelDescriptionValidator.java,jvm,1,0
6b3c726472a60849979c9fada8fe65177d9f84e3,aidentZhang/jboss-as,testsuite/domain/src/test/java/org/jboss/as/test/integration/domain/management/util/DomainLifecycleUtil.java,jvm,1,0
6b3c726472a60849979c9fada8fe65177d9f84e3,aidentZhang/jboss-as,threads/src/main/java/org/jboss/as/threads/ThreadsParser.java,jvm,1,1
6b3c726472a60849979c9fada8fe65177d9f84e3,aidentZhang/jboss-as,webservices/server-integration/src/main/java/org/jboss/as/webservices/webserviceref/WSRefAnnotationProcessor.java,jvm,1,1
6c19db295fc77a7d5de97964712b3d2a39267435,spannm/jackcess,src/main/java/io/github/spannm/jackcess/impl/DatabaseImpl.java,jvm,1,1
6d8fb7474c3d112cf3af237665725273a3a5106c,undertow-io/undertow-ee,servlet/src/main/java/io/undertow/servlet/api/DeploymentInfo.java,jvm,1,0
6d8fb7474c3d112cf3af237665725273a3a5106c,undertow-io/undertow-ee,servlet/src/main/java/io/undertow/servlet/core/DeploymentManagerImpl.java,jvm,1,0
6e7979875e0daa1fde8e52d17bcfb188497a521f,ironrhino/ironrhino,src/org/ironrhino/batch/component/BatchSchemaSetup.java,jvm,1,0
6e7979875e0daa1fde8e52d17bcfb188497a521f,ironrhino/ironrhino,src/org/ironrhino/common/action/UploadAction.java,jvm,1,0
6e7979875e0daa1fde8e52d17bcfb188497a521f,ironrhino/ironrhino,src/org/ironrhino/core/jdbc/DatabaseProduct.java,jvm,1,0
6e7979875e0daa1fde8e52d17bcfb188497a521f,ironrhino/ironrhino,src/org/ironrhino/core/jdbc/JdbcQueryService.java,jvm,1,0
6e7979875e0daa1fde8e52d17bcfb188497a521f,ironrhino/ironrhino,src/org/ironrhino/core/jdbc/JdbcUpdateService.java,jvm,1,0
6e7979875e0daa1fde8e52d17bcfb188497a521f,ironrhino/ironrhino,src/org/ironrhino/core/log4j/SimpleMergeStrategy.java,jvm,1,0
6e7979875e0daa1fde8e52d17bcfb188497a521f,ironrhino/ironrhino,src/org/ironrhino/core/search/elasticsearch/IndexManagerImpl.java,jvm,1,0
6e7979875e0daa1fde8e52d17bcfb188497a521f,ironrhino/ironrhino,src/org/ironrhino/core/sequence/cyclic/DatabaseCyclicSequenceDelegate.java,jvm,1,0
6e7979875e0daa1fde8e52d17bcfb188497a521f,ironrhino/ironrhino,src/org/ironrhino/core/sequence/simple/DatabaseSimpleSequenceDelegate.java,jvm,1,0
6e7979875e0daa1fde8e52d17bcfb188497a521f,ironrhino/ironrhino,src/org/ironrhino/core/servlet/OptimizeTrafficFilter.java,jvm,1,0
6e7979875e0daa1fde8e52d17bcfb188497a521f,ironrhino/ironrhino,src/org/ironrhino/core/session/WrappedHttpServletRequest.java,jvm,1,0
6e7979875e0daa1fde8e52d17bcfb188497a521f,ironrhino/ironrhino,src/org/ironrhino/core/struts/EntityClassHelper.java,jvm,1,0
6e7979875e0daa1fde8e52d17bcfb188497a521f,ironrhino/ironrhino,src/org/ironrhino/core/struts/result/DynamicReportsResult.java,jvm,1,0
6e7979875e0daa1fde8e52d17bcfb188497a521f,ironrhino/ironrhino,src/org/ironrhino/core/struts/result/JasperReportsResult.java,jvm,1,0
6e7979875e0daa1fde8e52d17bcfb188497a521f,ironrhino/ironrhino,src/org/ironrhino/core/util/RequestUtils.java,jvm,1,0
6e7979875e0daa1fde8e52d17bcfb188497a521f,ironrhino/ironrhino,src/org/ironrhino/core/util/StringUtils.java,jvm,1,0
6e7979875e0daa1fde8e52d17bcfb188497a521f,ironrhino/ironrhino,src/org/ironrhino/core/util/UserAgent.java,jvm,1,0
6e7979875e0daa1fde8e52d17bcfb188497a521f,ironrhino/ironrhino,src/org/ironrhino/rest/client/RestClient.java,jvm,1,0
6e7979875e0daa1fde8e52d17bcfb188497a521f,ironrhino/ironrhino,src/org/ironrhino/rest/client/RestTemplate.java,jvm,1,0
6e7979875e0daa1fde8e52d17bcfb188497a521f,ironrhino/ironrhino,src/org/ironrhino/security/action/UserAction.java,jvm,1,0
6e7979875e0daa1fde8e52d17bcfb188497a521f,ironrhino/ironrhino,src/org/ironrhino/security/oauth/client/service/AbstractOAuthProvider.java,jvm,1,0
6e7979875e0daa1fde8e52d17bcfb188497a521f,ironrhino/ironrhino,src/org/ironrhino/security/oauth/client/service/OAuth1Provider.java,jvm,1,0
6e7979875e0daa1fde8e52d17bcfb188497a521f,ironrhino/ironrhino,src/org/ironrhino/security/oauth/server/component/OAuthHandler.java,jvm,1,0
6e7979875e0daa1fde8e52d17bcfb188497a521f,ironrhino/ironrhino,src/org/ironrhino/security/service/UserManagerImpl.java,jvm,1,0
6e7979875e0daa1fde8e52d17bcfb188497a521f,ironrhino/ironrhino,test/src/org/ironrhino/core/util/JsonUtilsTest.java,jvm,1,0
70757b1cbb035577dc6e3e7f096a8d1e19881713,bmarwell/proximo-pitido,war/src/main/java/de/bmarwell/proximo/pitido/war/media/SdpNegotiator.java,jvm,1,0
70cafc168cd5d27e85986d16a59ddc529f188df0,orgTestCodacy11KRepos110MB/repo-6626-EDDiscovery,BaseUtils/Files/CSVRead.cs,dotnet,1,0
70cafc168cd5d27e85986d16a59ddc529f188df0,orgTestCodacy11KRepos110MB/repo-6626-EDDiscovery,ExtendedControls/Forms/ConfigurableForm.cs,dotnet,1,0
70cafc168cd5d27e85986d16a59ddc529f188df0,orgTestCodacy11KRepos110MB/repo-6626-EDDiscovery,TestExtendedControls/Program.cs,dotnet,1,0
70cafc168cd5d27e85986d16a59ddc529f188df0,orgTestCodacy11KRepos110MB/repo-6626-EDDiscovery,TestExtendedControls/TestForm.cs,dotnet,1,0
70cafc168cd5d27e85986d16a59ddc529f188df0,orgTestCodacy11KRepos110MB/repo-6626-EDDiscovery,TestNetLogEntry/CorolisData.cs,dotnet,1,0
70cafc168cd5d27e85986d16a59ddc529f188df0,orgTestCodacy11KRepos110MB/repo-6626-EDDiscovery,TestNetLogEntry/FrontierData.cs,dotnet,1,0
70cafc168cd5d27e85986d16a59ddc529f188df0,orgTestCodacy11KRepos110MB/repo-6626-EDDiscovery,TestNetLogEntry/Program.cs,dotnet,1,0
70df4e1b45f925afd4857cd9f0b3bbce0e4bbfd2,dlbattle123/bndtools-fork,aQute.libg/src/aQute/lib/converter/Converter.java,jvm,1,0
70df4e1b45f925afd4857cd9f0b3bbce0e4bbfd2,dlbattle123/bndtools-fork,aQute.libg/src/aQute/lib/getopt/CommandLine.java,jvm,1,0
70df4e1b45f925afd4857cd9f0b3bbce0e4bbfd2,dlbattle123/bndtools-fork,aQute.libg/src/aQute/lib/xpath/XPathParser.java,jvm,1,0
70df4e1b45f925afd4857cd9f0b3bbce0e4bbfd2,dlbattle123/bndtools-fork,aQute.libg/src/aQute/libg/classdump/ClassDumper.java,jvm,1,0
70df4e1b45f925afd4857cd9f0b3bbce0e4bbfd2,dlbattle123/bndtools-fork,aQute.libg/src/aQute/libg/shacache/ShaCache.java,jvm,1,0
70df4e1b45f925afd4857cd9f0b3bbce0e4bbfd2,dlbattle123/bndtools-fork,aQute.libg/test/aQute/lib/hex/HexTest.java,jvm,1,0
70df4e1b45f925afd4857cd9f0b3bbce0e4bbfd2,dlbattle123/bndtools-fork,biz.aQute.bnd.exporters/src/aQute/bnd/exporter/subsystem/ContainerType.java,jvm,1,0
70df4e1b45f925afd4857cd9f0b3bbce0e4bbfd2,dlbattle123/bndtools-fork,biz.aQute.bnd.exporters/src/aQute/bnd/exporter/subsystem/EsaArchiveType.java,jvm,1,0
70df4e1b45f925afd4857cd9f0b3bbce0e4bbfd2,dlbattle123/bndtools-fork,biz.aQute.bnd.runtime/src/aQute/bnd/runtime/gogo/Log.java,jvm,1,0
70df4e1b45f925afd4857cd9f0b3bbce0e4bbfd2,dlbattle123/bndtools-fork,biz.aQute.bnd.runtime/src/aQute/bnd/runtime/snapshot/Snapshot.java,jvm,1,0
70df4e1b45f925afd4857cd9f0b3bbce0e4bbfd2,dlbattle123/bndtools-fork,biz.aQute.bnd/src/aQute/bnd/main/bnd.java,jvm,1,2
70df4e1b45f925afd4857cd9f0b3bbce0e4bbfd2,dlbattle123/bndtools-fork,biz.aQute.bndlib.comm.tests/test/aQute/bnd/comm/tests/SettingsParserTest.java,jvm,1,0
70df4e1b45f925afd4857cd9f0b3bbce0e4bbfd2,dlbattle123/bndtools-fork,biz.aQute.bndlib.tests/test/test/lib/NanoHTTPD.java,jvm,1,0
70df4e1b45f925afd4857cd9f0b3bbce0e4bbfd2,dlbattle123/bndtools-fork,biz.aQute.bndlib/src/aQute/bnd/build/Project.java,jvm,1,1
70df4e1b45f925afd4857cd9f0b3bbce0e4bbfd2,dlbattle123/bndtools-fork,biz.aQute.bndlib/src/aQute/bnd/build/Workspace.java,jvm,1,1
70df4e1b45f925afd4857cd9f0b3bbce0e4bbfd2,dlbattle123/bndtools-fork,biz.aQute.bndlib/src/aQute/bnd/build/model/BndEditModel.java,jvm,1,0
70df4e1b45f925afd4857cd9f0b3bbce0e4bbfd2,dlbattle123/bndtools-fork,biz.aQute.bndlib/src/aQute/bnd/compatibility/Access.java,jvm,1,0
70df4e1b45f925afd4857cd9f0b3bbce0e4bbfd2,dlbattle123/bndtools-fork,biz.aQute.bndlib/src/aQute/bnd/compatibility/Kind.java,jvm,1,0
70df4e1b45f925afd4857cd9f0b3bbce0e4bbfd2,dlbattle123/bndtools-fork,biz.aQute.bndlib/src/aQute/bnd/component/HeaderReader.java,jvm,1,0
70df4e1b45f925afd4857cd9f0b3bbce0e4bbfd2,dlbattle123/bndtools-fork,biz.aQute.bndlib/src/aQute/bnd/connection/settings/ConnectionSettings.java,jvm,1,0
70df4e1b45f925afd4857cd9f0b3bbce0e4bbfd2,dlbattle123/bndtools-fork,biz.aQute.bndlib/src/aQute/bnd/http/HttpClient.java,jvm,1,0
70df4e1b45f925afd4857cd9f0b3bbce0e4bbfd2,dlbattle123/bndtools-fork,biz.aQute.bndlib/src/aQute/bnd/http/HttpRequest.java,jvm,1,0
70df4e1b45f925afd4857cd9f0b3bbce0e4bbfd2,dlbattle123/bndtools-fork,biz.aQute.bndlib/src/aQute/bnd/maven/MavenDependencyGraph.java,jvm,1,0
70df4e1b45f925afd4857cd9f0b3bbce0e4bbfd2,dlbattle123/bndtools-fork,biz.aQute.bndlib/src/aQute/bnd/maven/support/MavenEntry.java,jvm,1,0
70df4e1b45f925afd4857cd9f0b3bbce0e4bbfd2,dlbattle123/bndtools-fork,biz.aQute.bndlib/src/aQute/bnd/osgi/Analyzer.java,jvm,1,0
70df4e1b45f925afd4857cd9f0b3bbce0e4bbfd2,dlbattle123/bndtools-fork,biz.aQute.bndlib/src/aQute/bnd/osgi/AnnotationHeaders.java,jvm,1,0
70df4e1b45f925afd4857cd9f0b3bbce0e4bbfd2,dlbattle123/bndtools-fork,biz.aQute.bndlib/src/aQute/bnd/osgi/Builder.java,jvm,1,0
70df4e1b45f925afd4857cd9f0b3bbce0e4bbfd2,dlbattle123/bndtools-fork,biz.aQute.bndlib/src/aQute/bnd/osgi/Domain.java,jvm,1,0
70df4e1b45f925afd4857cd9f0b3bbce0e4bbfd2,dlbattle123/bndtools-fork,biz.aQute.bndlib/src/aQute/bnd/osgi/Macro.java,jvm,1,0
70df4e1b45f925afd4857cd9f0b3bbce0e4bbfd2,dlbattle123/bndtools-fork,biz.aQute.bndlib/src/aQute/bnd/osgi/OSInformation.java,jvm,1,0
70df4e1b45f925afd4857cd9f0b3bbce0e4bbfd2,dlbattle123/bndtools-fork,biz.aQute.bndlib/src/aQute/bnd/osgi/PermissionGenerator.java,jvm,1,0
70df4e1b45f925afd4857cd9f0b3bbce0e4bbfd2,dlbattle123/bndtools-fork,biz.aQute.bndlib/src/aQute/bnd/osgi/Processor.java,jvm,1,0
70df4e1b45f925afd4857cd9f0b3bbce0e4bbfd2,dlbattle123/bndtools-fork,biz.aQute.bndlib/src/aQute/bnd/osgi/Verifier.java,jvm,1,0
70df4e1b45f925afd4857cd9f0b3bbce0e4bbfd2,dlbattle123/bndtools-fork,biz.aQute.bndlib/src/aQute/bnd/resource/repository/ResourceRepositoryImpl.java,jvm,1,0
70df4e1b45f925afd4857cd9f0b3bbce0e4bbfd2,dlbattle123/bndtools-fork,biz.aQute.repository/src/aQute/bnd/deployer/repository/LocalIndexedRepo.java,jvm,1,0
70df4e1b45f925afd4857cd9f0b3bbce0e4bbfd2,dlbattle123/bndtools-fork,biz.aQute.repository/src/aQute/bnd/repository/maven/provider/IndexFile.java,jvm,1,1
70df4e1b45f925afd4857cd9f0b3bbce0e4bbfd2,dlbattle123/bndtools-fork,biz.aQute.repository/src/aQute/bnd/repository/maven/provider/MavenBndRepository.java,jvm,1,0
70df4e1b45f925afd4857cd9f0b3bbce0e4bbfd2,dlbattle123/bndtools-fork,biz.aQute.repository/src/aQute/maven/api/MavenScope.java,jvm,1,0
70df4e1b45f925afd4857cd9f0b3bbce0e4bbfd2,dlbattle123/bndtools-fork,biz.aQute.repository/test/aQute/bnd/deployer/repository/CachingUriResourceHandlerTest.java,jvm,1,0
70df4e1b45f925afd4857cd9f0b3bbce0e4bbfd2,dlbattle123/bndtools-fork,biz.aQute.repository/test/aQute/bnd/repository/p2/provider/P2IndexerTest.java,jvm,1,0
70df4e1b45f925afd4857cd9f0b3bbce0e4bbfd2,dlbattle123/bndtools-fork,biz.aQute.repository/test/aQute/maven/provider/RemoteRepoTest.java,jvm,1,0
70df4e1b45f925afd4857cd9f0b3bbce0e4bbfd2,dlbattle123/bndtools-fork,biz.aQute.repository/test/test/lib/NanoHTTPD.java,jvm,1,0
70df4e1b45f925afd4857cd9f0b3bbce0e4bbfd2,dlbattle123/bndtools-fork,bndtools.core/src/bndtools/editor/contents/GeneralInfoPart.java,jvm,1,0
70df4e1b45f925afd4857cd9f0b3bbce0e4bbfd2,dlbattle123/bndtools-fork,bndtools.core/src/bndtools/editor/pkgpatterns/PkgPatternsProposalProvider.java,jvm,1,0
70df4e1b45f925afd4857cd9f0b3bbce0e4bbfd2,dlbattle123/bndtools-fork,bndtools.core/src/bndtools/refactor/PkgRenameParticipant.java,jvm,1,0
70df4e1b45f925afd4857cd9f0b3bbce0e4bbfd2,dlbattle123/bndtools-fork,bndtools.core/src/bndtools/views/resolution/ResolutionView.java,jvm,1,0
70df4e1b45f925afd4857cd9f0b3bbce0e4bbfd2,dlbattle123/bndtools-fork,bndtools.core/src/bndtools/wizards/repo/RepoBundleSelectionWizardPage.java,jvm,1,0
70df4e1b45f925afd4857cd9f0b3bbce0e4bbfd2,dlbattle123/bndtools-fork,bndtools.core/test/org/bndtools/core/templating/repobased/ReposTemplateLoaderTest.java,jvm,1,0
70df4e1b45f925afd4857cd9f0b3bbce0e4bbfd2,dlbattle123/bndtools-fork,bndtools.jareditor/src/bndtools/jareditor/internal/JARPrintPage.java,jvm,1,0
70df4e1b45f925afd4857cd9f0b3bbce0e4bbfd2,dlbattle123/bndtools-fork,bndtools.release/src/bndtools/release/ui/InfoLabelProvider.java,jvm,1,0
70df4e1b45f925afd4857cd9f0b3bbce0e4bbfd2,dlbattle123/bndtools-fork,bndtools.release/src/bndtools/release/ui/TreeLabelProvider.java,jvm,1,0
711615128cf86bc0264c2f71211f38df35ef3a24,totodo713/miometory,backend/src/main/java/com/worklog/infrastructure/csv/MemberCsvProcessor.java,jvm,1,0
711615128cf86bc0264c2f71211f38df35ef3a24,totodo713/miometory,backend/src/main/java/com/worklog/infrastructure/csv/MemberCsvValidationService.java,jvm,1,0
711615128cf86bc0264c2f71211f38df35ef3a24,totodo713/miometory,backend/src/main/java/com/worklog/infrastructure/repository/JdbcMemberRepository.java,jvm,1,0
716dbb316d88c9e3268e71c095c15121b57480ea,TronLink/tronlink-android-core,core/src/main/java/org/tron/common/crypto/StructuredDataEncoder.java,jvm,1,0
716dbb316d88c9e3268e71c095c15121b57480ea,TronLink/tronlink-android-core,core/src/main/java/org/tron/common/crypto/Utils.java,jvm,1,0
716dbb316d88c9e3268e71c095c15121b57480ea,TronLink/tronlink-android-core,core/src/main/java/org/tron/common/crypto/datatypes/AbiTypes.java,jvm,1,0
716dbb316d88c9e3268e71c095c15121b57480ea,TronLink/tronlink-android-core,core/src/main/java/org/tron/common/crypto/datatypes/primitive/PrimitiveType.java,jvm,1,0
71dd2e10b5fd24dd6c7eeae8817d11b81ef8f0ff,vanym/paniclecraft,src/main/java/com/vanym/paniclecraft/command/CommandVersion.java,jvm,1,0
71dd2e10b5fd24dd6c7eeae8817d11b81ef8f0ff,vanym/paniclecraft,src/main/java/com/vanym/paniclecraft/core/Version.java,jvm,1,0
71dd2e10b5fd24dd6c7eeae8817d11b81ef8f0ff,vanym/paniclecraft,src/main/java/com/vanym/paniclecraft/core/component/advsign/AdvSignForm.java,jvm,1,0
71dd2e10b5fd24dd6c7eeae8817d11b81ef8f0ff,vanym/paniclecraft,src/main/java/com/vanym/paniclecraft/plugins/computercraft/PaintingFramePeripheral.java,jvm,1,0
71e6dc7526f1c1d991707503f6389ca28c223bb1,identigon/identigon,alterego/src/test/java/org/identigon/alterego/ValueCodecsTest.java,jvm,1,0
71e6dc7526f1c1d991707503f6389ca28c223bb1,identigon/identigon,incognito/src/main/java/org/identigon/incognito/core/IncognitoCleanUpHandler.java,jvm,1,0
71e6dc7526f1c1d991707503f6389ca28c223bb1,identigon/identigon,incognito/src/main/java/org/identigon/incognito/core/TableTransformLoadStage.java,jvm,1,0
71e6dc7526f1c1d991707503f6389ca28c223bb1,identigon/identigon,incognito/src/main/java/org/identigon/incognito/policy/YamlPolicyParser.java,jvm,1,0
726e127714c4886075a23d2fd8f31998d9d727ff,eincioch/microsoft-authentication-library-for-dotnet,adal/tests/Test.ADAL.NET.Unit.net45/TokenCacheTests.cs,dotnet,1,0
726e127714c4886075a23d2fd8f31998d9d727ff,eincioch/microsoft-authentication-library-for-dotnet,core/src/Cache/Keys/MsalAccountCacheKey.cs,dotnet,1,0
726e127714c4886075a23d2fd8f31998d9d727ff,eincioch/microsoft-authentication-library-for-dotnet,core/src/Cache/MsalCacheCommon.cs,dotnet,1,0
726e127714c4886075a23d2fd8f31998d9d727ff,eincioch/microsoft-authentication-library-for-dotnet,msal/tests/Test.MSAL.NET.Unit.net45/CacheTests/TokenCacheTests.cs,dotnet,1,0
733f8ca2d9c49564b17096cfe165e2d8d2af2461,leancodepl/corelibrary,src/Tools/LeanCode.ContractsGenerator/Languages/Dart/DartVisitor.cs,dotnet,1,0
747868323eaa1c228483803477715518483cf238,hakancenkkalinoglu/ts-study,backend/src/main/java/com/testpsikolog/service/ClientService.java,jvm,1,0
75b583ac9d790843c29a79811349e62923b4cd14,sekelsta/horse-colors,src/main/java/horse_colors/client/renderer/TextureLayer.java,jvm,1,0
75b583ac9d790843c29a79811349e62923b4cd14,sekelsta/horse-colors,src/main/java/horse_colors/client/renderer/TextureLayerGroup.java,jvm,1,0
75e19ca2810cf28fc331863de848ccddf6369432,ArkansasIo/java-game-engine,OpenRA.Mods.RA/Console/ChatCommands.cs,dotnet,1,0
75e19ca2810cf28fc331863de848ccddf6369432,ArkansasIo/java-game-engine,OpenRA.Mods.RA/Lint/CheckSequences.cs,dotnet,1,0
75e19ca2810cf28fc331863de848ccddf6369432,ArkansasIo/java-game-engine,OpenRA.Mods.RA/Minelayer.cs,dotnet,1,0
75e19ca2810cf28fc331863de848ccddf6369432,ArkansasIo/java-game-engine,OpenRA.Mods.RA/Orders/PlaceBuildingOrderGenerator.cs,dotnet,1,0
75e19ca2810cf28fc331863de848ccddf6369432,ArkansasIo/java-game-engine,OpenRA.Mods.RA/SupportPowers/ChronoshiftPower.cs,dotnet,1,0
75f137e760b36f9d638094a180a739c7ea4e7f3a,Quotraders/QBot,src/BotCore/Services/ControllerOptionsService.cs,dotnet,1,0
75f137e760b36f9d638094a180a739c7ea4e7f3a,Quotraders/QBot,src/BotCore/Services/ExecutionCostConfigService.cs,dotnet,1,0
75f137e760b36f9d638094a180a739c7ea4e7f3a,Quotraders/QBot,src/BotCore/Services/RiskConfigService.cs,dotnet,1,0
75f137e760b36f9d638094a180a739c7ea4e7f3a,Quotraders/QBot,src/BotCore/Services/RollConfigService.cs,dotnet,1,0
75f137e760b36f9d638094a180a739c7ea4e7f3a,Quotraders/QBot,src/BotCore/Services/SizerConfigService.cs,dotnet,1,0
767fd17e5f22856f0a62c8d63b9f36c6cc54a159,kisimediaDE/capacitor-widget-image-store,android/src/main/java/de/kisimedia/plugins/widgetimagestore/WidgetImageStore.java,jvm,1,0
76b87f373d1aac72d1f109f76356a5a713e8ab9e,bytev/gradle,subprojects/wrapper-shared/src/main/java/org/gradle/util/internal/ZipSlip.java,jvm,1,0
7741bcfbbba62851ef7d61c03471c20e44425b51,ashimagarg67/gradle,subprojects/jacoco/src/main/java/org/gradle/testing/jacoco/plugins/JacocoTaskExtension.java,jvm,1,0
77fa96703c3f726ac217381a102033f6022fa60d,MustafArikan/StockFlow,backend/Data/AppDbContext.cs,dotnet,1,0
78608fe3e6d61ba08c647c400ff897656150d3fc,ashjtech/cling,support/src/main/java/org/fourthline/cling/support/model/DIDLObject.java,jvm,1,0
7abe05827b4667f586c6771990f2aafc0cd6171e,akiyanyan/Univrm,Assets/VRM10/Runtime/Migration/MigrationVrmExpression.cs,dotnet,1,2
7bb40538ca709e69413fdcc2c2dc7302de5eee92,jame2408/api-protection,backend/src/KeyLifecycle/Domain/ApiKey.cs,dotnet,1,0
7c354a2dfecf36628d90f60254b33c491181b84f,blueoptimaltd/maven-mvnd-7,sync/src/main/java/org/mvndaemon/mvnd/sync/IpcClient.java,jvm,1,0
7cfdb293ccc790661998fee500e082bcdd6ecbfe,Ku-Tadao/ScreenLoop,Backend/Services/MigrationService.cs,dotnet,1,0
7daf1049efe1244f35abbc66a0b4095a79348802,hhhzzzsss/SongPlayer,src/main/java/com/github/hhhzzzsss/songplayer/CommandProcessor.java,jvm,1,0
7e79a8fd70fb7d7b3efc6db2d9a17ee35a03808e,ctolkien/Slugify,src/Slugify.Core/SlugHelper.cs,dotnet,1,0
7f15b4ad7d609d65f065d383940192ea7902ea16,wingedonezero/Media-Manager,src/main/java/org/tinymediamanager/scraper/kodi/KodiScraper.java,jvm,1,0
7f15b4ad7d609d65f065d383940192ea7902ea16,wingedonezero/Media-Manager,src/main/java/org/tinymediamanager/scraper/kodi/KodiUtil.java,jvm,1,0
7fda4effe2bfd35b191ae86ec87f9085aaa0d8ea,WrenArchiver/forgerock-commons,json-web-token/src/main/java/org/forgerock/json/jose/jwe/EncryptionMethod.java,jvm,1,0
80156986a69cadd589ec46c0e46458085a39f882,hivevm/waggle,src/main/java/org/hivevm/cc/generator/cpp/CppNodeGenerator.java,jvm,1,0
80156986a69cadd589ec46c0e46458085a39f882,hivevm/waggle,src/main/java/org/hivevm/cc/generator/java/JavaTemplate.java,jvm,1,0
80156986a69cadd589ec46c0e46458085a39f882,hivevm/waggle,src/main/java/org/hivevm/cc/generator/rust/RustParserGenerator.java,jvm,1,0
80156986a69cadd589ec46c0e46458085a39f882,hivevm/waggle,src/main/java/org/hivevm/cc/generator/rust/RustTemplate.java,jvm,1,0
80156986a69cadd589ec46c0e46458085a39f882,hivevm/waggle,src/main/java/org/hivevm/cc/lexer/StringLiteralAnalyzer.java,jvm,1,0
80156986a69cadd589ec46c0e46458085a39f882,hivevm/waggle,src/main/java/org/hivevm/cc/model/NodeDescriptor.java,jvm,1,0
81bb81b0d07b5c19359e5086e7c9bad8faf6d8f5,SteamRE/SteamKit,SteamKit2/SteamKit2/Types/DepotManifest.cs,dotnet,1,0
81bb81b0d07b5c19359e5086e7c9bad8faf6d8f5,SteamRE/SteamKit,SteamKit2/SteamKit2/Util/Utils.cs,dotnet,1,0
82b30e12280885fa7293e19c699f0bfa17a6de52,zay448345045/xun-pixel-dungeonn,src/com/shatteredpixel/shatteredpixeldungeon/Rankings.java,jvm,1,0
82b30e12280885fa7293e19c699f0bfa17a6de52,zay448345045/xun-pixel-dungeonn,src/com/shatteredpixel/shatteredpixeldungeon/messages/Messages.java,jvm,1,0
839cbcd3e5e1d32184740e4d1c2795635675fdbe,naixx/gadgetbridge,app/src/main/java/nodomain/freeyourgadget/gadgetbridge/service/devices/banglejs/BangleJSDeviceSupport.java,jvm,1,0
841690e742660596fbb17a480fd13f8638492123,AlexMoon-Dev/KubeJS-,src/main/java/dev/latvian/mods/kubejs/bindings/StringUtilsWrapper.java,jvm,1,0
841690e742660596fbb17a480fd13f8638492123,AlexMoon-Dev/KubeJS-,src/main/java/dev/latvian/mods/kubejs/block/MapColorHelper.java,jvm,1,0
841690e742660596fbb17a480fd13f8638492123,AlexMoon-Dev/KubeJS-,src/main/java/dev/latvian/mods/kubejs/block/SoundTypeWrapper.java,jvm,1,0
841690e742660596fbb17a480fd13f8638492123,AlexMoon-Dev/KubeJS-,src/main/java/dev/latvian/mods/kubejs/core/PlayerSelector.java,jvm,1,0
841690e742660596fbb17a480fd13f8638492123,AlexMoon-Dev/KubeJS-,src/main/java/dev/latvian/mods/kubejs/item/ItemToolTiers.java,jvm,1,0
841690e742660596fbb17a480fd13f8638492123,AlexMoon-Dev/KubeJS-,src/main/java/dev/latvian/mods/kubejs/recipe/component/UniqueIdBuilder.java,jvm,1,0
841690e742660596fbb17a480fd13f8638492123,AlexMoon-Dev/KubeJS-,src/main/java/dev/latvian/mods/kubejs/script/TypeWrapperRegistry.java,jvm,1,0
841690e742660596fbb17a480fd13f8638492123,AlexMoon-Dev/KubeJS-,src/main/java/dev/latvian/mods/kubejs/util/LogType.java,jvm,1,0
841690e742660596fbb17a480fd13f8638492123,AlexMoon-Dev/KubeJS-,src/main/java/dev/latvian/mods/kubejs/util/ModResourceBindings.java,jvm,1,0
841690e742660596fbb17a480fd13f8638492123,AlexMoon-Dev/KubeJS-,src/main/java/dev/latvian/mods/kubejs/util/Tristate.java,jvm,1,0
841690e742660596fbb17a480fd13f8638492123,AlexMoon-Dev/KubeJS-,src/main/java/dev/latvian/mods/kubejs/web/local/client/KubeJSClientWeb.java,jvm,1,0
84ee0bc12e1066d34d586e947d3017d59ed344b3,ScreamingSandals/BedWars,plugin/bukkit/src/main/java/org/screamingsandals/bedwars/bukkit/BukkitPlatformService.java,jvm,1,0
84ee0bc12e1066d34d586e947d3017d59ed344b3,ScreamingSandals/BedWars,plugin/common/src/main/java/org/screamingsandals/bedwars/BedWarsPlugin.java,jvm,1,0
84ee0bc12e1066d34d586e947d3017d59ed344b3,ScreamingSandals/BedWars,plugin/common/src/main/java/org/screamingsandals/bedwars/boss/BossBarImpl.java,jvm,1,0
84ee0bc12e1066d34d586e947d3017d59ed344b3,ScreamingSandals/BedWars,plugin/common/src/main/java/org/screamingsandals/bedwars/commands/ConfigCommandFactory.java,jvm,1,0
84ee0bc12e1066d34d586e947d3017d59ed344b3,ScreamingSandals/BedWars,plugin/common/src/main/java/org/screamingsandals/bedwars/game/GameManagerImpl.java,jvm,1,0
84ee0bc12e1066d34d586e947d3017d59ed344b3,ScreamingSandals/BedWars,plugin/common/src/main/java/org/screamingsandals/bedwars/game/ItemSpawnerTypeImpl.java,jvm,1,0
84ee0bc12e1066d34d586e947d3017d59ed344b3,ScreamingSandals/BedWars,plugin/common/src/main/java/org/screamingsandals/bedwars/game/LocalGameLoaderImpl.java,jvm,1,0
84ee0bc12e1066d34d586e947d3017d59ed344b3,ScreamingSandals/BedWars,plugin/common/src/main/java/org/screamingsandals/bedwars/inventories/GamesInventory.java,jvm,1,0
84ee0bc12e1066d34d586e947d3017d59ed344b3,ScreamingSandals/BedWars,plugin/common/src/main/java/org/screamingsandals/bedwars/lang/BedWarsLangService.java,jvm,1,0
84ee0bc12e1066d34d586e947d3017d59ed344b3,ScreamingSandals/BedWars,plugin/common/src/main/java/org/screamingsandals/bedwars/sidebar/GameSidebar.java,jvm,1,0
84ee0bc12e1066d34d586e947d3017d59ed344b3,ScreamingSandals/BedWars,plugin/common/src/main/java/org/screamingsandals/bedwars/special/PopUpTowerImpl.java,jvm,1,0
84ee0bc12e1066d34d586e947d3017d59ed344b3,ScreamingSandals/BedWars,plugin/common/src/main/java/org/screamingsandals/bedwars/statistics/PlayerStatisticManager.java,jvm,1,0
84ee0bc12e1066d34d586e947d3017d59ed344b3,ScreamingSandals/BedWars,plugin/common/src/main/java/org/screamingsandals/bedwars/variants/VariantImpl.java,jvm,1,0
84ee0bc12e1066d34d586e947d3017d59ed344b3,ScreamingSandals/BedWars,plugin/common/src/main/java/org/screamingsandals/bedwars/variants/VariantManagerImpl.java,jvm,1,0
8509c4fa7a609d7a3e536947d41ca764b0ac870f,package-url/packageurl-dotnet,src/PackageUrl.cs,dotnet,1,0
851a7f12e67780b6411865de0ab594c249afdc1f,Yeregorix/AppCommon,src/main/java/net/smoofyuniverse/common/app/Arguments.java,jvm,1,0
851a7f12e67780b6411865de0ab594c249afdc1f,Yeregorix/AppCommon,src/main/java/net/smoofyuniverse/common/app/OperatingSystem.java,jvm,1,0
85d01c65fcb278358ecd590ec817535bcac3feb8,P4suta/tate-yoko-pdf,src/test/java/dev/sakashita/tateyokopdf/web/upload/UploadValidatorProperties.java,jvm,1,0
86ed06d0697877ecbf0decd0f87425a3dbf566c4,xyroc/DungeonCrawl,src/main/java/xiroc/dungeoncrawl/dungeon/model/DungeonModel.java,jvm,1,1
887d575da7e94abe9b06d2742ce3ef4e1752fc26,adityamillind98/gradle,subprojects/language-java/src/main/java/org/gradle/external/javadoc/internal/EnumJavadocOptionFileOption.java,jvm,1,0
887d575da7e94abe9b06d2742ce3ef4e1752fc26,adityamillind98/gradle,subprojects/logging/src/main/java/org/gradle/internal/logging/LoggingCommandLineConverter.java,jvm,1,0
8913c141b8faca79c3881c0326b2d9ea2cb9510c,DarwinBaker/AATool,AATool/UI/Controls/UIControl.cs,dotnet,1,0
892524d184a50993c39ed0c1fa5e3f0474bf98fe,manuc66/TranscribeCppSharp,tests/TranscribeCppSharp.Interop.Tests/EnumParityTest.cs,dotnet,1,0
893a9b00b1dba9ce22c5b9f4a53e4792d5286752,adityamillind98/liquibase.source,liquibase-core/src/main/java/liquibase/executor/jvm/ColumnMapRowMapper.java,jvm,1,0
894465642458dce0aa1dc037082746ebbac2eb20,openl-tablets/openl-tablets,DEV/org.openl.rules.util/src/org/openl/rules/util/Strings.java,jvm,1,0
894465642458dce0aa1dc037082746ebbac2eb20,openl-tablets/openl-tablets,STUDIO/org.openl.rules.repository.git/src/org/openl/rules/repository/git/GitRootFactory.java,jvm,1,0
894465642458dce0aa1dc037082746ebbac2eb20,openl-tablets/openl-tablets,STUDIO/org.openl.rules.repository/src/org/openl/rules/repository/zip/AbstractArchiveRepository.java,jvm,1,0
894465642458dce0aa1dc037082746ebbac2eb20,openl-tablets/openl-tablets,STUDIO/org.openl.rules.tableeditor/src/org/openl/rules/tableeditor/model/ui/TableViewer.java,jvm,1,0
894465642458dce0aa1dc037082746ebbac2eb20,openl-tablets/openl-tablets,STUDIO/org.openl.rules.workspace/src/org/openl/rules/repository/RepositoryMode.java,jvm,1,0
894465642458dce0aa1dc037082746ebbac2eb20,openl-tablets/openl-tablets,STUDIO/org.openl.rules.workspace/src/org/openl/rules/workspace/dtr/impl/DesignTimeRepositoryImpl.java,jvm,1,0
894465642458dce0aa1dc037082746ebbac2eb20,openl-tablets/openl-tablets,STUDIO/org.openl.rules.workspace/src/org/openl/rules/workspace/uw/impl/UserWorkspaceImpl.java,jvm,1,0
8dc67d268c82ffd03d61dc1a7f78dea06a245aee,Clear-Bible/ClearEngine,ClearEngine3/Persistence.cs,dotnet,1,0
8ddf43419067f9bc2bdc53d9c49aaf277cffca17,ViveportSoftware/vita_core_csharp,source/Htc.Vita.Core/Crypto/Md5.cs,dotnet,1,0
8ddf43419067f9bc2bdc53d9c49aaf277cffca17,ViveportSoftware/vita_core_csharp,source/Htc.Vita.Core/Crypto/Sha1.cs,dotnet,1,0
8ec735abfa9acf317b089012762cf267b1998f7c,xpippi/smokescreen,app/src/main/java/com/frostnerd/smokescreen/dialog/AppChoosalDialog.kt,jvm,1,0
8ec735abfa9acf317b089012762cf267b1998f7c,xpippi/smokescreen,app/src/main/java/com/frostnerd/smokescreen/util/preferences/UserServerConfigurationPreference.kt,jvm,1,0
8ec735abfa9acf317b089012762cf267b1998f7c,xpippi/smokescreen,app/src/main/java/com/frostnerd/smokescreen/util/proxy/DnsRuleResolver.kt,jvm,1,0
902c62a9db0c00d545291132c2700daa4f31d180,dex-it/dex-common,src/Dex.Inflector/Inflector.cs,dotnet,1,0
9190b693da55cfa7e829f2a6dbfda802592a7e45,TAKETODAY/today-infrastructure,today-context/src/main/java/cn/taketoday/validation/DataBinder.java,jvm,1,1
9190b693da55cfa7e829f2a6dbfda802592a7e45,TAKETODAY/today-infrastructure,today-web/src/main/java/cn/taketoday/http/client/JdkClientHttpRequest.java,jvm,1,0
9190b693da55cfa7e829f2a6dbfda802592a7e45,TAKETODAY/today-infrastructure,today-web/src/main/java/cn/taketoday/web/handler/condition/NameValueExpression.java,jvm,1,0
9190b693da55cfa7e829f2a6dbfda802592a7e45,TAKETODAY/today-infrastructure,today-web/src/main/java/cn/taketoday/web/resource/CachingResourceResolver.java,jvm,1,0
9190b693da55cfa7e829f2a6dbfda802592a7e45,TAKETODAY/today-infrastructure,today-web/src/main/java/cn/taketoday/web/resource/EncodedResourceResolver.java,jvm,1,0
9190b693da55cfa7e829f2a6dbfda802592a7e45,TAKETODAY/today-infrastructure,today-web/src/main/java/cn/taketoday/web/util/DisconnectedClientHelper.java,jvm,1,0
9190b693da55cfa7e829f2a6dbfda802592a7e45,TAKETODAY/today-infrastructure,today-web/src/main/java/cn/taketoday/web/view/xslt/XsltView.java,jvm,1,0
92013eedf27617f83cafe424450318b89c18a05f,FlossWare-Archives/classloader-java,src/main/java/org/flossware/jclassloader/protocol/ProtocolHandlerRegistry.java,jvm,1,0
922554cbb5910f5af0fd05c3822689993d02d011,danipen/TextMateSharp,src/TextMateSharp.Grammars/Resources/ResourceLoader.cs,dotnet,1,0
92a9ea4834afd3a257dcb136d50ef2459534cd44,themoah/klag,src/main/java/io/github/themoah/klag/kafka/KafkaClientConfig.java,jvm,1,0
9386faa91c85b450241094af1d8d812460e073ad,ogolikhin/blueprint,svc/FileStore.Tests/FileStoreSvcIntegrationTest.cs,dotnet,1,0
9386faa91c85b450241094af1d8d812460e073ad,ogolikhin/blueprint,svc/FileStore.Tests/FileStreamIntegrationTest.cs,dotnet,1,0
93b11a98c45ae884f465cc68cb3af842139ca90a,THZSummer/open-app,connector-api/src/main/java/com/xxx/it/works/wecode/v2/modules/runtime/node/ConnectorNodeExecutor.java,jvm,1,0
9446d9a89ff0ea45e535bf19b5eb1d50135a588d,tagadvance/Luster,luster/src/main/java/com/tagadvance/utilities/OperatingSystem.java,jvm,1,0
944b52376e8dcad5116334122d08e65d548ce2e8,lucasvitalmelo/ai-study-for-authentication-service,src/main/java/dev/lucasvital/auth/user/RegisterUserController.java,jvm,1,0
956e77fd2d8cd410a559432ca608fb3b752d41e3,Sebazzz/SDammann.WebApi.Versioning,src/SDammann.WebApi.Versioning/ControllerIdentification.cs,dotnet,1,0
958ce9b1394902580b17fecb0b531ff12d8742b5,219225-waqasfayyaz/commons-fileupload,src/main/java/org/apache/commons/fileupload/FileUploadBase.java,jvm,1,5
95ce73729d7ea69fb8478b78f17bc1bcf06ee57a,Buzzerio/ProjectLanguageTool,languagetool-core/src/main/java/org/languagetool/rules/patterns/XMLRuleHandler.java,jvm,1,0
95ce73729d7ea69fb8478b78f17bc1bcf06ee57a,Buzzerio/ProjectLanguageTool,languagetool-core/src/main/java/org/languagetool/tagging/disambiguation/rules/DisambiguationRuleLoader.java,jvm,1,0
96e8ccce8a1ebf068f93dbd1361497d4482ead22,LucasSD7/webrtc,libs/Microsoft.MixedReality.WebRTC.Unity/Assets/Microsoft.MixedReality.WebRTC.Unity/Scripts/PeerConnection.cs,dotnet,1,0
9827432e73832bfd65d9f4b9d9dce017659862fc,Minecraft-2048/sodium-extra-forge,common/src/main/java/me/flashyreese/mods/sodiumextra/client/config/SodiumExtraConfig.java,jvm,1,5
99089166cfbc7ef4acad32043a43241173ef156b,Team-EnderIO/EnderIO,src/api/java/com/enderio/api/capacitor/CapacitorModifier.java,jvm,1,0
99089166cfbc7ef4acad32043a43241173ef156b,Team-EnderIO/EnderIO,src/machines/java/com/enderio/machines/data/recipes/SagMillRecipeProvider.java,jvm,1,0
9990d02fe4410c1373fc96aef75711badac0af31,cloudstreamops/spark,resource-managers/mesos/src/main/scala/org/apache/spark/deploy/mesos/MesosClusterDispatcher.scala,jvm,1,0
99f9d9b31da7fa2fb18b75284896aee39ee2b175,undertow-io/undertow-ee,servlet/src/main/java/io/undertow/servlet/spec/HttpServletResponseImpl.java,jvm,1,0
99f9d9b31da7fa2fb18b75284896aee39ee2b175,undertow-io/undertow-ee,servlet/src/main/java/io/undertow/servlet/spec/ServletContextImpl.java,jvm,1,0
9a213c4bf6836976feeb6e4144e50b2629485826,Yomibito-Shirazu-jp/pppppdf,app/core/src/main/java/stirling/software/SPDF/controller/api/misc/PageNumbersController.java,jvm,1,0
9aa9cc76fdac4d67d9679165ac3d2ec64ebaaa76,ronybrand/estado,src/main/java/br/com/rony/spring/boot/estado/Estado.java,jvm,1,0
9b2fb7fe794aa8d4cb977a34f7a5bc1838ea1196,rainwolf/penteLive-Android,app/src/main/java/be/submanifold/pentelive/DatabaseActivity.java,jvm,1,0
9b2fb7fe794aa8d4cb977a34f7a5bc1838ea1196,rainwolf/penteLive-Android,app/src/main/java/be/submanifold/pentelive/InvitationActivity.java,jvm,1,0
9b2fb7fe794aa8d4cb977a34f7a5bc1838ea1196,rainwolf/penteLive-Android,app/src/main/java/be/submanifold/pentelive/LoginActivity.java,jvm,1,0
9b2fb7fe794aa8d4cb977a34f7a5bc1838ea1196,rainwolf/penteLive-Android,app/src/main/java/be/submanifold/pentelive/RegisterActivity.java,jvm,1,0
9b2fb7fe794aa8d4cb977a34f7a5bc1838ea1196,rainwolf/penteLive-Android,app/src/main/java/be/submanifold/pentelive/ReplyMessageActivity.java,jvm,1,0
9b2fb7fe794aa8d4cb977a34f7a5bc1838ea1196,rainwolf/penteLive-Android,app/src/main/java/be/submanifold/pentelive/SendMessageActivity.java,jvm,1,0
9b2fb7fe794aa8d4cb977a34f7a5bc1838ea1196,rainwolf/penteLive-Android,app/src/main/java/be/submanifold/pentelive/liveGameRoom/LiveGameRoomActivity.java,jvm,1,0
9b2fb7fe794aa8d4cb977a34f7a5bc1838ea1196,rainwolf/penteLive-Android,app/src/main/java/be/submanifold/pentelive/liveGameRoom/LiveGameRoomFragment.java,jvm,1,0
9b2fb7fe794aa8d4cb977a34f7a5bc1838ea1196,rainwolf/penteLive-Android,app/src/main/java/be/submanifold/pentelive/liveGameRoom/LobbyActivity.java,jvm,1,0
9b2fb7fe794aa8d4cb977a34f7a5bc1838ea1196,rainwolf/penteLive-Android,app/src/main/java/be/submanifold/pentelive/liveGameRoom/TableListAdapter.java,jvm,1,0
9b2fb7fe794aa8d4cb977a34f7a5bc1838ea1196,rainwolf/penteLive-Android,app/src/main/java/be/submanifold/pentelive/liveGameRoom/TablesAndPlayers.java,jvm,1,0
9c383a95f15b0eff07b6ab832412536982c542b7,sakethalladaaa/apicurio-registry-contributions,app/src/main/java/io/apicurio/registry/storage/impl/search/ElasticsearchSearchService.java,jvm,1,1
9c9469445aed2bdc21e43b05df3420f4bf9692fa,sagaraggarwal86/JMXAuditor-jmeter-plugin,src/main/java/io/github/sagaraggarwal86/jmeter/jauditor/rules/security/PlaintextTokenInHeaderRule.java,jvm,1,0
9c9469445aed2bdc21e43b05df3420f4bf9692fa,sagaraggarwal86/JMXAuditor-jmeter-plugin,src/main/java/io/github/sagaraggarwal86/jmeter/jauditor/ui/dialog/KpiCardPanel.java,jvm,1,0
9f2194ae985cb3a58e99f2cff149f5d384f91e51,calavera42/TripleAgentSharp,Agent/ACSReader.cs,dotnet,1,0
9f4ffff54c8450a4bb752cb82e4cb63276f5514d,Egoushka/attest,Attest/CountriesValidators/BelarusValidator.cs,dotnet,1,0
9f4ffff54c8450a4bb752cb82e4cb63276f5514d,Egoushka/attest,Attest/CountriesValidators/CroatiaValidator.cs,dotnet,1,0
9f4ffff54c8450a4bb752cb82e4cb63276f5514d,Egoushka/attest,Attest/CountriesValidators/CyprusValidator.cs,dotnet,1,0
9f4ffff54c8450a4bb752cb82e4cb63276f5514d,Egoushka/attest,Attest/CountriesValidators/DenmarkValidator.cs,dotnet,1,0
9f4ffff54c8450a4bb752cb82e4cb63276f5514d,Egoushka/attest,Attest/CountriesValidators/DominicanRepublicValidator.cs,dotnet,1,0
9f4ffff54c8450a4bb752cb82e4cb63276f5514d,Egoushka/attest,Attest/CountriesValidators/FinlandValidator.cs,dotnet,1,0
9f4ffff54c8450a4bb752cb82e4cb63276f5514d,Egoushka/attest,Attest/CountriesValidators/FranceValidator.cs,dotnet,1,0
9f4ffff54c8450a4bb752cb82e4cb63276f5514d,Egoushka/attest,Attest/CountriesValidators/GreeceValidator.cs,dotnet,1,0
9f4ffff54c8450a4bb752cb82e4cb63276f5514d,Egoushka/attest,Attest/CountriesValidators/HongKongValidator.cs,dotnet,1,0
9f4ffff54c8450a4bb752cb82e4cb63276f5514d,Egoushka/attest,Attest/CountriesValidators/IrelandValidator.cs,dotnet,1,0
9f4ffff54c8450a4bb752cb82e4cb63276f5514d,Egoushka/attest,Attest/CountriesValidators/ItalyValidator.cs,dotnet,1,0
9f4ffff54c8450a4bb752cb82e4cb63276f5514d,Egoushka/attest,Attest/CountriesValidators/LatviaValidator.cs,dotnet,1,0
9f4ffff54c8450a4bb752cb82e4cb63276f5514d,Egoushka/attest,Attest/CountriesValidators/LithuaniaValidator.cs,dotnet,1,0
9f4ffff54c8450a4bb752cb82e4cb63276f5514d,Egoushka/attest,Attest/CountriesValidators/MaltaValidator.cs,dotnet,1,0
9f4ffff54c8450a4bb752cb82e4cb63276f5514d,Egoushka/attest,Attest/CountriesValidators/MoldovaValidator.cs,dotnet,1,0
9f4ffff54c8450a4bb752cb82e4cb63276f5514d,Egoushka/attest,Attest/CountriesValidators/NetherlandsValidator.cs,dotnet,1,0
9f4ffff54c8450a4bb752cb82e4cb63276f5514d,Egoushka/attest,Attest/CountriesValidators/NorwayValidator.cs,dotnet,1,0
9f4ffff54c8450a4bb752cb82e4cb63276f5514d,Egoushka/attest,Attest/CountriesValidators/PhilippinesValidator.cs,dotnet,1,0
9f4ffff54c8450a4bb752cb82e4cb63276f5514d,Egoushka/attest,Attest/CountriesValidators/PortugalValidator.cs,dotnet,1,0
9f4ffff54c8450a4bb752cb82e4cb63276f5514d,Egoushka/attest,Attest/CountriesValidators/SerbiaValidator.cs,dotnet,1,0
9f4ffff54c8450a4bb752cb82e4cb63276f5514d,Egoushka/attest,Attest/CountriesValidators/SloveniaValidator.cs,dotnet,1,0
9f4ffff54c8450a4bb752cb82e4cb63276f5514d,Egoushka/attest,Attest/CountriesValidators/SwitzerlandValidator.cs,dotnet,1,0
9f4ffff54c8450a4bb752cb82e4cb63276f5514d,Egoushka/attest,Attest/CountriesValidators/TurkeyValidator.cs,dotnet,1,0
9f4ffff54c8450a4bb752cb82e4cb63276f5514d,Egoushka/attest,Attest/CountriesValidators/UnitedKingdomValidator.cs,dotnet,1,0
9f8371e77c8cf99d52db66a9f991b4776c47dea3,trask/minimal-opentelemetry-javaagent,instrumentation-api/src/main/java/io/opentelemetry/instrumentation/api/config/NamingConvention.java,jvm,1,0
9f8371e77c8cf99d52db66a9f991b4776c47dea3,trask/minimal-opentelemetry-javaagent,instrumentation-api/src/main/java/io/opentelemetry/instrumentation/api/db/RedisCommandSanitizer.java,jvm,1,0
9f8371e77c8cf99d52db66a9f991b4776c47dea3,trask/minimal-opentelemetry-javaagent,instrumentation/aws-lambda-1.0/library/src/main/java/io/opentelemetry/instrumentation/awslambda/v1_0/MapUtils.java,jvm,1,0
9f8371e77c8cf99d52db66a9f991b4776c47dea3,trask/minimal-opentelemetry-javaagent,instrumentation/aws-lambda-1.0/library/src/main/java/io/opentelemetry/instrumentation/awslambda/v1_0/ParentContextExtractor.java,jvm,1,0
9f8371e77c8cf99d52db66a9f991b4776c47dea3,trask/minimal-opentelemetry-javaagent,instrumentation/aws-sdk/aws-sdk-2.2/library/src/main/java/io/opentelemetry/instrumentation/awssdk/v2_2/MethodHandleFactory.java,jvm,1,0
9f8371e77c8cf99d52db66a9f991b4776c47dea3,trask/minimal-opentelemetry-javaagent,instrumentation/jdbc/javaagent/src/main/java/io/opentelemetry/javaagent/instrumentation/jdbc/JdbcConnectionUrlParser.java,jvm,1,0
9f8371e77c8cf99d52db66a9f991b4776c47dea3,trask/minimal-opentelemetry-javaagent,javaagent-tooling/src/main/java/io/opentelemetry/javaagent/tooling/LoggingConfigurer.java,jvm,1,0
9fb6a005bb8ef7428c48e681381158316457d27a,BedirhanSerefhanoglu/Voice-Recognition-Speech-SDK,VoiceCommand/Program.cs,dotnet,1,0
a02159e89ec25e18ffad78e3cd5b1fe5184635f8,jared2501/test,xml/xml-psi-impl/src/com/intellij/xml/util/HTMLControls.java,jvm,1,0
a07da60abe1f10ecffdc274b3c14e772f5b5d486,qodana/intellij-community-edict,platform/util/src/com/intellij/util/text/StringSearcher.java,jvm,1,0
a1a17080e4275acc97048121c4a35667cdaafc55,Halildeu/platform-backend,meeting-service/src/main/java/com/example/meeting/config/SecurityConfig.java,jvm,1,0
a22828406a75b7374cad7a5d3da15a2f70a2f510,TownyAdvanced/Towny,src/com/palmergames/bukkit/towny/command/NationCommand.java,jvm,1,19
a22828406a75b7374cad7a5d3da15a2f70a2f510,TownyAdvanced/Towny,src/com/palmergames/bukkit/towny/command/PlotCommand.java,jvm,1,7
a22828406a75b7374cad7a5d3da15a2f70a2f510,TownyAdvanced/Towny,src/com/palmergames/bukkit/towny/command/TownCommand.java,jvm,1,13
a22828406a75b7374cad7a5d3da15a2f70a2f510,TownyAdvanced/Towny,src/com/palmergames/bukkit/towny/command/TownyWorldCommand.java,jvm,1,5
a3cea390ed87f802665e30700b8dfe8bce9ebf8f,Skidamek/AutoModpack,core/src/main/java/pl/skidam/automodpack_core/utils/launchers/MultiMCMeta.java,jvm,1,0
a3cea390ed87f802665e30700b8dfe8bce9ebf8f,Skidamek/AutoModpack,loader/core/src/main/java/pl/skidam/automodpack_loader_core/Preload.java,jvm,1,0
a3cea390ed87f802665e30700b8dfe8bce9ebf8f,Skidamek/AutoModpack,loader/core/src/main/java/pl/skidam/automodpack_loader_core/platforms/ModrinthAPI.java,jvm,1,0
a4805ed9694cf48a0b56e00559748a7c892163e3,JVitoroliv3ira/fancy-url-shortener,services/fancy-url-shortener/src/main/java/io/github/jvitoroliv3ira/fancyurlshortener/shared/domain/valueobject/ShortCode.java,jvm,1,0
a533d6332796d4534e586ca1801c96cb36046773,Project-Mist-OS/packages_services_Telephony,src/com/android/phone/CallForwardEditPreference.java,jvm,1,0
a533d6332796d4534e586ca1801c96cb36046773,Project-Mist-OS/packages_services_Telephony,src/com/android/phone/TelephonyShellCommand.java,jvm,1,0
a533d6332796d4534e586ca1801c96cb36046773,Project-Mist-OS/packages_services_Telephony,src/com/android/phone/callcomposer/DigestAuthUtils.java,jvm,1,0
a533d6332796d4534e586ca1801c96cb36046773,Project-Mist-OS/packages_services_Telephony,src/com/android/services/telephony/ConferenceParticipantConnection.java,jvm,1,0
a533d6332796d4534e586ca1801c96cb36046773,Project-Mist-OS/packages_services_Telephony,src/com/android/services/telephony/TelecomAccountRegistry.java,jvm,1,0
a533d6332796d4534e586ca1801c96cb36046773,Project-Mist-OS/packages_services_Telephony,src/com/android/services/telephony/rcs/SipTransportController.java,jvm,1,0
a533d6332796d4534e586ca1801c96cb36046773,Project-Mist-OS/packages_services_Telephony,src/com/android/services/telephony/rcs/validator/OutgoingTransportStateValidator.java,jvm,1,0
a533d6332796d4534e586ca1801c96cb36046773,Project-Mist-OS/packages_services_Telephony,src/com/android/services/telephony/rcs/validator/RestrictedOutgoingSipRequestValidator.java,jvm,1,0
a533d6332796d4534e586ca1801c96cb36046773,Project-Mist-OS/packages_services_Telephony,testapps/TelephonyManagerTestApp/src/com/android/phone/testapps/telephonymanagertestapp/TelephonyManagerTestApp.java,jvm,1,0
a533d6332796d4534e586ca1801c96cb36046773,Project-Mist-OS/packages_services_Telephony,testapps/TestRcsApp/TestApp/src/com/google/android/sample/rcsclient/util/NumberUtils.java,jvm,1,0
a5caa261c38e40c6b50839f9cb5940b1790c8417,Zaid-Ajaj/Fable.Remoting,Fable.Remoting.MsgPack/TypeShape.fs,dotnet,1,0
a5de99c06880bdc80a02137c42749c5e3a25d324,emmanueltremblay9-stack/Immersive-Railroading-Reforged,src/main/java/cam72cam/immersiverailroading/library/CouplerAugmentMode.java,jvm,1,0
a5de99c06880bdc80a02137c42749c5e3a25d324,emmanueltremblay9-stack/Immersive-Railroading-Reforged,src/main/java/cam72cam/immersiverailroading/library/CraftingType.java,jvm,1,0
a5de99c06880bdc80a02137c42749c5e3a25d324,emmanueltremblay9-stack/Immersive-Railroading-Reforged,src/main/java/cam72cam/immersiverailroading/library/Gauge.java,jvm,1,0
a5de99c06880bdc80a02137c42749c5e3a25d324,emmanueltremblay9-stack/Immersive-Railroading-Reforged,src/main/java/cam72cam/immersiverailroading/library/ItemComponentType.java,jvm,1,0
a5de99c06880bdc80a02137c42749c5e3a25d324,emmanueltremblay9-stack/Immersive-Railroading-Reforged,src/main/java/cam72cam/immersiverailroading/library/LocoControlMode.java,jvm,1,0
a5de99c06880bdc80a02137c42749c5e3a25d324,emmanueltremblay9-stack/Immersive-Railroading-Reforged,src/main/java/cam72cam/immersiverailroading/library/PlateType.java,jvm,1,0
a5de99c06880bdc80a02137c42749c5e3a25d324,emmanueltremblay9-stack/Immersive-Railroading-Reforged,src/main/java/cam72cam/immersiverailroading/library/RedstoneMode.java,jvm,1,0
a5de99c06880bdc80a02137c42749c5e3a25d324,emmanueltremblay9-stack/Immersive-Railroading-Reforged,src/main/java/cam72cam/immersiverailroading/library/StockDetectorMode.java,jvm,1,0
a5de99c06880bdc80a02137c42749c5e3a25d324,emmanueltremblay9-stack/Immersive-Railroading-Reforged,src/main/java/cam72cam/immersiverailroading/library/SwitchState.java,jvm,1,0
a5de99c06880bdc80a02137c42749c5e3a25d324,emmanueltremblay9-stack/Immersive-Railroading-Reforged,src/main/java/cam72cam/immersiverailroading/library/TrackDirection.java,jvm,1,0
a5de99c06880bdc80a02137c42749c5e3a25d324,emmanueltremblay9-stack/Immersive-Railroading-Reforged,src/main/java/cam72cam/immersiverailroading/library/TrackItems.java,jvm,1,0
a5de99c06880bdc80a02137c42749c5e3a25d324,emmanueltremblay9-stack/Immersive-Railroading-Reforged,src/main/java/cam72cam/immersiverailroading/library/TrackPositionType.java,jvm,1,0
a5de99c06880bdc80a02137c42749c5e3a25d324,emmanueltremblay9-stack/Immersive-Railroading-Reforged,src/main/java/cam72cam/immersiverailroading/library/TrackSmoothing.java,jvm,1,0
a5de99c06880bdc80a02137c42749c5e3a25d324,emmanueltremblay9-stack/Immersive-Railroading-Reforged,src/main/java/cam72cam/immersiverailroading/registry/EntityRollingStockDefinition.java,jvm,1,0
a641a093ad67dfeb30053af4fed66944b4def946,MAR-Clover/wire_guard,app/src/main/java/com/wireguard/android/backend/WgQuickBackend.java,jvm,1,0
a641a093ad67dfeb30053af4fed66944b4def946,MAR-Clover/wire_guard,app/src/main/java/com/wireguard/android/fragment/TunnelListFragment.java,jvm,1,0
a641a093ad67dfeb30053af4fed66944b4def946,MAR-Clover/wire_guard,app/src/main/java/com/wireguard/android/preference/VersionPreference.java,jvm,1,0
a641a093ad67dfeb30053af4fed66944b4def946,MAR-Clover/wire_guard,app/src/main/java/com/wireguard/config/Interface.java,jvm,1,0
a641a093ad67dfeb30053af4fed66944b4def946,MAR-Clover/wire_guard,app/src/main/java/com/wireguard/config/Peer.java,jvm,1,0
a71e512ebc5870147a7772f7be62fd406462272b,GouruRK/TheBigAdventure,src/game/Kind.java,jvm,1,0
a71e512ebc5870147a7772f7be62fd406462272b,GouruRK/TheBigAdventure,src/game/entity/item/GameItems.java,jvm,1,0
a71e512ebc5870147a7772f7be62fd406462272b,GouruRK/TheBigAdventure,src/game/entity/mob/Behaviour.java,jvm,1,0
a71e512ebc5870147a7772f7be62fd406462272b,GouruRK/TheBigAdventure,src/game/environment/GameEnvironment.java,jvm,1,0
a71e512ebc5870147a7772f7be62fd406462272b,GouruRK/TheBigAdventure,src/graphic/view/Skins.java,jvm,1,0
a71e512ebc5870147a7772f7be62fd406462272b,GouruRK/TheBigAdventure,src/util/Direction.java,jvm,1,0
a7303df53a166dbc25ce9b0e1842a3ce422c0b6f,flatecoding/clubtreasury,Data/CashRegister/CashRegisterView.razor,dotnet,1,0
a7303df53a166dbc25ce9b0e1842a3ce422c0b6f,flatecoding/clubtreasury,Data/Category/CategoryView.razor,dotnet,1,0
a7303df53a166dbc25ce9b0e1842a3ce422c0b6f,flatecoding/clubtreasury,Data/CostCenter/CostCenterView.razor,dotnet,1,0
a7303df53a166dbc25ce9b0e1842a3ce422c0b6f,flatecoding/clubtreasury,Data/ItemDetail/ItemDetailView.razor,dotnet,1,0
a7303df53a166dbc25ce9b0e1842a3ce422c0b6f,flatecoding/clubtreasury,Data/SpecialItem/SpecialItemView.razor,dotnet,1,0
a74001c01629aac3197fa9c9926fd28226c7b51d,mferretti/SeedStream,cli/src/main/java/com/datagenerator/cli/ExecuteCommand.java,jvm,1,0
a74001c01629aac3197fa9c9926fd28226c7b51d,mferretti/SeedStream,core/src/main/java/com/datagenerator/core/registry/DatafakerRegistry.java,jvm,1,0
a74001c01629aac3197fa9c9926fd28226c7b51d,mferretti/SeedStream,core/src/main/java/com/datagenerator/core/type/PrimitiveType.java,jvm,1,0
a74001c01629aac3197fa9c9926fd28226c7b51d,mferretti/SeedStream,core/src/main/java/com/datagenerator/core/type/TypeParser.java,jvm,1,0
a74001c01629aac3197fa9c9926fd28226c7b51d,mferretti/SeedStream,generators/src/main/java/com/datagenerator/generators/LocaleMapper.java,jvm,1,0
a790c1a7ae5354344fb224b72f0cd9588bdf49dd,jfeddon/DNN,DNN Platform/Connectors/GoogleAnalytics/GoogleAnalyticsConnector.cs,dotnet,1,0
a790c1a7ae5354344fb224b72f0cd9588bdf49dd,jfeddon/DNN,DNN Platform/Connectors/GoogleAnalytics4/GoogleAnalytics4Connector.cs,dotnet,1,0
a790c1a7ae5354344fb224b72f0cd9588bdf49dd,jfeddon/DNN,DNN Platform/Connectors/GoogleTagManager/GoogleTagManagerConnector.cs,dotnet,1,0
a790c1a7ae5354344fb224b72f0cd9588bdf49dd,jfeddon/DNN,DNN Platform/DotNetNuke.Web/InternalServices/FileUploadController.cs,dotnet,1,0
a790c1a7ae5354344fb224b72f0cd9588bdf49dd,jfeddon/DNN,DNN Platform/Library/Common/Utilities/UrlUtils.cs,dotnet,1,0
a918026b371402da8b92e0ac7a13524e9c3b153b,trkbyzc/finance-portal,finance_portal/src/main/java/com/financeportal/domains/chart/strategy/impl/TurkishGoldChartStrategy.java,jvm,1,0
a918026b371402da8b92e0ac7a13524e9c3b153b,trkbyzc/finance-portal,finance_portal/src/main/java/com/financeportal/domains/commodity/client/TruncgilIntegrationClient.java,jvm,1,0
a925549119b1ef0a51fe0e5e10acfcf1a8ceeda8,JetBrains/youtrackdb,docker-tests/src/test/java/com/jetbrains/youtrackdb/internal/docker/server/features/YTDBDockerGraphFeatureTestHooks.java,jvm,1,0
a930df176be1fb6d172aa3de853c824e2638923b,Nitinxtech/litedb,LiteDB/Document/Expression/BsonExpression.cs,dotnet,1,0
a930df176be1fb6d172aa3de853c824e2638923b,Nitinxtech/litedb,LiteDB/Document/Expression/Parser/BsonExpressionParser.cs,dotnet,1,1
a9857ab46a808f0941e7ba8e6a2b8b207980a740,ogautier1980/cedeva-v2,src/Cedeva.Infrastructure/Services/BelgianMunicipalityService.cs,dotnet,1,0
a9857ab46a808f0941e7ba8e6a2b8b207980a740,ogautier1980/cedeva-v2,src/Cedeva.Website/Features/TeamMembers/TeamMembersController.cs,dotnet,1,0
aa572872065a83cc9e2c3a5337d4f1f8325391cb,dorongut1/TargCC-Core-V2,src/TargCC.Core.Generators/API/ApiControllerGenerator.cs,dotnet,1,0
aa7082a91845b1f119c686543f9df1782cb57294,nicolabeghin/okhttp-robospice,src/main/java/org/okhttprobospice/AbstractMultipartOkHttpRequest.java,jvm,1,0
aad0f2732453a57bf16ab3f244543e0b0182a5fd,Junyoung316/meogeuljido,server/meogeuljido/src/main/java/com/amugeona/meogeuljido/auth/service/AuthService.java,jvm,1,0
aad0f2732453a57bf16ab3f244543e0b0182a5fd,Junyoung316/meogeuljido,server/meogeuljido/src/main/java/com/amugeona/meogeuljido/auth/service/EmailVerificationService.java,jvm,1,0
aad1d03df4ce281806be40f34e78fc829b5cf428,akarnokd/ThePlanetCrafterMods,LibCommon/BepInExConfigCheck.cs,dotnet,1,0
aaf9c738fcaaad47273ecb70455fd98f7b1b28da,bLanark/WeaponMechanics-WMC-rebuild,CoreCompatibility/Core_1_12_R1/src/main/java/me/deecaad/core/compatibility/nbt/NBT_1_12_R1.java,jvm,1,0
aaf9c738fcaaad47273ecb70455fd98f7b1b28da,bLanark/WeaponMechanics-WMC-rebuild,MechanicsCore/src/main/java/me/deecaad/core/compatibility/nbt/NBTCompatibility.java,jvm,1,0
aaf9c738fcaaad47273ecb70455fd98f7b1b28da,bLanark/WeaponMechanics-WMC-rebuild,MechanicsCore/src/main/java/me/deecaad/core/file/FileReader.java,jvm,1,0
aaf9c738fcaaad47273ecb70455fd98f7b1b28da,bLanark/WeaponMechanics-WMC-rebuild,MechanicsCore/src/main/java/me/deecaad/core/placeholder/PlaceholderAPI.java,jvm,1,0
aaf9c738fcaaad47273ecb70455fd98f7b1b28da,bLanark/WeaponMechanics-WMC-rebuild,MechanicsCore/src/main/java/me/deecaad/core/placeholder/PlaceholderHandler.java,jvm,1,0
aaf9c738fcaaad47273ecb70455fd98f7b1b28da,bLanark/WeaponMechanics-WMC-rebuild,MechanicsCore/src/main/java/me/deecaad/core/utils/EnumUtil.java,jvm,1,0
aaf9c738fcaaad47273ecb70455fd98f7b1b28da,bLanark/WeaponMechanics-WMC-rebuild,MechanicsCore/src/main/java/me/deecaad/core/utils/StringUtil.java,jvm,1,0
aaf9c738fcaaad47273ecb70455fd98f7b1b28da,bLanark/WeaponMechanics-WMC-rebuild,WeaponMechanics/src/main/java/me/deecaad/weaponmechanics/commands/testcommands/ShootCommand.java,jvm,1,0
aaf9c738fcaaad47273ecb70455fd98f7b1b28da,bLanark/WeaponMechanics-WMC-rebuild,WeaponMechanics/src/main/java/me/deecaad/weaponmechanics/lib/CrackShotConvert/CrackShotConverter.java,jvm,1,0
aaf9c738fcaaad47273ecb70455fd98f7b1b28da,bLanark/WeaponMechanics-WMC-rebuild,WeaponMechanics/src/main/java/me/deecaad/weaponmechanics/lib/CrackShotConvert/CrackShotPlusConverter.java,jvm,1,0
aaf9c738fcaaad47273ecb70455fd98f7b1b28da,bLanark/WeaponMechanics-WMC-rebuild,WeaponMechanics/src/main/java/me/deecaad/weaponmechanics/weapon/damage/DamageModifier.java,jvm,1,0
aaf9c738fcaaad47273ecb70455fd98f7b1b28da,bLanark/WeaponMechanics-WMC-rebuild,WeaponMechanics/src/main/java/me/deecaad/weaponmechanics/weapon/explode/BlockDamage.java,jvm,1,0
aaf9c738fcaaad47273ecb70455fd98f7b1b28da,bLanark/WeaponMechanics-WMC-rebuild,WeaponMechanics/src/main/java/me/deecaad/weaponmechanics/weapon/info/DualWield.java,jvm,1,0
aaf9c738fcaaad47273ecb70455fd98f7b1b28da,bLanark/WeaponMechanics-WMC-rebuild,WeaponMechanics/src/main/java/me/deecaad/weaponmechanics/weapon/trigger/Circumstance.java,jvm,1,0
ad4e62d003ff9a520779351555c9a985b8da6dab,apache/paimon,paimon-api/src/main/java/org/apache/paimon/rest/auth/DLFOpenApiV4Signer.java,jvm,1,0
af54c34388a11737c6a293cb6b5dc17c4293cf31,VolcanicArts/VRCOSC,VRCOSC.Game/Modules/Module.cs,dotnet,1,0
b011dc8ad525f044faa721f38bc935bc915ceafe,codion-is/codion,framework/domain-db/src/main/java/is/codion/framework/domain/db/SchemaDomain.java,jvm,1,0
b011dc8ad525f044faa721f38bc935bc915ceafe,codion-is/codion,framework/domain/src/main/java/is/codion/framework/domain/entity/query/DefaultEntitySelectQuery.java,jvm,1,0
b011dc8ad525f044faa721f38bc935bc915ceafe,codion-is/codion,tools/generator/domain/src/main/java/is/codion/tools/generator/domain/DomainSource.java,jvm,1,0
b0c3f5d7bfcc384dd4d710d29f9f04581d860df2,Credenxia/NumbatWallet,src/NumbatWallet.Infrastructure/Services/RedisCacheService.cs,dotnet,1,0
b1657c35fa252800c0f1a55daf14c577d4b03425,mxm/flakka,akka-remote/src/main/scala/akka/remote/RemoteSettings.scala,jvm,1,0
b1eeb78568569e7edbd2101e5373de73bb80ca6e,kevL/yata,Statics/Settings.cs,dotnet,1,0
b1f0148fa1a4b808b307aac82e1f72e872523775,eclipse-ee4j/mojarra,impl/src/main/java/com/sun/faces/application/resource/ResourceManager.java,jvm,1,0
b22110111ab2b78aaa9e13f95ed1317a5a544045,starofrainnight/windowbuilder,org.eclipse.wb.core/src/org/eclipse/wb/core/controls/CTableCombo.java,jvm,1,0
b22110111ab2b78aaa9e13f95ed1317a5a544045,starofrainnight/windowbuilder,org.eclipse.wb.core/src/org/eclipse/wb/internal/core/EnvironmentUtils.java,jvm,1,0
b22110111ab2b78aaa9e13f95ed1317a5a544045,starofrainnight/windowbuilder,org.eclipse.wb.core/src/org/eclipse/wb/internal/core/model/property/editor/InnerClassPropertyEditor.java,jvm,1,0
b22110111ab2b78aaa9e13f95ed1317a5a544045,starofrainnight/windowbuilder,org.eclipse.wb.core/src/org/eclipse/wb/internal/core/utils/StringUtilities.java,jvm,1,0
b22110111ab2b78aaa9e13f95ed1317a5a544045,starofrainnight/windowbuilder,org.eclipse.wb.css/src/org/eclipse/wb/internal/css/editors/multi/StylesEditComposite.java,jvm,1,0
b22110111ab2b78aaa9e13f95ed1317a5a544045,starofrainnight/windowbuilder,org.eclipse.wb.swing/src/org/eclipse/wb/internal/swing/model/layout/BorderLayoutInfo.java,jvm,1,0
b22110111ab2b78aaa9e13f95ed1317a5a544045,starofrainnight/windowbuilder,org.eclipse.wb.swing/src/org/eclipse/wb/internal/swing/model/property/editor/color/AwtColors.java,jvm,1,0
b22110111ab2b78aaa9e13f95ed1317a5a544045,starofrainnight/windowbuilder,org.eclipse.wb.swt/src/org/eclipse/wb/internal/swt/DescriptionProcessor.java,jvm,1,0
b22110111ab2b78aaa9e13f95ed1317a5a544045,starofrainnight/windowbuilder,org.eclipse.wb.tests/src/org/eclipse/wb/tests/designer/Expectations.java,jvm,1,0
b22110111ab2b78aaa9e13f95ed1317a5a544045,starofrainnight/windowbuilder,org.eclipse.wb.tests/src/org/eclipse/wb/tests/designer/core/EnvironmentUtilsTest.java,jvm,1,0
b2e55bda942f088c3490539cc0e7cd6508f6e275,SomeWritesReserved/KTools,KFileBackup/Source/FileLocation.cs,dotnet,1,0
b2f3b798fbc17341158ca45d4007926c8cc4304a,szvmczek/silnik-gastro-zamowienia,backend/src/main/java/com/pizzashowcase/order/application/CheckoutService.java,jvm,1,0
b323c4c5992f3c4ad134b8420385c6617ea43fc3,Quotraders/QBot,src/BotCore/HealthChecks/ProductionHealthChecks.cs,dotnet,1,0
b32d46b08ad4bb038422d153980bba7382c96c93,JanCantCode/FAWE-Folia,worldedit-bukkit/src/main/java/com/sk89q/worldedit/bukkit/WorldEditPlugin.java,jvm,1,2
b32d46b08ad4bb038422d153980bba7382c96c93,JanCantCode/FAWE-Folia,worldedit-bukkit/src/main/java/com/sk89q/worldedit/bukkit/adapter/IBukkitAdapter.java,jvm,1,3
b32d46b08ad4bb038422d153980bba7382c96c93,JanCantCode/FAWE-Folia,worldedit-core/src/main/java/com/sk89q/worldedit/world/block/BlockTypes.java,jvm,1,1
b68950d30127fe7791bf4276122cd65c82dd3d1d,KoalaBear84/OpenDirectoryDownloader,src/OpenDirectoryDownloader/AngleSharpExtensions.cs,dotnet,1,0
b68950d30127fe7791bf4276122cd65c82dd3d1d,KoalaBear84/OpenDirectoryDownloader,src/OpenDirectoryDownloader/Calibre/CalibreParser.cs,dotnet,1,0
b68950d30127fe7791bf4276122cd65c82dd3d1d,KoalaBear84/OpenDirectoryDownloader,src/OpenDirectoryDownloader/DirectoryParser.cs,dotnet,1,0
b68950d30127fe7791bf4276122cd65c82dd3d1d,KoalaBear84/OpenDirectoryDownloader,src/OpenDirectoryDownloader/Helpers/FileSizeHelper.cs,dotnet,1,0
b68950d30127fe7791bf4276122cd65c82dd3d1d,KoalaBear84/OpenDirectoryDownloader,src/OpenDirectoryDownloader/OpenDirectoryIndexer.cs,dotnet,1,0
b68950d30127fe7791bf4276122cd65c82dd3d1d,KoalaBear84/OpenDirectoryDownloader,src/OpenDirectoryDownloader/Site/GDIndex/GoogleDriveIndexMapping.cs,dotnet,1,0
b6937c04e9d1d0dfd9aeb483873e60cf3b0fe116,resonite-modding-group/ResoniteModLoader,ResoniteModLoader/AssemblyHider.cs,dotnet,1,0
b73d4cdd374b76ca2c04848d2f04ca69ab51f478,itplr-kosit/validator,src/main/java/de/kosit/validationtool/impl/xml/LocalUriResolver.java,jvm,1,0
b840fe1858568125e1d95bc70b9c4365a2afd9c5,spinning-cubes/McreatorAarch64,src/main/java/net/mcreator/element/types/Procedure.java,jvm,1,0
b840fe1858568125e1d95bc70b9c4365a2afd9c5,spinning-cubes/McreatorAarch64,src/main/java/net/mcreator/util/DesktopUtils.java,jvm,1,0
b8f21cc3e72446a97d729a4d22e76f88a1a2a703,Fideito18/GitHub-Documentacion,src/GitHub.App/ViewModels/GitHubPane/IssueListViewModelBase.cs,dotnet,1,0
b9669e8fe3fb0752fe8d304dc50239743fb89622,asimov-deploy/asimov-deploy-winagent,src/AsimovDeploy.WinAgent.IntegrationTests/WinAgentSystemTest.cs,dotnet,1,0
ba0f5641264bcfae14be6e6ad9a2dd0bead9dd46,mohandsedu/sqltoolsservice,src/Microsoft.SqlTools.ServiceLayer/LanguageServices/AutoCompleteHelper.cs,dotnet,1,0
bbd1feeb9795247271ecb0eadde43b9397ea6b36,phantasma-io-archive/Poltergeist,Assets/Scripts/Wallet/PhantasmaAPI.Unity.cs,dotnet,1,0
bce3b96c4117e9c8435db3a780e64f4ba09572a4,JasperFx/wolverine,src/Persistence/MySql/Wolverine.MySql/Transport/MySqlTransport.cs,dotnet,1,0
bce3b96c4117e9c8435db3a780e64f4ba09572a4,JasperFx/wolverine,src/Persistence/Wolverine.Postgresql/Transport/PostgresqlTransport.cs,dotnet,1,0
bce3b96c4117e9c8435db3a780e64f4ba09572a4,JasperFx/wolverine,src/Persistence/Wolverine.RDBMS/Sagas/SagaTableDefinition.cs,dotnet,1,0
bce3b96c4117e9c8435db3a780e64f4ba09572a4,JasperFx/wolverine,src/Persistence/Wolverine.SqlServer/Transport/SqlServerTransport.cs,dotnet,1,0
bce3b96c4117e9c8435db3a780e64f4ba09572a4,JasperFx/wolverine,src/Persistence/Wolverine.Sqlite/Transport/SqliteTransport.cs,dotnet,1,0
bd15ff44420b6660996d0bebc5c3791bfd70e6f9,THZSummer/open-app,open-server/src/main/java/com/xxx/it/works/wecode/v2/modules/api/service/ApiService.java,jvm,1,0
bd15ff44420b6660996d0bebc5c3791bfd70e6f9,THZSummer/open-app,open-server/src/main/java/com/xxx/it/works/wecode/v2/modules/sync/service/SyncService.java,jvm,1,0
bdcda30d55e5fcd19488d76c7dfe76425b03f247,vespa-engine/vespa,configgen/src/main/java/com/yahoo/config/codegen/ConfigGenerator.java,jvm,1,0
bdcda30d55e5fcd19488d76c7dfe76425b03f247,vespa-engine/vespa,configgen/src/main/java/com/yahoo/config/codegen/CppClassBuilder.java,jvm,1,0
bdcda30d55e5fcd19488d76c7dfe76425b03f247,vespa-engine/vespa,configgen/src/main/java/com/yahoo/config/codegen/MakeConfigProperties.java,jvm,1,0
bdcda30d55e5fcd19488d76c7dfe76425b03f247,vespa-engine/vespa,configgen/src/main/java/com/yahoo/config/codegen/NormalizedDefinition.java,jvm,1,0
be377e296c9b75264e8fa7c0f6bbad48ed8bf9d6,rysweet/RabbitHole,alice/alice-ide/src/main/java/org/alice/ide/issue/swing/JGraphicsHeaderPane.java,jvm,1,0
be377e296c9b75264e8fa7c0f6bbad48ed8bf9d6,rysweet/RabbitHole,alice/alice-ide/src/main/java/org/alice/stageide/EntryPoint.java,jvm,1,0
be377e296c9b75264e8fa7c0f6bbad48ed8bf9d6,rysweet/RabbitHole,core/croquet/src/main/java/org/lgna/croquet/importer/Importer.java,jvm,1,0
be377e296c9b75264e8fa7c0f6bbad48ed8bf9d6,rysweet/RabbitHole,core/croquet/src/main/java/org/lgna/croquet/tools/UUIDGenerator.java,jvm,1,0
be377e296c9b75264e8fa7c0f6bbad48ed8bf9d6,rysweet/RabbitHole,core/croquet/src/main/java/org/lgna/croquet/views/LabeledFormRow.java,jvm,1,0
be377e296c9b75264e8fa7c0f6bbad48ed8bf9d6,rysweet/RabbitHole,core/ide/src/main/java/org/alice/ide/croquet/models/help/SearchForGraphicsDriversOperation.java,jvm,1,0
be377e296c9b75264e8fa7c0f6bbad48ed8bf9d6,rysweet/RabbitHole,core/ide/src/main/java/org/alice/stageide/modelresource/PersonResourceKey.java,jvm,1,0
be377e296c9b75264e8fa7c0f6bbad48ed8bf9d6,rysweet/RabbitHole,core/ide/src/main/java/org/alice/stageide/personresource/data/HairHatStyle.java,jvm,1,0
be377e296c9b75264e8fa7c0f6bbad48ed8bf9d6,rysweet/RabbitHole,core/ide/src/main/java/org/alice/stageide/personresource/views/renderers/FaceListCellRenderer.java,jvm,1,0
be377e296c9b75264e8fa7c0f6bbad48ed8bf9d6,rysweet/RabbitHole,core/ide/src/main/java/org/alice/stageide/sceneeditor/viewmanager/MarkerUtilities.java,jvm,1,1
be377e296c9b75264e8fa7c0f6bbad48ed8bf9d6,rysweet/RabbitHole,core/story-api/src/main/java/org/lgna/story/implementation/alice/AliceResourceClassUtilities.java,jvm,1,1
be377e296c9b75264e8fa7c0f6bbad48ed8bf9d6,rysweet/RabbitHole,core/story-api/src/main/java/org/lgna/story/implementation/alice/AliceResourceUtilties.java,jvm,1,5
be377e296c9b75264e8fa7c0f6bbad48ed8bf9d6,rysweet/RabbitHole,core/story-api/src/main/java/org/lgna/story/implementation/alice/ModelResourceIoUtilities.java,jvm,1,0
be377e296c9b75264e8fa7c0f6bbad48ed8bf9d6,rysweet/RabbitHole,core/util/src/main/java/edu/cmu/cs/dennisc/browser/BrowserUtilities.java,jvm,1,0
be377e296c9b75264e8fa7c0f6bbad48ed8bf9d6,rysweet/RabbitHole,core/util/src/main/java/edu/cmu/cs/dennisc/image/ImageUtilities.java,jvm,1,0
be377e296c9b75264e8fa7c0f6bbad48ed8bf9d6,rysweet/RabbitHole,core/util/src/main/java/edu/cmu/cs/dennisc/java/lang/SystemUtilities.java,jvm,1,0
be377e296c9b75264e8fa7c0f6bbad48ed8bf9d6,rysweet/RabbitHole,core/util/src/main/java/edu/cmu/cs/dennisc/javax/swing/filechooser/ExtensionFileFilter.java,jvm,1,0
be377e296c9b75264e8fa7c0f6bbad48ed8bf9d6,rysweet/RabbitHole,core/util/src/main/java/org/lgna/common/resources/AudioResource.java,jvm,1,0
be377e296c9b75264e8fa7c0f6bbad48ed8bf9d6,rysweet/RabbitHole,core/util/src/main/java/org/lgna/common/resources/ImageResource.java,jvm,1,0
be8f43dfbeac65e283038ae0b1c87f0b495870af,anjoismysign/BlobRP,src/main/java/us/mytheria/blobrp/director/command/SoulCmd.java,jvm,1,0
be8f43dfbeac65e283038ae0b1c87f0b495870af,anjoismysign/BlobRP,src/main/java/us/mytheria/blobrp/director/manager/CloudInventoryManager.java,jvm,1,0
be8f43dfbeac65e283038ae0b1c87f0b495870af,anjoismysign/BlobRP,src/main/java/us/mytheria/blobrp/ui/RoleplayWarpsUI.java,jvm,1,0
bf804ceaa5b7ee94ddeff052511db7c6ee49b4e6,mmed17/capacitor-camera,status-bar/android/src/main/java/com/capacitorjs/plugins/statusbar/StatusBarPlugin.java,jvm,1,0
c07d6fee55c048b1e672a84317084858cd44b446,firstworks-software/sqlrelay,src/api/jdbc/com/firstworks/sql/SQLRelayResultSet.java,jvm,1,0
c0ae67ca12012e537bebd67f00f80667d9b3c46d,opensearch-project/opensearch-net,src/CodeGeneration/CodeGeneration.LowLevelClient/Domain/ApiQueryParameters.cs,dotnet,1,0
c0ae67ca12012e537bebd67f00f80667d9b3c46d,opensearch-project/opensearch-net,src/Connections/Elasticsearch.Net.Connection.HttpClient/ElasticsearchHttpClient.cs,dotnet,1,0
c0ae67ca12012e537bebd67f00f80667d9b3c46d,opensearch-project/opensearch-net,src/Connections/Elasticsearch.Net.Connection.Thrift/Transport/TFramedTransport.cs,dotnet,1,0
c0ae67ca12012e537bebd67f00f80667d9b3c46d,opensearch-project/opensearch-net,src/Elasticsearch.Net/Connection/HttpConnection.cs,dotnet,1,0
c0ae67ca12012e537bebd67f00f80667d9b3c46d,opensearch-project/opensearch-net,src/Nest/DSL/Facets/DateHistogramFacetDescriptor.cs,dotnet,1,0
c0ae67ca12012e537bebd67f00f80667d9b3c46d,opensearch-project/opensearch-net,src/Nest/DSL/Query/MultiMatchQueryDescriptor.cs,dotnet,1,0
c0ae67ca12012e537bebd67f00f80667d9b3c46d,opensearch-project/opensearch-net,src/Nest/DSL/Suggest/DirectGeneratorDescriptor.cs,dotnet,1,0
c0ae67ca12012e537bebd67f00f80667d9b3c46d,opensearch-project/opensearch-net,src/Nest/DSL/Suggest/TermSuggestDescriptor.cs,dotnet,1,0
c0ae67ca12012e537bebd67f00f80667d9b3c46d,opensearch-project/opensearch-net,src/Nest/Domain/Connection/ConnectionSettings.cs,dotnet,1,0
c0ae67ca12012e537bebd67f00f80667d9b3c46d,opensearch-project/opensearch-net,src/Nest/Resolvers/Converters/DynamicMappingOptionConverter.cs,dotnet,1,0
c0ae67ca12012e537bebd67f00f80667d9b3c46d,opensearch-project/opensearch-net,src/Nest/Resolvers/Writers/WritePropertiesFromAttributeVisitor.cs,dotnet,1,0
c0ae67ca12012e537bebd67f00f80667d9b3c46d,opensearch-project/opensearch-net,src/Profiling/Profiling.Indexing/Program.cs,dotnet,1,0
c0ae67ca12012e537bebd67f00f80667d9b3c46d,opensearch-project/opensearch-net,src/Tests/Nest.Tests.Integration/Core/DeleteTests.cs,dotnet,1,0
c0ae67ca12012e537bebd67f00f80667d9b3c46d,opensearch-project/opensearch-net,src/Tests/Nest.Tests.Integration/Facet/TermFacetResponseTests.cs,dotnet,1,0
c0ae67ca12012e537bebd67f00f80667d9b3c46d,opensearch-project/opensearch-net,src/Tests/Nest.Tests.Integration/Indices/IndicesTests.cs,dotnet,1,0
c0ae67ca12012e537bebd67f00f80667d9b3c46d,opensearch-project/opensearch-net,src/Tests/Nest.Tests.Integration/Search/CountTests.cs,dotnet,1,0
c0ae67ca12012e537bebd67f00f80667d9b3c46d,opensearch-project/opensearch-net,src/Tests/Nest.Tests.Integration/Search/ExplainTests.cs,dotnet,1,0
c0ae67ca12012e537bebd67f00f80667d9b3c46d,opensearch-project/opensearch-net,src/Tests/Nest.Tests.Integration/Search/NamedFilter/NamedFilterTests.cs,dotnet,1,0
c0ae67ca12012e537bebd67f00f80667d9b3c46d,opensearch-project/opensearch-net,src/Tests/Nest.Tests.Integration/Search/QueryResponseMapperTests.cs,dotnet,1,0
c123ac9223ef9628bf7fddef092ee82f44b10d49,molongwudi/cron-expression-descriptor,CronExpressionDescriptor/ExpressionParser.cs,dotnet,1,0
c2f729b3bf3e1fcb7c3a015e2bac1aec4c70c717,emmaorlandiamisano-eng/e,src/com/jpexs/browsers/cache/CacheEntry.java,jvm,1,0
c2f729b3bf3e1fcb7c3a015e2bac1aec4c70c717,emmaorlandiamisano-eng/e,src/com/jpexs/browsers/cache/chrome/ChromeCache.java,jvm,1,0
c2f729b3bf3e1fcb7c3a015e2bac1aec4c70c717,emmaorlandiamisano-eng/e,src/com/jpexs/browsers/cache/chrome/HttpResponseInfo.java,jvm,1,0
c2f729b3bf3e1fcb7c3a015e2bac1aec4c70c717,emmaorlandiamisano-eng/e,src/com/jpexs/browsers/cache/firefox/FirefoxCache.java,jvm,1,0
c2f729b3bf3e1fcb7c3a015e2bac1aec4c70c717,emmaorlandiamisano-eng/e,src/com/jpexs/decompiler/flash/console/CommandLineArgumentParser.java,jvm,1,0
c2f729b3bf3e1fcb7c3a015e2bac1aec4c70c717,emmaorlandiamisano-eng/e,src/com/jpexs/decompiler/flash/console/ConsoleAbortRetryIgnoreHandler.java,jvm,1,0
c2f729b3bf3e1fcb7c3a015e2bac1aec4c70c717,emmaorlandiamisano-eng/e,src/com/jpexs/decompiler/flash/gui/ExportDialog.java,jvm,1,0
c2f729b3bf3e1fcb7c3a015e2bac1aec4c70c717,emmaorlandiamisano-eng/e,src/com/jpexs/decompiler/flash/gui/Main.java,jvm,1,3
c2f729b3bf3e1fcb7c3a015e2bac1aec4c70c717,emmaorlandiamisano-eng/e,src/com/jpexs/decompiler/flash/gui/MainPanel.java,jvm,1,0
c2f729b3bf3e1fcb7c3a015e2bac1aec4c70c717,emmaorlandiamisano-eng/e,src/com/jpexs/decompiler/flash/gui/abc/ClassesListTreeModel.java,jvm,1,0
c2f729b3bf3e1fcb7c3a015e2bac1aec4c70c717,emmaorlandiamisano-eng/e,src/com/jpexs/decompiler/flash/gui/proxy/ProxyFrame.java,jvm,1,0
c2f729b3bf3e1fcb7c3a015e2bac1aec4c70c717,emmaorlandiamisano-eng/e,src/com/jpexs/decompiler/flash/gui/tagtree/TagTree.java,jvm,1,0
c3777652955ce33f69a4b89966da9e0b4a15512d,TheHolyWaffle/TeamSpeak-3-Java-API,src/main/java/com/github/theholywaffle/teamspeak3/TS3Api.java,jvm,1,0
c3777652955ce33f69a4b89966da9e0b4a15512d,TheHolyWaffle/TeamSpeak-3-Java-API,src/main/java/com/github/theholywaffle/teamspeak3/TS3ApiAsync.java,jvm,1,0
c3777652955ce33f69a4b89966da9e0b4a15512d,TheHolyWaffle/TeamSpeak-3-Java-API,src/main/java/com/github/theholywaffle/teamspeak3/api/ChannelProperty.java,jvm,1,0
c3777652955ce33f69a4b89966da9e0b4a15512d,TheHolyWaffle/TeamSpeak-3-Java-API,src/main/java/com/github/theholywaffle/teamspeak3/api/ClientProperty.java,jvm,1,0
c3777652955ce33f69a4b89966da9e0b4a15512d,TheHolyWaffle/TeamSpeak-3-Java-API,src/main/java/com/github/theholywaffle/teamspeak3/api/ServerInstanceProperty.java,jvm,1,0
c3777652955ce33f69a4b89966da9e0b4a15512d,TheHolyWaffle/TeamSpeak-3-Java-API,src/main/java/com/github/theholywaffle/teamspeak3/api/VirtualServerProperty.java,jvm,1,0
c3c642d62266ac3dd3c0e331dd7c9d7d57baa540,osslabz/log-gazer,src/main/java/net/osslabz/loggazer/FileUtils.java,jvm,1,0
c3c642d62266ac3dd3c0e331dd7c9d7d57baa540,osslabz/log-gazer,src/main/java/net/osslabz/loggazer/Highlighter.java,jvm,1,0
c3c642d62266ac3dd3c0e331dd7c9d7d57baa540,osslabz/log-gazer,src/main/java/net/osslabz/loggazer/LogGazerApp.java,jvm,1,0
c4a3d356b930f238de907bc012427a9254a0c67f,Max-cfn/StonksV2,backend/src/main/java/com/picsou/adapter/CoinGeckoPriceProvider.java,jvm,1,5
c4a3d356b930f238de907bc012427a9254a0c67f,Max-cfn/StonksV2,backend/src/main/java/com/picsou/adapter/OpenFigiIsinConverter.java,jvm,1,1
c4a5f8173a13d1ad5bf7c6329193242b2ea5aac4,Project-Elixir/packages_providers_MediaProvider,src/com/android/providers/media/util/DatabaseUtils.java,jvm,1,0
c5b8788ed71b1f35b83bd709cd05706db4ab13eb,kristofferahl/FluentSecurity,FluentSecurity/Extensions.cs,dotnet,1,0
c5f2ba246a2dc4433b87cfc25a12fb6f8a414910,Vernunft/neutronneutron,neutron-hostconfig/ovs/src/main/java/org/opendaylight/neutron/hostconfig/ovs/NeutronHostconfigOvsListener.java,jvm,1,0
c5f2ba246a2dc4433b87cfc25a12fb6f8a414910,Vernunft/neutronneutron,neutron-hostconfig/vpp/src/main/java/org/opendaylight/neutron/hostconfig/vpp/NeutronHostconfigVppListener.java,jvm,1,0
c622ab69cbf202bc1d65233cba5fd01c7932ac64,hivemq/hivemq-edge,hivemq-edge/src/test/java/com/hivemq/mqtt/topic/PermissionTopicMatcherUtilsTest.java,jvm,1,0
c6f656f8f952bdf895192b0cc0cb888b6d2270b4,ynicing/object-sql,src/main/java/com/ursful/framework/orm/helper/SQLHelperCreator.java,jvm,1,0
c6f656f8f952bdf895192b0cc0cb888b6d2270b4,ynicing/object-sql,src/main/java/com/ursful/framework/orm/query/MultiQueryImpl.java,jvm,1,0
c6f656f8f952bdf895192b0cc0cb888b6d2270b4,ynicing/object-sql,src/main/java/com/ursful/framework/orm/query/QueryUtils.java,jvm,1,0
c6f656f8f952bdf895192b0cc0cb888b6d2270b4,ynicing/object-sql,src/main/java/com/ursful/framework/orm/support/Column.java,jvm,1,0
c765d03a596a2481b9aa159d1bdeeda851437729,CrazyDBug/spring-framework,spring-test/src/main/java/org/springframework/test/context/junit/jupiter/AbstractExpressionEvaluatingCondition.java,jvm,1,0
c765d03a596a2481b9aa159d1bdeeda851437729,CrazyDBug/spring-framework,spring-websocket/src/main/java/org/springframework/web/socket/client/AbstractWebSocketClient.java,jvm,1,0
c765d03a596a2481b9aa159d1bdeeda851437729,CrazyDBug/spring-framework,spring-websocket/src/main/java/org/springframework/web/socket/server/support/AbstractHandshakeHandler.java,jvm,1,0
c765d03a596a2481b9aa159d1bdeeda851437729,CrazyDBug/spring-framework,spring-websocket/src/main/java/org/springframework/web/socket/sockjs/frame/AbstractSockJsMessageCodec.java,jvm,1,0
c813fce15ab466f0f0d699c3959a27169bfa247d,TelepathicGrunt/RepurposedStructures-Quilt,src/main/java/com/telepathicgrunt/repurposedstructures/world/predicates/MatterPhaseRuleTest.java,jvm,1,0
c813fce15ab466f0f0d699c3959a27169bfa247d,TelepathicGrunt/RepurposedStructures-Quilt,src/main/java/com/telepathicgrunt/repurposedstructures/world/processors/DataBlockProcessor.java,jvm,1,0
c813fce15ab466f0f0d699c3959a27169bfa247d,TelepathicGrunt/RepurposedStructures-Quilt,src/main/java/com/telepathicgrunt/repurposedstructures/world/structures/pieces/MansionPieces.java,jvm,1,0
c847d49618c534b2dc368cd94513638135951430,fsprojects/FSharp.Data,src/FSharp.Data.Html.Core/HtmlParser.fs,dotnet,1,0
c96a22252dfeac08e36015220aa680a0b36de21a,jeff377/bee-library,src/Bee.Db/Providers/MySql/MySqlTableSchemaProvider.cs,dotnet,1,0
c96a22252dfeac08e36015220aa680a0b36de21a,jeff377/bee-library,src/Bee.Db/Providers/Oracle/OracleTableSchemaProvider.cs,dotnet,1,0
c96a22252dfeac08e36015220aa680a0b36de21a,jeff377/bee-library,src/Bee.Db/Providers/PostgreSql/PgTableSchemaProvider.cs,dotnet,1,0
c96a22252dfeac08e36015220aa680a0b36de21a,jeff377/bee-library,src/Bee.Db/Providers/SqlServer/SqlTableSchemaProvider.cs,dotnet,1,0
c96a22252dfeac08e36015220aa680a0b36de21a,jeff377/bee-library,src/Bee.Db/Providers/Sqlite/SqliteTableSchemaProvider.cs,dotnet,1,0
ca1e5d111aabbfbc043c4a1d9ad41adb221188dc,gmpsankalpa/Microsoft-PowerToy,src/modules/launcher/Wox.Plugin/AllowedLanguage.cs,dotnet,1,0
ca88e8c361f1c8c3021166d866f80417affb4188,Web3Auth/web3auth-unity-sdk,Assets/Plugins/Web3AuthSDK/Web3Auth.cs,dotnet,1,0
cabfc50a78ad1110c535608eced2ea0d17451f92,ma496/easy-for-net,src/backend/Source/Features/Identity/Endpoints/Roles/RoleListEndpoint.cs,dotnet,1,0
cabfc50a78ad1110c535608eced2ea0d17451f92,ma496/easy-for-net,src/backend/Source/Features/Identity/Endpoints/Users/UserListEndpoint.cs,dotnet,1,0
cabfc50a78ad1110c535608eced2ea0d17451f92,ma496/easy-for-net,src/backend/Source/Processors/ExceptionProcessor.cs,dotnet,1,0
cabfc50a78ad1110c535608eced2ea0d17451f92,ma496/easy-for-net,tool/EasyForNetTool/Extensions/StringExt.cs,dotnet,1,0
cadc8823f5fe79548520917741f894bd7c37ade5,amarula/reviewai-gerrit-plugin,src/main/java/com/googlesource/gerrit/plugins/reviewai/aibackend/common/client/prompt/agents/level2/SpecializedReviewAgentDefinition.java,jvm,1,0
cadc8823f5fe79548520917741f894bd7c37ade5,amarula/reviewai-gerrit-plugin,src/main/java/com/googlesource/gerrit/plugins/reviewai/config/ConfigCore.java,jvm,1,0
cadc8823f5fe79548520917741f894bd7c37ade5,amarula/reviewai-gerrit-plugin,src/main/java/com/googlesource/gerrit/plugins/reviewai/data/DbDialect.java,jvm,1,0
cadc8823f5fe79548520917741f894bd7c37ade5,amarula/reviewai-gerrit-plugin,src/main/java/com/googlesource/gerrit/plugins/reviewai/data/ReviewAiDb.java,jvm,1,0
cadc8823f5fe79548520917741f894bd7c37ade5,amarula/reviewai-gerrit-plugin,src/main/java/com/googlesource/gerrit/plugins/reviewai/utils/StringUtils.java,jvm,1,0
cb86e7325910c1c875dc939ea0fd85a55f385bb7,apache/commons-beanutils,src/main/java/org/apache/commons/beanutils2/DefaultBeanIntrospector.java,jvm,1,0
cb86e7325910c1c875dc939ea0fd85a55f385bb7,apache/commons-beanutils,src/main/java/org/apache/commons/beanutils2/sql/AbstractJdbcDynaClass.java,jvm,1,0
cc2aa2722d4e2cffecc53efe83868a4d32f34ad4,curche/no-spoilers-please,app/src/main/java/com/jarsilio/android/scrambledeggsif/utils/Utils.kt,jvm,1,0
ccb091702c6f82954747d9265e798d1d7c3788dc,AlinPara/Acumatica,src/Acuminator/Acuminator.Utilities/DiagnosticSuppression/SuppressionManagerInitInfo.cs,dotnet,1,0
cd1a74dddd8b5c2ac795994f0148d8c88f347005,ajermakovics/eclipse-instasearch,instasearch/src/it/unibz/instasearch/indexing/Field.java,jvm,1,1
cd1a74dddd8b5c2ac795994f0148d8c88f347005,ajermakovics/eclipse-instasearch,instasearch/src/it/unibz/instasearch/indexing/SearchResultDoc.java,jvm,1,0
cd1a74dddd8b5c2ac795994f0148d8c88f347005,ajermakovics/eclipse-instasearch,instasearch/src/it/unibz/instasearch/indexing/Searcher.java,jvm,1,0
cd1a74dddd8b5c2ac795994f0148d8c88f347005,ajermakovics/eclipse-instasearch,instasearch/src/it/unibz/instasearch/indexing/StorageIndexer.java,jvm,1,0
cd1a74dddd8b5c2ac795994f0148d8c88f347005,ajermakovics/eclipse-instasearch,instasearch/src/it/unibz/instasearch/indexing/WorkspaceIndexer.java,jvm,1,0
cd1a74dddd8b5c2ac795994f0148d8c88f347005,ajermakovics/eclipse-instasearch,instasearch/src/it/unibz/instasearch/indexing/querying/LowercaseConverter.java,jvm,1,0
cd1a74dddd8b5c2ac795994f0148d8c88f347005,ajermakovics/eclipse-instasearch,instasearch/src/it/unibz/instasearch/indexing/querying/ModifiedTimeConverter.java,jvm,1,1
cd1a74dddd8b5c2ac795994f0148d8c88f347005,ajermakovics/eclipse-instasearch,instasearch/src/it/unibz/instasearch/ui/InstaSearchView.java,jvm,1,0
cd1a74dddd8b5c2ac795994f0148d8c88f347005,ajermakovics/eclipse-instasearch,instasearch/src/it/unibz/instasearch/ui/ResultContentProvider.java,jvm,1,2
cd1a74dddd8b5c2ac795994f0148d8c88f347005,ajermakovics/eclipse-instasearch,instasearch/src/it/unibz/instasearch/ui/ResultLabelProvider.java,jvm,1,0
cd1a74dddd8b5c2ac795994f0148d8c88f347005,ajermakovics/eclipse-instasearch,instasearch/src/it/unibz/instasearch/ui/SearchContentProposalProvider.java,jvm,1,0
cd3d4357184e3a745d95b37ce2dd021e22ae4f21,S0L-V/wefin-be,src/main/java/com/solv/wefin/domain/news/cluster/service/NewsClusterQueryService.java,jvm,1,0
cd835908dd1aa53f3cf7b5c2707fc09fa2df3f3a,opensearch-project/ml-commons,common/src/main/java/org/opensearch/ml/common/connector/ConnectorAction.java,jvm,1,0
cd835908dd1aa53f3cf7b5c2707fc09fa2df3f3a,opensearch-project/ml-commons,common/src/main/java/org/opensearch/ml/common/input/parameter/clustering/RCFSummarizeParams.java,jvm,1,0
cd835908dd1aa53f3cf7b5c2707fc09fa2df3f3a,opensearch-project/ml-commons,ml-algorithms/src/main/java/org/opensearch/ml/engine/algorithms/agent/MLAgentExecutor.java,jvm,1,0
cd835908dd1aa53f3cf7b5c2707fc09fa2df3f3a,opensearch-project/ml-commons,plugin/src/main/java/org/opensearch/ml/action/batch/TransportBatchIngestionAction.java,jvm,1,0
cd835908dd1aa53f3cf7b5c2707fc09fa2df3f3a,opensearch-project/ml-commons,plugin/src/main/java/org/opensearch/ml/rest/RestMLPredictionAction.java,jvm,1,0
cdfbfc2ac1506c4104f2d0eea471a69129d88f22,Triple-T/simpleprovider,simpleprovider/src/main/java/de/triplet/simpleprovider/Utils.java,jvm,1,0
cf1514d6be6d0d9963984b595240d1dc1db07bc3,hitblocking/Stabilis,Bloxstrap/Bootstrapper.cs,dotnet,1,0
cf1514d6be6d0d9963984b595240d1dc1db07bc3,hitblocking/Stabilis,Bloxstrap/ProtocolHandler.cs,dotnet,1,0
cf1514d6be6d0d9963984b595240d1dc1db07bc3,hitblocking/Stabilis,Bloxstrap/RobloxDeployment.cs,dotnet,1,0
cf1514d6be6d0d9963984b595240d1dc1db07bc3,hitblocking/Stabilis,Bloxstrap/ViewModels/InstallationViewModel.cs,dotnet,1,0
cf1678183c49a9e5edc01feea0faf99d8db89cc3,FlowingCode/FontAwesomeIronIconset,src/codegen/IconsetEnumGenerator.java,jvm,1,0
cf1678183c49a9e5edc01feea0faf99d8db89cc3,FlowingCode/FontAwesomeIronIconset,src/main/generated/com/flowingcode/vaadin/addons/fontawesome/FontAwesome.java,jvm,1,0
cf543e977edf6aed8cc8b6fe12967ecbcb7a0563,wso2/transport-http,http/org.wso2.carbon.transport.http.netty/src/main/java/org/wso2/carbon/transport/http/netty/sender/channel/pool/ConnectionManager.java,jvm,1,0
d120eb0731e0f4d87b1a6852091a0a2c6851d070,spring-cloud/spring-cloud-function,spring-cloud-function-adapters/spring-cloud-function-adapter-aws/src/test/java/org/springframework/cloud/function/adapter/aws/CustomRuntimeEventLoopTest.java,jvm,1,0
d120eb0731e0f4d87b1a6852091a0a2c6851d070,spring-cloud/spring-cloud-function,spring-cloud-function-adapters/spring-cloud-function-adapter-aws/src/test/java/org/springframework/cloud/function/adapter/aws/FunctionInvokerTests.java,jvm,1,0
d120eb0731e0f4d87b1a6852091a0a2c6851d070,spring-cloud/spring-cloud-function,spring-cloud-function-adapters/spring-cloud-function-adapter-azure/src/test/java/org/springframework/cloud/function/adapter/azure/CustomFunctionInvokerTests.java,jvm,1,0
d120eb0731e0f4d87b1a6852091a0a2c6851d070,spring-cloud/spring-cloud-function,spring-cloud-function-adapters/spring-cloud-function-adapter-azure/src/test/java/org/springframework/cloud/function/adapter/azure/FunctionInvokerTests.java,jvm,1,0
d120eb0731e0f4d87b1a6852091a0a2c6851d070,spring-cloud/spring-cloud-function,spring-cloud-function-adapters/spring-cloud-function-adapter-azure/src/test/java/org/springframework/cloud/function/adapter/azure/HttpFunctionInvokerTests.java,jvm,1,0
d120eb0731e0f4d87b1a6852091a0a2c6851d070,spring-cloud/spring-cloud-function,spring-cloud-function-adapters/spring-cloud-function-adapter-azure/src/test/java/org/springframework/cloud/function/adapter/azure/injector/AzureFunctionInstanceInjectorTest.java,jvm,1,0
d120eb0731e0f4d87b1a6852091a0a2c6851d070,spring-cloud/spring-cloud-function,spring-cloud-function-adapters/spring-cloud-function-adapter-azure/src/test/java/org/springframework/cloud/function/adapter/azure/injector/FunctionInstanceInjectorServiceLoadingTest.java,jvm,1,0
d120eb0731e0f4d87b1a6852091a0a2c6851d070,spring-cloud/spring-cloud-function,spring-cloud-function-adapters/spring-cloud-function-adapter-gcp/src/test/java/org/springframework/cloud/function/adapter/gcp/integration/FunctionInvokerIntegrationTests.java,jvm,1,0
d120eb0731e0f4d87b1a6852091a0a2c6851d070,spring-cloud/spring-cloud-function,spring-cloud-function-adapters/spring-cloud-function-grpc/src/test/java/org/springframework/cloud/function/grpc/GrpcInteractionTests.java,jvm,1,0
d120eb0731e0f4d87b1a6852091a0a2c6851d070,spring-cloud/spring-cloud-function,spring-cloud-function-adapters/spring-cloud-function-serverless-web/src/main/java/org/springframework/cloud/function/serverless/web/ServerlessWebApplication.java,jvm,1,0
d120eb0731e0f4d87b1a6852091a0a2c6851d070,spring-cloud/spring-cloud-function,spring-cloud-function-context/src/main/java/org/springframework/cloud/function/actuator/FunctionsEndpoint.java,jvm,1,0
d120eb0731e0f4d87b1a6852091a0a2c6851d070,spring-cloud/spring-cloud-function,spring-cloud-function-context/src/main/java/org/springframework/cloud/function/context/catalog/SimpleFunctionRegistry.java,jvm,1,0
d120eb0731e0f4d87b1a6852091a0a2c6851d070,spring-cloud/spring-cloud-function,spring-cloud-function-context/src/main/java/org/springframework/cloud/function/utils/FunctionMessageUtils.java,jvm,1,0
d120eb0731e0f4d87b1a6852091a0a2c6851d070,spring-cloud/spring-cloud-function,spring-cloud-function-context/src/test/java/org/springframework/cloud/function/context/HybridFunctionalRegistrationTests.java,jvm,1,0
d120eb0731e0f4d87b1a6852091a0a2c6851d070,spring-cloud/spring-cloud-function,spring-cloud-function-context/src/test/java/org/springframework/cloud/function/context/catalog/BeanFactoryAwareFunctionRegistryMultiInOutTests.java,jvm,1,0
d120eb0731e0f4d87b1a6852091a0a2c6851d070,spring-cloud/spring-cloud-function,spring-cloud-function-context/src/test/java/org/springframework/cloud/function/context/catalog/BeanFactoryAwareFunctionRegistryTests.java,jvm,1,0
d120eb0731e0f4d87b1a6852091a0a2c6851d070,spring-cloud/spring-cloud-function,spring-cloud-function-context/src/test/java/org/springframework/cloud/function/context/catalog/BeanFactoryAwarePojoFunctionRegistryTests.java,jvm,1,0
d120eb0731e0f4d87b1a6852091a0a2c6851d070,spring-cloud/spring-cloud-function,spring-cloud-function-context/src/test/java/org/springframework/cloud/function/context/catalog/SimpleFunctionRegistryTests.java,jvm,1,0
d120eb0731e0f4d87b1a6852091a0a2c6851d070,spring-cloud/spring-cloud-function,spring-cloud-function-context/src/test/java/org/springframework/cloud/function/context/config/ContextFunctionCatalogAutoConfigurationTests.java,jvm,1,0
d120eb0731e0f4d87b1a6852091a0a2c6851d070,spring-cloud/spring-cloud-function,spring-cloud-function-context/src/test/java/org/springframework/cloud/function/context/config/ContextFunctionCatalogInitializerTests.java,jvm,1,0
d120eb0731e0f4d87b1a6852091a0a2c6851d070,spring-cloud/spring-cloud-function,spring-cloud-function-context/src/test/java/org/springframework/cloud/function/context/scan/TestFunction.java,jvm,1,0
d120eb0731e0f4d87b1a6852091a0a2c6851d070,spring-cloud/spring-cloud-function,spring-cloud-function-context/src/test/java/org/springframework/cloud/function/context/string/FunctionalStringSourceTests.java,jvm,1,0
d120eb0731e0f4d87b1a6852091a0a2c6851d070,spring-cloud/spring-cloud-function,spring-cloud-function-context/src/test/java/org/springframework/cloud/function/context/test/FunctionalTests.java,jvm,1,0
d120eb0731e0f4d87b1a6852091a0a2c6851d070,spring-cloud/spring-cloud-function,spring-cloud-function-context/src/test/java/org/springframework/cloud/function/inject/FooConfiguration.java,jvm,1,0
d120eb0731e0f4d87b1a6852091a0a2c6851d070,spring-cloud/spring-cloud-function,spring-cloud-function-context/src/test/java/org/springframework/cloud/function/scan/ScannedFunction.java,jvm,1,0
d120eb0731e0f4d87b1a6852091a0a2c6851d070,spring-cloud/spring-cloud-function,spring-cloud-function-context/src/test/java/org/springframework/cloud/function/test/GenericFunction.java,jvm,1,0
d120eb0731e0f4d87b1a6852091a0a2c6851d070,spring-cloud/spring-cloud-function,spring-cloud-function-deployer/src/it/bootapp-with-javax/src/main/java/function/example/SimpleFunctionAppApplication.java,jvm,1,0
d120eb0731e0f4d87b1a6852091a0a2c6851d070,spring-cloud/spring-cloud-function,spring-cloud-function-deployer/src/it/bootapp-with-javax/src/main/java/function/example/UpperCaseFunction.java,jvm,1,0
d120eb0731e0f4d87b1a6852091a0a2c6851d070,spring-cloud/spring-cloud-function,spring-cloud-function-deployer/src/it/bootapp-with-scf/src/main/java/function/example/SimpleFunctionAppApplication.java,jvm,1,0
d120eb0731e0f4d87b1a6852091a0a2c6851d070,spring-cloud/spring-cloud-function,spring-cloud-function-deployer/src/it/bootapp-with-scf/src/main/java/function/example/UpperCaseFunction.java,jvm,1,0
d120eb0731e0f4d87b1a6852091a0a2c6851d070,spring-cloud/spring-cloud-function,spring-cloud-function-deployer/src/it/bootapp/src/main/java/function/example/SimpleFunctionAppApplication.java,jvm,1,0
d120eb0731e0f4d87b1a6852091a0a2c6851d070,spring-cloud/spring-cloud-function,spring-cloud-function-deployer/src/it/bootapp/src/main/java/function/example/UpperCaseFunction.java,jvm,1,0
d120eb0731e0f4d87b1a6852091a0a2c6851d070,spring-cloud/spring-cloud-function,spring-cloud-function-deployer/src/it/bootjar/src/main/java/function/example/UpperCaseFunction.java,jvm,1,0
d120eb0731e0f4d87b1a6852091a0a2c6851d070,spring-cloud/spring-cloud-function,spring-cloud-function-deployer/src/it/bootjarnostart/src/main/java/function/example/UpperCaseFunction.java,jvm,1,0
d120eb0731e0f4d87b1a6852091a0a2c6851d070,spring-cloud/spring-cloud-function,spring-cloud-function-deployer/src/it/simplestjarcs/src/main/java/functions/UpperCaseFunction.java,jvm,1,0
d120eb0731e0f4d87b1a6852091a0a2c6851d070,spring-cloud/spring-cloud-function,spring-cloud-function-rsocket/src/test/java/org/springframework/cloud/function/rsocket/MessageRoutingCallbackRSocketTests.java,jvm,1,0
d120eb0731e0f4d87b1a6852091a0a2c6851d070,spring-cloud/spring-cloud-function,spring-cloud-function-rsocket/src/test/java/org/springframework/cloud/function/rsocket/MessagingTests.java,jvm,1,0
d120eb0731e0f4d87b1a6852091a0a2c6851d070,spring-cloud/spring-cloud-function,spring-cloud-function-rsocket/src/test/java/org/springframework/cloud/function/rsocket/RSocketAutoConfigurationRoutingTests.java,jvm,1,0
d120eb0731e0f4d87b1a6852091a0a2c6851d070,spring-cloud/spring-cloud-function,spring-cloud-function-rsocket/src/test/java/org/springframework/cloud/function/rsocket/RSocketAutoConfigurationTests.java,jvm,1,0
d120eb0731e0f4d87b1a6852091a0a2c6851d070,spring-cloud/spring-cloud-function,spring-cloud-function-rsocket/src/test/java/org/springframework/cloud/function/rsocket/RoutingBrokerTests.java,jvm,1,0
d120eb0731e0f4d87b1a6852091a0a2c6851d070,spring-cloud/spring-cloud-function,spring-cloud-function-samples/function-functional-sample-aws/src/main/java/example/FunctionConfiguration.java,jvm,1,0
d120eb0731e0f4d87b1a6852091a0a2c6851d070,spring-cloud/spring-cloud-function,spring-cloud-function-samples/function-sample-aws-custom-bean/src/main/java/com/example/LambdaApplication.java,jvm,1,0
d120eb0731e0f4d87b1a6852091a0a2c6851d070,spring-cloud/spring-cloud-function,spring-cloud-function-samples/function-sample-aws-custom/src/main/java/com/example/LambdaApplication.java,jvm,1,0
d120eb0731e0f4d87b1a6852091a0a2c6851d070,spring-cloud/spring-cloud-function,spring-cloud-function-samples/function-sample-aws-native/src/main/java/com/example/demo/NativeFunctionApplication.java,jvm,1,0
d120eb0731e0f4d87b1a6852091a0a2c6851d070,spring-cloud/spring-cloud-function,spring-cloud-function-samples/function-sample-aws-routing/src/main/java/example/FunctionConfiguration.java,jvm,1,0
d120eb0731e0f4d87b1a6852091a0a2c6851d070,spring-cloud/spring-cloud-function,spring-cloud-function-samples/function-sample-aws/src/main/java/example/FunctionConfiguration.java,jvm,1,0
d120eb0731e0f4d87b1a6852091a0a2c6851d070,spring-cloud/spring-cloud-function,spring-cloud-function-samples/function-sample-azure-blob-trigger/src/main/java/com/example/azure/di/azureblobtriggerdemo/AzureBlobTriggerDemoApplication.java,jvm,1,0
d120eb0731e0f4d87b1a6852091a0a2c6851d070,spring-cloud/spring-cloud-function,spring-cloud-function-samples/function-sample-azure-http-trigger-gradle/src/main/java/org/scf/azure/gradle/GradleDemoApplication.java,jvm,1,0
d120eb0731e0f4d87b1a6852091a0a2c6851d070,spring-cloud/spring-cloud-function,spring-cloud-function-samples/function-sample-azure-http-trigger/src/main/java/com/example/azure/di/httptriggerdemo/HttpTriggerDemoApplication.java,jvm,1,0
d120eb0731e0f4d87b1a6852091a0a2c6851d070,spring-cloud/spring-cloud-function,spring-cloud-function-samples/function-sample-azure-kafka-trigger/src/main/java/example/KafkaTriggerDemoApplication.java,jvm,1,0
d120eb0731e0f4d87b1a6852091a0a2c6851d070,spring-cloud/spring-cloud-function,spring-cloud-function-samples/function-sample-azure-time-trigger/src/main/java/com/example/azure/di/timetriggerdemo/TimeTriggerDemoApplication.java,jvm,1,0
d120eb0731e0f4d87b1a6852091a0a2c6851d070,spring-cloud/spring-cloud-function,spring-cloud-function-samples/function-sample-azure/src/main/java/example/Config.java,jvm,1,0
d120eb0731e0f4d87b1a6852091a0a2c6851d070,spring-cloud/spring-cloud-function,spring-cloud-function-samples/function-sample-azure/src/main/java/example/ReactiveEchoCustomResultHandler.java,jvm,1,0
d120eb0731e0f4d87b1a6852091a0a2c6851d070,spring-cloud/spring-cloud-function,spring-cloud-function-samples/function-sample-functional-aws-routing/src/main/java/example/FunctionConfiguration.java,jvm,1,0
d120eb0731e0f4d87b1a6852091a0a2c6851d070,spring-cloud/spring-cloud-function,spring-cloud-function-samples/function-sample-gcp-http/src/main/java/com/example/CloudFunctionMain.java,jvm,1,0
d120eb0731e0f4d87b1a6852091a0a2c6851d070,spring-cloud/spring-cloud-function,spring-cloud-function-samples/function-sample-grpc-cloudevent/src/main/java/com/example/grpc/demo/DemoGrpcApplication.java,jvm,1,0
d120eb0731e0f4d87b1a6852091a0a2c6851d070,spring-cloud/spring-cloud-function,spring-cloud-function-samples/function-sample-pojo/src/main/java/com/example/SampleApplication.java,jvm,1,0
d120eb0731e0f4d87b1a6852091a0a2c6851d070,spring-cloud/spring-cloud-function,spring-cloud-function-samples/function-sample/src/main/java/com/example/SampleApplication.java,jvm,1,0
d120eb0731e0f4d87b1a6852091a0a2c6851d070,spring-cloud/spring-cloud-function,spring-cloud-function-samples/scf-aws-day1/src/main/java/oz/spring/aws/functions/FunctionConfiguration.java,jvm,1,0
d120eb0731e0f4d87b1a6852091a0a2c6851d070,spring-cloud/spring-cloud-function,spring-cloud-function-samples/scf-aws-routing/src/main/java/oz/spring/aws/functions/FunctionRoutingConfiguration.java,jvm,1,0
d120eb0731e0f4d87b1a6852091a0a2c6851d070,spring-cloud/spring-cloud-function,spring-cloud-function-web/src/main/java/org/springframework/cloud/function/web/util/HeaderUtils.java,jvm,1,0
d120eb0731e0f4d87b1a6852091a0a2c6851d070,spring-cloud/spring-cloud-function,spring-cloud-function-web/src/test/java/org/springframework/cloud/function/flux/FluxRestApplicationTests.java,jvm,1,0
d120eb0731e0f4d87b1a6852091a0a2c6851d070,spring-cloud/spring-cloud-function,spring-cloud-function-web/src/test/java/org/springframework/cloud/function/mvc/MvcRestApplicationTests.java,jvm,1,0
d120eb0731e0f4d87b1a6852091a0a2c6851d070,spring-cloud/spring-cloud-function,spring-cloud-function-web/src/test/java/org/springframework/cloud/function/test/ExplicitNonFunctionalTests.java,jvm,1,0
d120eb0731e0f4d87b1a6852091a0a2c6851d070,spring-cloud/spring-cloud-function,spring-cloud-function-web/src/test/java/org/springframework/cloud/function/test/FunctionalExporterTests.java,jvm,1,0
d120eb0731e0f4d87b1a6852091a0a2c6851d070,spring-cloud/spring-cloud-function,spring-cloud-function-web/src/test/java/org/springframework/cloud/function/test/FunctionalTests.java,jvm,1,0
d120eb0731e0f4d87b1a6852091a0a2c6851d070,spring-cloud/spring-cloud-function,spring-cloud-function-web/src/test/java/org/springframework/cloud/function/test/FunctionalWithInputListTests.java,jvm,1,0
d120eb0731e0f4d87b1a6852091a0a2c6851d070,spring-cloud/spring-cloud-function,spring-cloud-function-web/src/test/java/org/springframework/cloud/function/test/FunctionalWithInputSetTests.java,jvm,1,0
d120eb0731e0f4d87b1a6852091a0a2c6851d070,spring-cloud/spring-cloud-function,spring-cloud-function-web/src/test/java/org/springframework/cloud/function/test/HeadersToMessageTests.java,jvm,1,0
d120eb0731e0f4d87b1a6852091a0a2c6851d070,spring-cloud/spring-cloud-function,spring-cloud-function-web/src/test/java/org/springframework/cloud/function/test/ImplicitNonFunctionalTests.java,jvm,1,0
d120eb0731e0f4d87b1a6852091a0a2c6851d070,spring-cloud/spring-cloud-function,spring-cloud-function-web/src/test/java/org/springframework/cloud/function/test/PojoTests.java,jvm,1,0
d120eb0731e0f4d87b1a6852091a0a2c6851d070,spring-cloud/spring-cloud-function,spring-cloud-function-web/src/test/java/org/springframework/cloud/function/web/flux/HttpGetIntegrationTests.java,jvm,1,0
d120eb0731e0f4d87b1a6852091a0a2c6851d070,spring-cloud/spring-cloud-function,spring-cloud-function-web/src/test/java/org/springframework/cloud/function/web/flux/HttpPostIntegrationTests.java,jvm,1,0
d120eb0731e0f4d87b1a6852091a0a2c6851d070,spring-cloud/spring-cloud-function,spring-cloud-function-web/src/test/java/org/springframework/cloud/function/web/function/FunctionEndpointInitializerMVCTests.java,jvm,1,0
d120eb0731e0f4d87b1a6852091a0a2c6851d070,spring-cloud/spring-cloud-function,spring-cloud-function-web/src/test/java/org/springframework/cloud/function/web/function/FunctionEndpointInitializerTests.java,jvm,1,0
d120eb0731e0f4d87b1a6852091a0a2c6851d070,spring-cloud/spring-cloud-function,spring-cloud-function-web/src/test/java/org/springframework/cloud/function/web/function/UserSubmittedTests.java,jvm,1,0
d120eb0731e0f4d87b1a6852091a0a2c6851d070,spring-cloud/spring-cloud-function,spring-cloud-function-web/src/test/java/org/springframework/cloud/function/web/mvc/DefaultRouteTests.java,jvm,1,0
d120eb0731e0f4d87b1a6852091a0a2c6851d070,spring-cloud/spring-cloud-function,spring-cloud-function-web/src/test/java/org/springframework/cloud/function/web/mvc/HttpGetIntegrationTests.java,jvm,1,0
d120eb0731e0f4d87b1a6852091a0a2c6851d070,spring-cloud/spring-cloud-function,spring-cloud-function-web/src/test/java/org/springframework/cloud/function/web/mvc/HttpPostIntegrationTests.java,jvm,1,0
d120eb0731e0f4d87b1a6852091a0a2c6851d070,spring-cloud/spring-cloud-function,spring-cloud-function-web/src/test/java/org/springframework/cloud/function/web/mvc/MultipartFileTests.java,jvm,1,0
d120eb0731e0f4d87b1a6852091a0a2c6851d070,spring-cloud/spring-cloud-function,spring-cloud-function-web/src/test/java/org/springframework/cloud/function/web/mvc/RoutingFunctionTests.java,jvm,1,0
d120eb0731e0f4d87b1a6852091a0a2c6851d070,spring-cloud/spring-cloud-function,spring-cloud-function-web/src/test/java/org/springframework/cloud/function/web/source/FunctionAutoConfigurationIntegrationTests.java,jvm,1,0
d120eb0731e0f4d87b1a6852091a0a2c6851d070,spring-cloud/spring-cloud-function,spring-cloud-function-web/src/test/java/org/springframework/cloud/function/web/source/FunctionAutoConfigurationWithRetriesIntegrationTests.java,jvm,1,0
d16172084ae28bd1031c7aa862753a371b9fd4b9,msajusfr/dataSeeker,src/main/java/com/example/dataseeker/service/DocumentService.java,jvm,1,0
d195e63839c51748ebd9e5bf66d8b5f90c27013f,moongua404/returney-flow,flow-spi/src/main/java/com/returney/flow/port/ApiKeySupplier.java,jvm,1,0
d432301d919587711f44dfee9415aae93cc9f9f3,janslav/steamengine,moriaengine/GameCore/CompiledScripts/ClassTemplates/ClassTemplateBase.cs,dotnet,1,0
d432301d919587711f44dfee9415aae93cc9f9f3,janslav/steamengine,moriaengine/ProcessRestarter/MainClass.cs,dotnet,1,0
d432301d919587711f44dfee9415aae93cc9f9f3,janslav/steamengine,moriaengine/SphereShardConverter/ConvertedCharDef.cs,dotnet,1,0
d432301d919587711f44dfee9415aae93cc9f9f3,janslav/steamengine,moriaengine/SphereShardConverter/ConvertedDef.cs,dotnet,1,0
d432301d919587711f44dfee9415aae93cc9f9f3,janslav/steamengine,moriaengine/SphereShardConverter/ConvertedFile.cs,dotnet,1,0
d432301d919587711f44dfee9415aae93cc9f9f3,janslav/steamengine,moriaengine/SphereShardConverter/ConvertedItemDef.cs,dotnet,1,0
d432301d919587711f44dfee9415aae93cc9f9f3,janslav/steamengine,moriaengine/SphereShardConverter/ConvertedRegion.cs,dotnet,1,0
d432301d919587711f44dfee9415aae93cc9f9f3,janslav/steamengine,moriaengine/SphereShardConverter/ConvertedTemplateDef.cs,dotnet,1,0
d432301d919587711f44dfee9415aae93cc9f9f3,janslav/steamengine,moriaengine/SphereShardConverter/Main.cs,dotnet,1,0
d432301d919587711f44dfee9415aae93cc9f9f3,janslav/steamengine,moriaengine/scripts/systems/Roles/Role.cs,dotnet,1,0
d432301d919587711f44dfee9415aae93cc9f9f3,janslav/steamengine,moriaengine/scripts/systems/Roles/RoleMembership.cs,dotnet,1,0
d432301d919587711f44dfee9415aae93cc9f9f3,janslav/steamengine,moriaengine/scripts/systems/Target.cs,dotnet,1,0
d432301d919587711f44dfee9415aae93cc9f9f3,janslav/steamengine,moriaengine/scripts/systems/dialogs/Input.cs,dotnet,1,0
d432301d919587711f44dfee9415aae93cc9f9f3,janslav/steamengine,moriaengine/scripts/systems/skills/Magery/Spells/SpellDef.cs,dotnet,1,0
d46fff99dabfd27761ffae7e422e51923b6b34ef,raamznkc1/SE116_Project,src/UtilityDistributor.java,jvm,1,0
d48cd95755f232b5fbd97497c3c51f00eee362ee,catatafishen/agentbridge,plugin-core/src/main/java/com/github/catatafishen/agentbridge/psi/RunConfigurationService.java,jvm,1,1
d48cd95755f232b5fbd97497c3c51f00eee362ee,catatafishen/agentbridge,plugin-core/src/main/java/com/github/catatafishen/agentbridge/psi/ShellScriptRunConfigXmlBuilder.java,jvm,1,0
d6c43958ad27b930ad24364471177ad925b0cf8a,219225-waqasfayyaz/commons-fileupload,src/main/java/org/apache/commons/fileupload/FileUploadBase.java,jvm,1,0
d6c43958ad27b930ad24364471177ad925b0cf8a,219225-waqasfayyaz/commons-fileupload,src/main/java/org/apache/commons/fileupload/util/FileItemHeadersImpl.java,jvm,1,0
d73a305ae065ebcce9bf444b4fcf1f6f77312cad,coding-1ab/modpack-season-2,mods/Applied-Energistics-2/src/api/java/appeng/api/config/SecurityPermissions.java,jvm,1,0
d73a305ae065ebcce9bf444b4fcf1f6f77312cad,coding-1ab/modpack-season-2,mods/Applied-Energistics-2/src/main/java/appeng/block/networking/WirelessBlock.java,jvm,1,0
d73a305ae065ebcce9bf444b4fcf1f6f77312cad,coding-1ab/modpack-season-2,mods/Applied-Energistics-2/src/main/java/appeng/client/ActionKey.java,jvm,1,0
d73a305ae065ebcce9bf444b4fcf1f6f77312cad,coding-1ab/modpack-season-2,mods/Applied-Energistics-2/src/main/java/appeng/client/render/FacingToRotation.java,jvm,1,0
d73a305ae065ebcce9bf444b4fcf1f6f77312cad,coding-1ab/modpack-season-2,mods/Applied-Energistics-2/src/main/java/appeng/client/render/cablebus/CableBuilder.java,jvm,1,0
d73a305ae065ebcce9bf444b4fcf1f6f77312cad,coding-1ab/modpack-season-2,mods/Applied-Energistics-2/src/main/java/appeng/client/render/cablebus/CableCoreType.java,jvm,1,0
d73a305ae065ebcce9bf444b4fcf1f6f77312cad,coding-1ab/modpack-season-2,mods/Applied-Energistics-2/src/main/java/appeng/client/render/crafting/CraftingCubeModelLoader.java,jvm,1,0
d73a305ae065ebcce9bf444b4fcf1f6f77312cad,coding-1ab/modpack-season-2,mods/Applied-Energistics-2/src/main/java/appeng/client/render/effects/EnergyParticleData.java,jvm,1,0
d73a305ae065ebcce9bf444b4fcf1f6f77312cad,coding-1ab/modpack-season-2,mods/Applied-Energistics-2/src/main/java/appeng/client/render/spatial/SpatialPylonModel.java,jvm,1,0
d73a305ae065ebcce9bf444b4fcf1f6f77312cad,coding-1ab/modpack-season-2,mods/Applied-Energistics-2/src/main/java/appeng/server/AECommand.java,jvm,1,0
d763995a6ec849d445d2fa6fb1a9b1f157e027cd,ctd-mh3/NavyDecoderPlus-OpenSource-Android,navyDecoderPlus/src/main/java/com/crashtestdummylimited/navydecoderplus/controller/DecodeProvider.java,jvm,1,0
d79f1cd9bbe2c0565594cdcc196abd1377588ac4,eclipse-ee4j/mojarra,impl/src/main/java/com/sun/faces/renderkit/html_basic/TextRenderer.java,jvm,1,0
d800b07e52fd9339a1ddb54aaa48a7b6df362386,Deployd-io/Dnn.platform,DNN Platform/Library/Services/Tokens/PropertyAccess/CulturePropertyAccess.cs,dotnet,1,0
da02ac81aa0d975486c02c16e881b26106490007,StormAtronach/MGE-XE-descawed,MGEgui/DirectX/BSA.cs,dotnet,1,0
da02ac81aa0d975486c02c16e881b26106490007,StormAtronach/MGE-XE-descawed,MGEgui/DirectX/DistantLandTextures.cs,dotnet,1,0
da02ac81aa0d975486c02c16e881b26106490007,StormAtronach/MGE-XE-descawed,MGEgui/DistantLand/DistantLandForm.cs,dotnet,1,0
da24dc1e2cb2d25fc973ffba3cce66d63f89f3c2,FixRM/D365Extensions,D365Extensions/D365Extensions/ConditionExpressionExtensions.cs,dotnet,1,0
da24dc1e2cb2d25fc973ffba3cce66d63f89f3c2,FixRM/D365Extensions,D365Extensions/D365Extensions/EntityExtensions.cs,dotnet,1,0
da24dc1e2cb2d25fc973ffba3cce66d63f89f3c2,FixRM/D365Extensions,D365Extensions/D365Extensions/FilterExpressionExtensions.cs,dotnet,1,0
da24dc1e2cb2d25fc973ffba3cce66d63f89f3c2,FixRM/D365Extensions,D365Extensions/D365Extensions/LinkEntity.cs,dotnet,1,0
da24dc1e2cb2d25fc973ffba3cce66d63f89f3c2,FixRM/D365Extensions,D365Extensions/D365Extensions/ProperyExpression.cs,dotnet,1,0
da24dc1e2cb2d25fc973ffba3cce66d63f89f3c2,FixRM/D365Extensions,D365Extensions/D365Extensions/QueryExpressionExtensions.cs,dotnet,1,0
dc784cdd7703a12769fc0ec3b0138155a7b1474d,longnh-otoso/aosp_bluetooth,android/app/src/com/android/bluetooth/DeviceWorkArounds.java,jvm,1,0
dc784cdd7703a12769fc0ec3b0138155a7b1474d,longnh-otoso/aosp_bluetooth,android/app/src/com/android/bluetooth/avrcpcontroller/bip/BipEncoding.java,jvm,1,0
dc784cdd7703a12769fc0ec3b0138155a7b1474d,longnh-otoso/aosp_bluetooth,android/app/src/com/android/bluetooth/avrcpcontroller/bip/BipTransformation.java,jvm,1,0
dc784cdd7703a12769fc0ec3b0138155a7b1474d,longnh-otoso/aosp_bluetooth,android/app/src/com/android/bluetooth/btservice/AdapterService.java,jvm,1,0
dc784cdd7703a12769fc0ec3b0138155a7b1474d,longnh-otoso/aosp_bluetooth,android/app/src/com/android/bluetooth/map/BluetoothMapContent.java,jvm,1,0
dc784cdd7703a12769fc0ec3b0138155a7b1474d,longnh-otoso/aosp_bluetooth,android/app/src/com/android/bluetooth/map/BluetoothMapContentObserver.java,jvm,1,0
dc784cdd7703a12769fc0ec3b0138155a7b1474d,longnh-otoso/aosp_bluetooth,android/app/src/com/android/bluetooth/map/BluetoothMapFolderElement.java,jvm,1,0
dc784cdd7703a12769fc0ec3b0138155a7b1474d,longnh-otoso/aosp_bluetooth,android/app/src/com/android/bluetooth/map/BluetoothMapUtils.java,jvm,1,0
dc784cdd7703a12769fc0ec3b0138155a7b1474d,longnh-otoso/aosp_bluetooth,android/app/src/com/android/bluetooth/map/BluetoothMapbMessage.java,jvm,1,0
dc784cdd7703a12769fc0ec3b0138155a7b1474d,longnh-otoso/aosp_bluetooth,android/app/src/com/android/bluetooth/map/BluetoothMapbMessageMime.java,jvm,1,0
dc784cdd7703a12769fc0ec3b0138155a7b1474d,longnh-otoso/aosp_bluetooth,android/app/src/com/android/bluetooth/opp/BluetoothOppObexServerSession.java,jvm,1,0
dc784cdd7703a12769fc0ec3b0138155a7b1474d,longnh-otoso/aosp_bluetooth,android/app/src/com/android/bluetooth/pbap/BluetoothPbapObexServer.java,jvm,1,0
dc784cdd7703a12769fc0ec3b0138155a7b1474d,longnh-otoso/aosp_bluetooth,android/app/tests/unit/src/com/android/bluetooth/opp/BluetoothOppNotificationTest.java,jvm,1,0
dd5a377f40ab1c77fded02f33ee86d53d7d8f924,staxrip/staxrip,Encoding/AOMEnc.vb,dotnet,1,0
dd5a377f40ab1c77fded02f33ee86d53d7d8f924,staxrip/staxrip,Encoding/x265Enc.vb,dotnet,1,0
dd5a377f40ab1c77fded02f33ee86d53d7d8f924,staxrip/staxrip,General/Extensions.vb,dotnet,1,0
dd5a377f40ab1c77fded02f33ee86d53d7d8f924,staxrip/staxrip,UI/ImageUtils.vb,dotnet,1,0
dd5a377f40ab1c77fded02f33ee86d53d7d8f924,staxrip/staxrip,UI/Misc.vb,dotnet,1,0
de07d2dcfb986f98656e376c26c1d14ad80d8dd8,Henryyy1106/unichatbot-android,app/src/main/java/com/sunway/unichatbot/FaqDatabase.java,jvm,1,0
dec7c6a2d31a7877c43713392a6605253e301c41,joansmith2/grails-core,grails-bootstrap/src/main/groovy/grails/util/Environment.java,jvm,1,2
ded57f1c556001f74899fa0c5dd5f1aaae39d0dd,mongodb/mongo-kafka,src/integrationTest/java/com/mongodb/kafka/connect/mongodb/ChangeStreamOperations.java,jvm,1,0
ded57f1c556001f74899fa0c5dd5f1aaae39d0dd,mongodb/mongo-kafka,src/main/java/com/mongodb/kafka/connect/source/MongoSourceConfig.java,jvm,1,3
ded57f1c556001f74899fa0c5dd5f1aaae39d0dd,mongodb/mongo-kafka,src/main/java/com/mongodb/kafka/connect/source/schema/BsonValueToSchemaAndValue.java,jvm,1,0
ded57f1c556001f74899fa0c5dd5f1aaae39d0dd,mongodb/mongo-kafka,src/main/java/com/mongodb/kafka/connect/util/Validators.java,jvm,1,0
e0d0efcfb5a0995b6c5d91a39f00b6264065b04e,gatling/gatling,gatling-http-client/src/main/java/io/gatling/http/client/uri/UriParser.java,jvm,1,0
e21688ca1e32be31d33ea1b84d3295ca6a9c6453,tombaldwin/candor-java,src/main/java/io/poly/candor/Candor.java,jvm,1,0
e21688ca1e32be31d33ea1b84d3295ca6a9c6453,tombaldwin/candor-java,src/main/java/io/poly/candor/Literals.java,jvm,1,0
e21688ca1e32be31d33ea1b84d3295ca6a9c6453,tombaldwin/candor-java,src/main/java/io/poly/candor/Loader.java,jvm,1,0
e26d9a57edc57368626ce2335e4a72a5a3246dbb,deltaDNA/android-sdk,library/src/main/java/com/deltadna/android/sdk/EventTrigger.java,jvm,1,0
e2cf6d135e60b486f30ef78f2c4560d194b11311,PositiveTechnologies/PT.PM,Sources/PT.PM.AntlrUtils/AntlrCaseInsensitiveInputStream.cs,dotnet,1,0
e2d2aa96541d529c54885e6ba28ed4cd718b2f8c,jmalarcon/MIIS,src/IISHelpers/TemplatingHelper.cs,dotnet,1,0
e2d2aa96541d529c54885e6ba28ed4cd718b2f8c,jmalarcon/MIIS,src/IISHelpers/TypesHelper.cs,dotnet,1,0
e2d2aa96541d529c54885e6ba28ed4cd718b2f8c,jmalarcon/MIIS,src/MIISHandler/FieldValuesHelper.cs,dotnet,1,0
e2d2aa96541d529c54885e6ba28ed4cd718b2f8c,jmalarcon/MIIS,src/MIISHandler/HTMLRenderer.cs,dotnet,1,0
e2d2aa96541d529c54885e6ba28ed4cd718b2f8c,jmalarcon/MIIS,src/MIISHandler/MDFieldsResolver.cs,dotnet,1,0
e2d2aa96541d529c54885e6ba28ed4cd718b2f8c,jmalarcon/MIIS,src/MIISHandler/MarkdownFile.cs,dotnet,1,0
e2d2aa96541d529c54885e6ba28ed4cd718b2f8c,jmalarcon/MIIS,src/MIISHandler/Tags/InsertFile.cs,dotnet,1,0
e2d2aa96541d529c54885e6ba28ed4cd718b2f8c,jmalarcon/MIIS,src/SampleExtensions/MIISToTitleCaseFilter/TitleCaseFilter.cs,dotnet,1,0
e2f56399527ff4b04515ddcda8cf80b387747e64,lenovo-inc/superfishremoval,SuperFishRemovalTool/Utilities/ApplicationUtility.cs,dotnet,1,0
e2f56399527ff4b04515ddcda8cf80b387747e64,lenovo-inc/superfishremoval,SuperFishRemovalTool/Utilities/CertificateUtility.cs,dotnet,1,0
e3b921eb013800454ed1c795aea4a43273a5ff9f,mivertowski/DotCompute,benchmarks/DotCompute.Benchmarks/KernelCompilationBenchmarks.cs,dotnet,1,0
e3b921eb013800454ed1c795aea4a43273a5ff9f,mivertowski/DotCompute,benchmarks/DotCompute.Benchmarks/Program.cs,dotnet,1,0
e3b921eb013800454ed1c795aea4a43273a5ff9f,mivertowski/DotCompute,tests/Integration/DotCompute.Integration.Tests/ErrorRecoveryIntegrationTests.cs,dotnet,1,0
e3b921eb013800454ed1c795aea4a43273a5ff9f,mivertowski/DotCompute,tests/Integration/DotCompute.Integration.Tests/PerformanceValidationIntegrationTests.cs,dotnet,1,0
e3b921eb013800454ed1c795aea4a43273a5ff9f,mivertowski/DotCompute,tests/Shared/DotCompute.Tests.Implementations/Plugins/TestBackendPlugin.cs,dotnet,1,0
e4d1005c4a8c4148c95d9faaaf69be3ab1d5412a,jackylam94/QuantConnect,Engine/DataFeeds/Enumerators/Factories/FineFundamentalSubscriptionEnumeratorFactory.cs,dotnet,1,0
e4e9fdc90eea74608e49f1877792c3ba70555356,panossot/test,core/src/main/java/io/undertow/client/http/HttpClientConnection.java,jvm,1,0
e4e9fdc90eea74608e49f1877792c3ba70555356,panossot/test,core/src/main/java/io/undertow/server/session/PathParameterSessionConfig.java,jvm,1,0
e4e9fdc90eea74608e49f1877792c3ba70555356,panossot/test,core/src/main/java/io/undertow/websockets/client/WebSocket13ClientHandshake.java,jvm,1,0
e4e9fdc90eea74608e49f1877792c3ba70555356,panossot/test,servlet/src/main/java/io/undertow/servlet/spec/HttpServletResponseImpl.java,jvm,1,0
e4e9fdc90eea74608e49f1877792c3ba70555356,panossot/test,servlet/src/main/java/io/undertow/servlet/spec/ServletContextImpl.java,jvm,1,0
e58be3d6d87cc12e79cb73326970ddd856660415,jipijapa/jipijapa,core/src/main/java/org/jboss/as/jpa/processor/JPAAnnotationParseProcessor.java,jvm,1,0
e58be3d6d87cc12e79cb73326970ddd856660415,jipijapa/jipijapa,core/src/main/java/org/jboss/as/jpa/processor/PersistenceUnitDeploymentProcessor.java,jvm,1,0
e58be3d6d87cc12e79cb73326970ddd856660415,jipijapa/jipijapa,core/src/main/java/org/jboss/as/jpa/processor/PersistenceUnitParseProcessor.java,jvm,1,0
e5d1fe753aa8eb9611f9f5a8d6a8b886dfd823f5,x3freak/BloodMagic-1.19.2,src/main/java/wayoftime/bloodmagic/common/data/GeneratorItemModels.java,jvm,1,0
e5d1fe753aa8eb9611f9f5a8d6a8b886dfd823f5,x3freak/BloodMagic-1.19.2,src/main/java/wayoftime/bloodmagic/common/item/ItemActivationCrystal.java,jvm,1,0
e5d1fe753aa8eb9611f9f5a8d6a8b886dfd823f5,x3freak/BloodMagic-1.19.2,src/main/java/wayoftime/bloodmagic/common/item/ItemRitualDiviner.java,jvm,1,0
e5d1fe753aa8eb9611f9f5a8d6a8b886dfd823f5,x3freak/BloodMagic-1.19.2,src/main/java/wayoftime/bloodmagic/common/item/ItemRitualReader.java,jvm,1,0
e5d1fe753aa8eb9611f9f5a8d6a8b886dfd823f5,x3freak/BloodMagic-1.19.2,src/main/java/wayoftime/bloodmagic/common/item/ItemSentientScythe.java,jvm,1,0
e5d1fe753aa8eb9611f9f5a8d6a8b886dfd823f5,x3freak/BloodMagic-1.19.2,src/main/java/wayoftime/bloodmagic/common/item/soul/ItemSentientAxe.java,jvm,1,0
e5d1fe753aa8eb9611f9f5a8d6a8b886dfd823f5,x3freak/BloodMagic-1.19.2,src/main/java/wayoftime/bloodmagic/common/item/soul/ItemSentientPickaxe.java,jvm,1,0
e5d1fe753aa8eb9611f9f5a8d6a8b886dfd823f5,x3freak/BloodMagic-1.19.2,src/main/java/wayoftime/bloodmagic/common/item/soul/ItemSentientShovel.java,jvm,1,0
e5d1fe753aa8eb9611f9f5a8d6a8b886dfd823f5,x3freak/BloodMagic-1.19.2,src/main/java/wayoftime/bloodmagic/common/item/soul/ItemSentientSword.java,jvm,1,0
e5d1fe753aa8eb9611f9f5a8d6a8b886dfd823f5,x3freak/BloodMagic-1.19.2,src/main/java/wayoftime/bloodmagic/common/item/soul/ItemSoulGem.java,jvm,1,0
e5d1fe753aa8eb9611f9f5a8d6a8b886dfd823f5,x3freak/BloodMagic-1.19.2,src/main/java/wayoftime/bloodmagic/compat/patchouli/RegisterPatchouliMultiblocks.java,jvm,1,0
e5d1fe753aa8eb9611f9f5a8d6a8b886dfd823f5,x3freak/BloodMagic-1.19.2,src/main/java/wayoftime/bloodmagic/tile/TileMasterRitualStone.java,jvm,1,0
e7b895ed0942fd154a91b52c71437fb93afec109,essensoft/paylinks,src/Essensoft.AspNetCore.Payment.Alipay/AlipayDictionary.cs,dotnet,1,0
e7b895ed0942fd154a91b52c71437fb93afec109,essensoft/paylinks,src/Essensoft.AspNetCore.Payment.Alipay/Utility/AlipayUtility.cs,dotnet,1,0
e7b895ed0942fd154a91b52c71437fb93afec109,essensoft/paylinks,src/Essensoft.AspNetCore.Payment.Alipay/Utility/AntCertificationUtil.cs,dotnet,1,0
e8308b0884c0c8951d91935179a8e1217897e606,tagadvance/Standard-52-Card-Deck,src/main/java/com/tagadvance/deck/CreateCards.java,jvm,1,0
e8a10f71511cdfc951452a4dbbba3142393e7c1d,patrickrb/rttyaf,ft8cn/app/src/main/java/com/bg7yoz/ft8cn/Ft8Message.java,jvm,1,5
e8be4016d631cd176740eac939f216a574964bee,indhushankar/JMeter_Customization,src/components/src/main/java/org/apache/jmeter/visualizers/backend/ErrorMetric.java,jvm,1,0
e8be4016d631cd176740eac939f216a574964bee,indhushankar/JMeter_Customization,src/components/src/main/java/org/apache/jmeter/visualizers/backend/WindowMode.java,jvm,1,0
e8be4016d631cd176740eac939f216a574964bee,indhushankar/JMeter_Customization,src/core/src/main/java/org/apache/jmeter/gui/JMeterFileFilter.java,jvm,1,0
e8be4016d631cd176740eac939f216a574964bee,indhushankar/JMeter_Customization,src/core/src/main/java/org/apache/jmeter/gui/action/SSLManagerCommand.java,jvm,1,0
e8be4016d631cd176740eac939f216a574964bee,indhushankar/JMeter_Customization,src/core/src/main/java/org/apache/jmeter/report/dashboard/ReportGenerator.java,jvm,1,0
e8be4016d631cd176740eac939f216a574964bee,indhushankar/JMeter_Customization,src/core/src/main/java/org/apache/jmeter/testbeans/gui/TextAreaEditor.java,jvm,1,0
e8be4016d631cd176740eac939f216a574964bee,indhushankar/JMeter_Customization,src/functions/src/main/java/org/apache/jmeter/functions/ChangeCase.java,jvm,1,0
e8be4016d631cd176740eac939f216a574964bee,indhushankar/JMeter_Customization,src/functions/src/main/java/org/apache/jmeter/functions/DigestEncodeFunction.java,jvm,1,0
e8be4016d631cd176740eac939f216a574964bee,indhushankar/JMeter_Customization,src/functions/src/main/java/org/apache/jmeter/functions/LogFunction.java,jvm,1,0
e8be4016d631cd176740eac939f216a574964bee,indhushankar/JMeter_Customization,src/functions/src/main/java/org/apache/jmeter/functions/StringToFile.java,jvm,1,0
e8be4016d631cd176740eac939f216a574964bee,indhushankar/JMeter_Customization,src/jorphan/src/test/java/org/apache/jorphan/gui/ObjectTableModelTest.java,jvm,1,0
e8be4016d631cd176740eac939f216a574964bee,indhushankar/JMeter_Customization,src/protocol/http/src/main/java/org/apache/jmeter/protocol/http/curl/BasicCurlParser.java,jvm,1,0
e8be4016d631cd176740eac939f216a574964bee,indhushankar/JMeter_Customization,src/protocol/http/src/main/java/org/apache/jmeter/protocol/http/parser/JsoupBasedHtmlParser.java,jvm,1,0
e927718b992014f57551be62dab31d86c9a8ffb7,NuGet/NuGetGallery,src/NuGetGallery.Services/Authentication/ApiKeyV4.cs,dotnet,1,2
eaabd39cb2f41d08110a34fd012c17d3e111b49a,zengmo20224/PetCare,src/main/java/com/petcare/user/service/impl/PetApplicationServiceImpl.java,jvm,1,0
eb133af7a89dafb6a5bd31fea8e2e65a7e5cbc37,bisq-network/bisq2,apps/desktop/desktop/src/main/java/bisq/desktop/main/content/bisq_easy/open_trades/trade_state/states/BuyerState1a.java,jvm,1,0
eb133af7a89dafb6a5bd31fea8e2e65a7e5cbc37,bisq-network/bisq2,apps/desktop/desktop/src/main/java/bisq/desktop/main/content/chat/message_container/list/ReactionItem.java,jvm,1,0
eb133af7a89dafb6a5bd31fea8e2e65a7e5cbc37,bisq-network/bisq2,apps/desktop/desktop/src/main/java/bisq/desktop/main/content/chat/message_container/list/message_box/MyOfferMessageBox.java,jvm,1,0
eb133af7a89dafb6a5bd31fea8e2e65a7e5cbc37,bisq-network/bisq2,apps/desktop/desktop/src/main/java/bisq/desktop/main/content/components/MarketImageComposition.java,jvm,1,2
eb133af7a89dafb6a5bd31fea8e2e65a7e5cbc37,bisq-network/bisq2,apps/desktop/desktop/src/main/java/bisq/desktop/main/content/mu_sig/MuSigOfferListItem.java,jvm,1,0
eb133af7a89dafb6a5bd31fea8e2e65a7e5cbc37,bisq-network/bisq2,apps/desktop/desktop/src/main/java/bisq/desktop/main/content/mu_sig/create_offer/direction_and_market/MuSigCreateOfferDirectionAndMarketView.java,jvm,1,1
eb133af7a89dafb6a5bd31fea8e2e65a7e5cbc37,bisq-network/bisq2,apps/desktop/desktop/src/main/java/bisq/desktop/main/content/mu_sig/offerbook/MuSigOfferbookController.java,jvm,1,6
eb133af7a89dafb6a5bd31fea8e2e65a7e5cbc37,bisq-network/bisq2,apps/desktop/desktop/src/main/java/bisq/desktop/main/content/trade_apps/overview/ProtocolListItem.java,jvm,1,0
eb133af7a89dafb6a5bd31fea8e2e65a7e5cbc37,bisq-network/bisq2,bonded-roles/src/main/java/bisq/bonded_roles/market_price/MarketPriceRequestService.java,jvm,1,0
eb133af7a89dafb6a5bd31fea8e2e65a7e5cbc37,bisq-network/bisq2,chat/src/main/java/bisq/chat/ChatChannelSelectionService.java,jvm,1,0
eb133af7a89dafb6a5bd31fea8e2e65a7e5cbc37,bisq-network/bisq2,chat/src/main/java/bisq/chat/bisq_easy/offerbook/BisqEasyOfferbookChannel.java,jvm,1,0
eb133af7a89dafb6a5bd31fea8e2e65a7e5cbc37,bisq-network/bisq2,chat/src/main/java/bisq/chat/bisq_easy/open_trades/BisqEasyOpenTradeChannel.java,jvm,1,0
eb133af7a89dafb6a5bd31fea8e2e65a7e5cbc37,bisq-network/bisq2,chat/src/main/java/bisq/chat/common/CommonPublicChatChannel.java,jvm,1,0
eb133af7a89dafb6a5bd31fea8e2e65a7e5cbc37,bisq-network/bisq2,chat/src/main/java/bisq/chat/common/CommonPublicChatChannelService.java,jvm,1,0
eb133af7a89dafb6a5bd31fea8e2e65a7e5cbc37,bisq-network/bisq2,chat/src/main/java/bisq/chat/common/SubDomain.java,jvm,1,0
eb133af7a89dafb6a5bd31fea8e2e65a7e5cbc37,bisq-network/bisq2,chat/src/main/java/bisq/chat/mu_sig/open_trades/MuSigOpenTradeChannel.java,jvm,1,0
eb133af7a89dafb6a5bd31fea8e2e65a7e5cbc37,bisq-network/bisq2,chat/src/main/java/bisq/chat/two_party/TwoPartyPrivateChatChannel.java,jvm,1,0
eb133af7a89dafb6a5bd31fea8e2e65a7e5cbc37,bisq-network/bisq2,chat/src/main/java/bisq/chat/two_party/TwoPartyPrivateChatChannelService.java,jvm,1,0
eb133af7a89dafb6a5bd31fea8e2e65a7e5cbc37,bisq-network/bisq2,common/src/main/java/bisq/common/asset/FiatCurrencyRepository.java,jvm,1,0
eb133af7a89dafb6a5bd31fea8e2e65a7e5cbc37,bisq-network/bisq2,common/src/main/java/bisq/common/encoding/BitcoinURIScheme.java,jvm,1,0
eb133af7a89dafb6a5bd31fea8e2e65a7e5cbc37,bisq-network/bisq2,common/src/main/java/bisq/common/encoding/Hex.java,jvm,1,0
eb133af7a89dafb6a5bd31fea8e2e65a7e5cbc37,bisq-network/bisq2,common/src/main/java/bisq/common/util/TextFormatterUtils.java,jvm,1,0
eb133af7a89dafb6a5bd31fea8e2e65a7e5cbc37,bisq-network/bisq2,common/src/main/java/bisq/common/validation/SepaPaymentAccountValidation.java,jvm,1,0
eb133af7a89dafb6a5bd31fea8e2e65a7e5cbc37,bisq-network/bisq2,http-api/src/main/java/bisq/http_api/rest_api/domain/offers/OfferbookRestApi.java,jvm,1,0
eb133af7a89dafb6a5bd31fea8e2e65a7e5cbc37,bisq-network/bisq2,network/network/src/main/java/bisq/network/NetworkServiceConfig.java,jvm,1,0
eb133af7a89dafb6a5bd31fea8e2e65a7e5cbc37,bisq-network/bisq2,network/network/src/main/java/bisq/network/p2p/services/peer_group/PeerGroupService.java,jvm,1,0
eb133af7a89dafb6a5bd31fea8e2e65a7e5cbc37,bisq-network/bisq2,offer/src/main/java/bisq/offer/Direction.java,jvm,1,0
eb133af7a89dafb6a5bd31fea8e2e65a7e5cbc37,bisq-network/bisq2,security/src/main/java/bisq/security/keys/TorKeyGeneration.java,jvm,1,0
eb133af7a89dafb6a5bd31fea8e2e65a7e5cbc37,bisq-network/bisq2,security/src/main/java/bisq/security/keys/TorKeyUtils.java,jvm,1,0
eb133af7a89dafb6a5bd31fea8e2e65a7e5cbc37,bisq-network/bisq2,security/src/test/java/bisq/security/PgPUtilsTest.java,jvm,1,0
eb39ecca552a3d7aa128706762c3d78050f57c21,annapogorelova/newsparser,backend/newsparser.feedparser/Services/RssParser.cs,dotnet,1,0
ebe403c76d866b63bb60fb2c4b9396bf284c8166,arakelian/jackson-utils,src/main/java/com/arakelian/jackson/databind/EnumUppercaseDeserializerModifier.java,jvm,1,0
ecf73e17a0ebac14a0a1d95f7de364fa4f747d80,RaphaelSchuhmann/Mockra,src/main/java/com/mockra/api/util/RequestContext.java,jvm,1,0
edfd7c73450108ed3ded7a61d8fde9e51d600d72,bfren/jeebs,tests/Tests.Jeebs.Mvc/_/TempDataDictionaryExtensions/GetAlerts_Tests.cs,dotnet,1,0
edfd7c73450108ed3ded7a61d8fde9e51d600d72,bfren/jeebs,tests/Tests.Jeebs.Mvc/_/TempDataDictionaryExtensions/_Setup.cs,dotnet,1,0
ee13050bf4e01e2797a3e22c48dbe45e672dee6d,maximilien-noal/AmpShell,Games/DOSBoxConfigFile.cs,dotnet,1,0
ee5ff152d0fe04c668f4d78e0714fb5d591d2054,Willicious/SuperLemmixEditor,SLXEditor/FileParser.cs,dotnet,1,0
ee5ff152d0fe04c668f4d78e0714fb5d591d2054,Willicious/SuperLemmixEditor,SLXEditor/FormPieceSearch.cs,dotnet,1,0
ee5ff152d0fe04c668f4d78e0714fb5d591d2054,Willicious/SuperLemmixEditor,SLXEditor/LevelFile.cs,dotnet,1,0
ee5ff152d0fe04c668f4d78e0714fb5d591d2054,Willicious/SuperLemmixEditor,SLXEditor/LoadStylesFromFile.cs,dotnet,1,0
ee5ff152d0fe04c668f4d78e0714fb5d591d2054,Willicious/SuperLemmixEditor,SLXEditor/SLXEditFormMethods.cs,dotnet,1,0
ee5ff152d0fe04c668f4d78e0714fb5d591d2054,Willicious/SuperLemmixEditor,SLXEditor/Settings.cs,dotnet,1,0
eed61e28065ccc7b6e53ae6ba0c7b450ddabbac4,jzhang522/care-compass,TeamYellow/Views/Plan/Index.cshtml,dotnet,1,0
efc121b7a805a2f4375d27da52398388571ba234,palantir/baseline-error-prone,baseline-error-prone/src/main/java/com/palantir/baseline/errorprone/ImmutablesBuilderMissingInitialization.java,jvm,1,0
efd1aa3ce1e4f3904e27bf39e8326ff38922e0e0,langchain4j/langchain4j,langchain4j-agentic-patterns/src/main/java/dev/langchain4j/agentic/patterns/debate/ConvergenceStrategy.java,jvm,1,0
f083092d5fdac37c93493945ab0c05ecdcdbc838,box/box-java-sdk,src/main/java/com/box/sdk/BoxAIItem.java,jvm,1,0
f083092d5fdac37c93493945ab0c05ecdcdbc838,box/box-java-sdk,src/main/java/com/box/sdk/BoxAPIResponse.java,jvm,1,0
f083092d5fdac37c93493945ab0c05ecdcdbc838,box/box-java-sdk,src/main/java/com/box/sdk/BoxCollaboration.java,jvm,1,0
f083092d5fdac37c93493945ab0c05ecdcdbc838,box/box-java-sdk,src/main/java/com/box/sdk/BoxCollaborator.java,jvm,1,0
f083092d5fdac37c93493945ab0c05ecdcdbc838,box/box-java-sdk,src/main/java/com/box/sdk/BoxFile.java,jvm,1,0
f083092d5fdac37c93493945ab0c05ecdcdbc838,box/box-java-sdk,src/main/java/com/box/sdk/BoxFileRequest.java,jvm,1,0
f083092d5fdac37c93493945ab0c05ecdcdbc838,box/box-java-sdk,src/main/java/com/box/sdk/BoxFolder.java,jvm,1,0
f083092d5fdac37c93493945ab0c05ecdcdbc838,box/box-java-sdk,src/main/java/com/box/sdk/BoxGroupMembership.java,jvm,1,0
f083092d5fdac37c93493945ab0c05ecdcdbc838,box/box-java-sdk,src/main/java/com/box/sdk/BoxSensitiveDataSanitizer.java,jvm,1,0
f083092d5fdac37c93493945ab0c05ecdcdbc838,box/box-java-sdk,src/main/java/com/box/sdk/BoxSharedLink.java,jvm,1,0
f083092d5fdac37c93493945ab0c05ecdcdbc838,box/box-java-sdk,src/main/java/com/box/sdk/BoxUploadEmail.java,jvm,1,0
f083092d5fdac37c93493945ab0c05ecdcdbc838,box/box-java-sdk,src/main/java/com/box/sdk/BoxUser.java,jvm,1,0
f083092d5fdac37c93493945ab0c05ecdcdbc838,box/box-java-sdk,src/main/java/com/box/sdk/BoxZipDownloadStatus.java,jvm,1,0
f083092d5fdac37c93493945ab0c05ecdcdbc838,box/box-java-sdk,src/main/java/com/box/sdk/MetadataQuery.java,jvm,1,0
f083092d5fdac37c93493945ab0c05ecdcdbc838,box/box-java-sdk,src/main/java/com/box/sdk/RetentionPolicyParams.java,jvm,1,0
f083092d5fdac37c93493945ab0c05ecdcdbc838,box/box-java-sdk,src/main/java/com/box/sdk/internal/utils/JsonUtils.java,jvm,1,0
f083092d5fdac37c93493945ab0c05ecdcdbc838,box/box-java-sdk,src/test/java/com/box/sdk/BoxTaskTest.java,jvm,1,0
f0836c3e63511f373d5f8bd3eca816ed2f8475eb,snushi/abp,modules/identity/src/Volo.Abp.Identity.EntityFrameworkCore/Volo/Abp/Identity/EntityFrameworkCore/EfCoreIdentityUserRepository.cs,dotnet,1,0
f2633ea202626c6c79be0d27ac7d8b387bb31dae,MatterHackers/agg-sharp,PolygonMesh/Processors/StlProcessing.cs,dotnet,1,0
f3fae70998969666b0373ac3821833e165c910ec,Credenxia/NumbatWallet,src/NumbatWallet.Domain/Specifications/PersonSpecifications.cs,dotnet,1,0
f5363a8ed73cdb523f90b272b3e25d5098eb4ba5,CloudNetService/CloudNet,launcher/java17/src/main/java/eu/cloudnetservice/launcher/java17/cnl/CnlInterpreter.java,jvm,1,0
f550b85e83a87fb092944119795cf85a397e9986,OtterMind/Nubase,src/main/java/ai/nubase/auth/service/PlatformAuthService.java,jvm,1,0
f84e0acbf8980984d7fd86a592e1a051e71ff54e,azrazalea/Veil-of-Ages,entities/building/Building.cs,dotnet,1,0
f84e0acbf8980984d7fd86a592e1a051e71ff54e,azrazalea/Veil-of-Ages,entities/building/BuildingTemplate.cs,dotnet,1,0
f84e0acbf8980984d7fd86a592e1a051e71ff54e,azrazalea/Veil-of-Ages,entities/building/BuildingTile.cs,dotnet,1,0
f84e0acbf8980984d7fd86a592e1a051e71ff54e,azrazalea/Veil-of-Ages,entities/building/TileAtlasSourceDefinition.cs,dotnet,1,0
f84e0acbf8980984d7fd86a592e1a051e71ff54e,azrazalea/Veil-of-Ages,world/generation/VillageGenerator.cs,dotnet,1,0
f8714acbbbdc7ceaac95c8a952f71b374cddfaec,josepho0918/trim_tail_cs,TrimTail/Program.cs,dotnet,1,0
f92a6a5602ae837c25b7c16647f4add366d9ab41,tronprotocol/java-tron,actuator/src/main/java/org/tron/core/actuator/AssetIssueActuator.java,jvm,1,0
f92a6a5602ae837c25b7c16647f4add366d9ab41,tronprotocol/java-tron,chainbase/src/main/java/org/tron/core/db/TronDatabase.java,jvm,1,0
f92a6a5602ae837c25b7c16647f4add366d9ab41,tronprotocol/java-tron,chainbase/src/main/java/org/tron/core/db/TronStoreWithRevoking.java,jvm,1,0
f92a6a5602ae837c25b7c16647f4add366d9ab41,tronprotocol/java-tron,chainbase/src/main/java/org/tron/core/db2/common/TxCacheDB.java,jvm,1,0
f92a6a5602ae837c25b7c16647f4add366d9ab41,tronprotocol/java-tron,chainbase/src/main/java/org/tron/core/store/AccountIdIndexStore.java,jvm,1,0
f92a6a5602ae837c25b7c16647f4add366d9ab41,tronprotocol/java-tron,common/src/main/java/org/tron/common/args/Account.java,jvm,1,0
f92a6a5602ae837c25b7c16647f4add366d9ab41,tronprotocol/java-tron,common/src/main/java/org/tron/common/runtime/vm/DataWord.java,jvm,1,0
f92a6a5602ae837c25b7c16647f4add366d9ab41,tronprotocol/java-tron,framework/src/main/java/org/tron/core/config/args/Args.java,jvm,1,0
f92a6a5602ae837c25b7c16647f4add366d9ab41,tronprotocol/java-tron,framework/src/main/java/org/tron/core/services/filter/HttpApiAccessFilter.java,jvm,1,0
f92a6a5602ae837c25b7c16647f4add366d9ab41,tronprotocol/java-tron,framework/src/main/java/org/tron/core/services/http/Util.java,jvm,1,0
f92a6a5602ae837c25b7c16647f4add366d9ab41,tronprotocol/java-tron,framework/src/main/java/org/tron/core/services/ratelimiter/RpcApiAccessInterceptor.java,jvm,1,0
f92a6a5602ae837c25b7c16647f4add366d9ab41,tronprotocol/java-tron,framework/src/main/java/org/tron/program/KeystoreFactory.java,jvm,1,0
f92a6a5602ae837c25b7c16647f4add366d9ab41,tronprotocol/java-tron,framework/src/test/java/org/tron/common/cron/CronExpressionTest.java,jvm,1,0
f92a6a5602ae837c25b7c16647f4add366d9ab41,tronprotocol/java-tron,framework/src/test/java/org/tron/common/crypto/SM2KeyTest.java,jvm,1,0
f92a6a5602ae837c25b7c16647f4add366d9ab41,tronprotocol/java-tron,framework/src/test/java/org/tron/common/runtime/vm/BytecodeCompiler.java,jvm,1,0
f92a6a5602ae837c25b7c16647f4add366d9ab41,tronprotocol/java-tron,framework/src/test/java/org/tron/common/runtime/vm/OperationsTest.java,jvm,1,0
f92a6a5602ae837c25b7c16647f4add366d9ab41,tronprotocol/java-tron,framework/src/test/java/org/tron/common/utils/client/utils/DataWord.java,jvm,1,0
f92a6a5602ae837c25b7c16647f4add366d9ab41,tronprotocol/java-tron,framework/src/test/java/org/tron/core/zksnark/ShieldedReceiveTest.java,jvm,1,0
f92a6a5602ae837c25b7c16647f4add366d9ab41,tronprotocol/java-tron,framework/src/test/java/org/tron/keystore/WalletUtilsWriteTest.java,jvm,1,0
f92a6a5602ae837c25b7c16647f4add366d9ab41,tronprotocol/java-tron,platform/src/main/java/common/org/tron/common/arch/Arch.java,jvm,1,0
f92a6a5602ae837c25b7c16647f4add366d9ab41,tronprotocol/java-tron,plugins/src/test/java/org/tron/plugins/KeystoreCliUtilsTest.java,jvm,1,0
f92a6a5602ae837c25b7c16647f4add366d9ab41,tronprotocol/java-tron,plugins/src/test/java/org/tron/plugins/KeystoreImportTest.java,jvm,1,0
f92a6a5602ae837c25b7c16647f4add366d9ab41,tronprotocol/java-tron,plugins/src/test/java/org/tron/plugins/KeystoreListTest.java,jvm,1,0
f92a6a5602ae837c25b7c16647f4add366d9ab41,tronprotocol/java-tron,plugins/src/test/java/org/tron/plugins/KeystoreNewTest.java,jvm,1,0
f92a6a5602ae837c25b7c16647f4add366d9ab41,tronprotocol/java-tron,plugins/src/test/java/org/tron/plugins/KeystoreUpdateTest.java,jvm,1,0
f96ac2f0144cd7bb9d4735c11c1a41b176c14d68,neo4j/neo4j,community/bolt/src/main/java/org/neo4j/bolt/protocol/common/message/notifications/SelectiveNotificationsConfig.java,jvm,1,0
f96ac2f0144cd7bb9d4735c11c1a41b176c14d68,neo4j/neo4j,community/bolt/src/main/java/org/neo4j/bolt/protocol/v40/fsm/state/ConnectedState.java,jvm,1,0
f96ac2f0144cd7bb9d4735c11c1a41b176c14d68,neo4j/neo4j,community/bolt/src/main/java/org/neo4j/bolt/protocol/v51/fsm/state/AuthenticationState.java,jvm,1,0
f96ac2f0144cd7bb9d4735c11c1a41b176c14d68,neo4j/neo4j,community/csv/src/main/java/org/neo4j/csv/reader/Extractors.java,jvm,1,0
f96ac2f0144cd7bb9d4735c11c1a41b176c14d68,neo4j/neo4j,community/cypher-shell/cypher-shell/src/main/java/org/neo4j/shell/cli/CliArgHelper.java,jvm,1,0
f96ac2f0144cd7bb9d4735c11c1a41b176c14d68,neo4j/neo4j,community/cypher-shell/cypher-shell/src/main/java/org/neo4j/shell/log/Logger.java,jvm,1,0
f96ac2f0144cd7bb9d4735c11c1a41b176c14d68,neo4j/neo4j,community/cypher-shell/cypher-shell/src/main/java/org/neo4j/shell/prettyprint/OutputFormatter.java,jvm,1,0
f96ac2f0144cd7bb9d4735c11c1a41b176c14d68,neo4j/neo4j,community/cypher-shell/cypher-shell/src/main/java/org/neo4j/shell/system/Utils.java,jvm,1,0
f96ac2f0144cd7bb9d4735c11c1a41b176c14d68,neo4j/neo4j,community/cypher/cypher/src/main/scala/org/neo4j/cypher/internal/AliasMapSettingsEvaluator.scala,jvm,1,0
f96ac2f0144cd7bb9d4735c11c1a41b176c14d68,neo4j/neo4j,community/cypher/cypher/src/main/scala/org/neo4j/cypher/internal/OptionsConverter.scala,jvm,1,0
f96ac2f0144cd7bb9d4735c11c1a41b176c14d68,neo4j/neo4j,community/cypher/runtime-util/src/main/java/org/neo4j/cypher/operations/CypherFunctions.java,jvm,1,0
f96ac2f0144cd7bb9d4735c11c1a41b176c14d68,neo4j/neo4j,community/data-collector/src/main/java/org/neo4j/internal/collector/DataCollectorProcedures.java,jvm,1,0
f96ac2f0144cd7bb9d4735c11c1a41b176c14d68,neo4j/neo4j,community/import-tool/src/main/java/org/neo4j/importer/ImportCommand.java,jvm,1,1
f96ac2f0144cd7bb9d4735c11c1a41b176c14d68,neo4j/neo4j,community/import-util/src/main/java/org/neo4j/internal/batchimport/input/csv/DataFactories.java,jvm,1,0
f96ac2f0144cd7bb9d4735c11c1a41b176c14d68,neo4j/neo4j,community/kernel-test-utils/src/main/java/org/neo4j/test/arguments/KernelVersionArgumentsProvider.java,jvm,1,0
f96ac2f0144cd7bb9d4735c11c1a41b176c14d68,neo4j/neo4j,community/kernel/src/main/java/org/neo4j/kernel/impl/transaction/log/checkpoint/CheckPointThreshold.java,jvm,1,0
f96ac2f0144cd7bb9d4735c11c1a41b176c14d68,neo4j/neo4j,community/procedure/src/main/java/org/neo4j/procedure/impl/ProcedureHolder.java,jvm,1,0
f96ac2f0144cd7bb9d4735c11c1a41b176c14d68,neo4j/neo4j,community/procedure/src/main/java/org/neo4j/procedure/impl/temporal/TemporalFunction.java,jvm,1,0
f96ac2f0144cd7bb9d4735c11c1a41b176c14d68,neo4j/neo4j,community/server/src/main/java/org/neo4j/server/web/HttpHeaderUtils.java,jvm,1,0
f96ac2f0144cd7bb9d4735c11c1a41b176c14d68,neo4j/neo4j,community/values/src/main/java/org/neo4j/values/storable/CRSTable.java,jvm,1,0
f96ac2f0144cd7bb9d4735c11c1a41b176c14d68,neo4j/neo4j,community/values/src/main/java/org/neo4j/values/storable/CoordinateReferenceSystem.java,jvm,1,0
f96ac2f0144cd7bb9d4735c11c1a41b176c14d68,neo4j/neo4j,community/values/src/main/java/org/neo4j/values/storable/DurationBuilder.java,jvm,1,0
f96ac2f0144cd7bb9d4735c11c1a41b176c14d68,neo4j/neo4j,community/values/src/main/java/org/neo4j/values/storable/DurationFields.java,jvm,1,0
f96ac2f0144cd7bb9d4735c11c1a41b176c14d68,neo4j/neo4j,community/values/src/main/java/org/neo4j/values/storable/PointFields.java,jvm,1,0
f96ac2f0144cd7bb9d4735c11c1a41b176c14d68,neo4j/neo4j,community/values/src/main/java/org/neo4j/values/storable/PointValue.java,jvm,1,0
f96ac2f0144cd7bb9d4735c11c1a41b176c14d68,neo4j/neo4j,community/values/src/main/java/org/neo4j/values/storable/TemporalValue.java,jvm,1,0
fb90341457f1489574056a9dc76c7aa130f3f3eb,mosa/MOSA-Project,Source/Mosa.Compiler.Common/Configuration/Property.cs,dotnet,1,0
fb90341457f1489574056a9dc76c7aa130f3f3eb,mosa/MOSA-Project,Source/Mosa.Compiler.Common/StringExtension.cs,dotnet,1,0
fb90341457f1489574056a9dc76c7aa130f3f3eb,mosa/MOSA-Project,Source/Mosa.Compiler.Framework/Linker/MosaLinker.cs,dotnet,1,0
fb90341457f1489574056a9dc76c7aa130f3f3eb,mosa/MOSA-Project,Source/Mosa.Platform.x64/Architecture.cs,dotnet,1,0
fb90341457f1489574056a9dc76c7aa130f3f3eb,mosa/MOSA-Project,Source/Mosa.Platform.x86/Architecture.cs,dotnet,1,0
fb90341457f1489574056a9dc76c7aa130f3f3eb,mosa/MOSA-Project,Source/Mosa.Tool.Debugger/MainForm.cs,dotnet,1,0
fb90341457f1489574056a9dc76c7aa130f3f3eb,mosa/MOSA-Project,Source/Mosa.Tool.Debugger/Views/MethodParametersView.cs,dotnet,1,0
fb90341457f1489574056a9dc76c7aa130f3f3eb,mosa/MOSA-Project,Source/Mosa.Tool.Debugger/Views/StackFrameView.cs,dotnet,1,0
fb90341457f1489574056a9dc76c7aa130f3f3eb,mosa/MOSA-Project,Source/Mosa.Tool.Explorer/MainForm.cs,dotnet,1,0
fb90341457f1489574056a9dc76c7aa130f3f3eb,mosa/MOSA-Project,Source/Mosa.Tool.Launcher/MainForm.cs,dotnet,1,0
fb90341457f1489574056a9dc76c7aa130f3f3eb,mosa/MOSA-Project,Source/Mosa.Utility.BootImage/Generator.cs,dotnet,1,0
fb90341457f1489574056a9dc76c7aa130f3f3eb,mosa/MOSA-Project,Source/Mosa.Utility.BootImage/Syslinux.cs,dotnet,1,0
fb90341457f1489574056a9dc76c7aa130f3f3eb,mosa/MOSA-Project,Source/Mosa.Utility.Disassembler/Disassembler.cs,dotnet,1,0
fb90341457f1489574056a9dc76c7aa130f3f3eb,mosa/MOSA-Project,Source/Mosa.Utility.Launcher/BaseLauncher.cs,dotnet,1,0
fb90341457f1489574056a9dc76c7aa130f3f3eb,mosa/MOSA-Project,Source/Mosa.Utility.Launcher/CheckOptions.cs,dotnet,1,0
fb90341457f1489574056a9dc76c7aa130f3f3eb,mosa/MOSA-Project,Source/Mosa.Utility.SourceCodeGenerator/BuildCommonInstructionFiles.cs,dotnet,1,0
fb90341457f1489574056a9dc76c7aa130f3f3eb,mosa/MOSA-Project,Source/Mosa.Utility.SourceCodeGenerator/TransformExpressions/InstructionParser.cs,dotnet,1,0
fb90341457f1489574056a9dc76c7aa130f3f3eb,mosa/MOSA-Project,Source/Mosa.Utility.UnitTests/UnitTestEngine.cs,dotnet,1,0
fb90341457f1489574056a9dc76c7aa130f3f3eb,mosa/MOSA-Project,Source/Mosa.Workspace.FileSystem.Debug/Program.cs,dotnet,1,0
fbe487c21a43d1b13f993080d089db84442c698d,eclipse-platform/eclipse.platform.ui,bundles/org.eclipse.jface/src/org/eclipse/jface/bindings/keys/KeyStroke.java,jvm,1,0
fbe487c21a43d1b13f993080d089db84442c698d,eclipse-platform/eclipse.platform.ui,bundles/org.eclipse.ui.workbench/Eclipse UI/org/eclipse/ui/internal/keys/BindingPersistence.java,jvm,1,1
fbe487c21a43d1b13f993080d089db84442c698d,eclipse-platform/eclipse.platform.ui,bundles/org.eclipse.ui.workbench/Eclipse UI/org/eclipse/ui/keys/KeyStroke.java,jvm,1,0
fc917b8c1e8f4a3826e1c81bd21491913f066f81,Zechiax/Modrinth.Net,src/Modrinth.Net/Endpoints/Project/ProjectEndpoint.cs,dotnet,1,0
fc917b8c1e8f4a3826e1c81bd21491913f066f81,Zechiax/Modrinth.Net,src/Modrinth.Net/Endpoints/Version/VersionEndpoint.cs,dotnet,1,0
fc917b8c1e8f4a3826e1c81bd21491913f066f81,Zechiax/Modrinth.Net,src/Modrinth.Net/Endpoints/VersionFile/VersionFileEndpoint.cs,dotnet,1,0
fc917b8c1e8f4a3826e1c81bd21491913f066f81,Zechiax/Modrinth.Net,src/Modrinth.Net/Extensions/ProjectTypeExtensions.cs,dotnet,1,0
fdc5dd8091582490d5a5f5056c10f7b54a59d8be,Phoenix616/ResourcepacksPlugins,bungee/src/main/java/de/themoep/resourcepacksplugin/bungee/BungeeResourcepacks.java,jvm,1,2
fdc5dd8091582490d5a5f5056c10f7b54a59d8be,Phoenix616/ResourcepacksPlugins,bungee/src/main/java/de/themoep/resourcepacksplugin/bungee/packets/ResourcePackSendPacket.java,jvm,1,0
fdc5dd8091582490d5a5f5056c10f7b54a59d8be,Phoenix616/ResourcepacksPlugins,core/src/main/java/de/themoep/resourcepacksplugin/core/MinecraftVersion.java,jvm,1,1
fdc5dd8091582490d5a5f5056c10f7b54a59d8be,Phoenix616/ResourcepacksPlugins,core/src/main/java/de/themoep/resourcepacksplugin/core/PackAssignment.java,jvm,1,0
fdc5dd8091582490d5a5f5056c10f7b54a59d8be,Phoenix616/ResourcepacksPlugins,core/src/main/java/de/themoep/resourcepacksplugin/core/PackManager.java,jvm,1,0
fdc5dd8091582490d5a5f5056c10f7b54a59d8be,Phoenix616/ResourcepacksPlugins,core/src/main/java/de/themoep/resourcepacksplugin/core/ResourcePack.java,jvm,1,0
fdc5dd8091582490d5a5f5056c10f7b54a59d8be,Phoenix616/ResourcepacksPlugins,core/src/main/java/de/themoep/resourcepacksplugin/core/commands/PluginCommandExecutor.java,jvm,1,0
fdc5dd8091582490d5a5f5056c10f7b54a59d8be,Phoenix616/ResourcepacksPlugins,core/src/main/java/de/themoep/resourcepacksplugin/core/commands/ResourcepacksPluginCommandExecutor.java,jvm,1,0
feceaa1747f696e911e41781c2a1c82390972e0f,sb11-otboo-team3/sb11-otboo-team3,src/main/java/com/otboo/domain/auth/service/AuthService.java,jvm,1,0
feceaa1747f696e911e41781c2a1c82390972e0f,sb11-otboo-team3/sb11-otboo-team3,src/main/java/com/otboo/domain/user/service/UserService.java,jvm,1,1
fedd38a8e2d4425e68ed24b1c019593c134bd8b4,unoplatform/uno,src/Uno.UI.RemoteControl/RemoteControlClient.cs,dotnet,1,0
fedd38a8e2d4425e68ed24b1c019593c134bd8b4,unoplatform/uno,src/Uno.UI/UI/Xaml/Controls/PersonPicture/InitialsGenerator.cs,dotnet,1,0
fedd38a8e2d4425e68ed24b1c019593c134bd8b4,unoplatform/uno,src/Uno.UWPSyncGenerator/SyncGenerator.cs,dotnet,1,0
fefb2daab589228bc0c665fc997c77f04656413b,Exellion/Binance.Net,BinanceAPI/Models/StreamNameInfo/BinanceSymbolStreamNameInfo.cs,dotnet,1,0
ff319faef3e4d1588d48469dc7455ade76e50afb,auraecosystem/Lsp-pk1,pkl-core/src/main/java/org/pkl/core/http/RequestRewritingClient.java,jvm,1,0
